amendment_id,assembly_id,target_label,target_url,text,n_sponsors,source_ids
AMD-e0e141cd8c4e,NCA-2011,l'article 60,/fr/constitution/3/article/60,"Ajout d'un paragraphe à l'article 60: Pour protéger les droits des électeurs, le député perd son mandat s’il change de parti ou s’il est viré de son parti ou s’il était élu comme indépendant et intègre un parti après son élection.",22,MARSAD_ANC
AMD-88f8708ba94d,NCA-2011,Préambule,/fr/constitution/3/article/0,"Ajout de la date du début de la révolution, le 17 Décembre 2010, au deuxième paragraphe du préambule: Fiers des luttes de notre peuple pour l’indépendance, pour l’édification de l’État, pour l’émancipation du joug de la tyrannie, pour l’affirmation de sa libre volonté et pour la réalisation des objectifs de la révolution de la liberté et de la dignité qui a éclaté le 17 Décembre 2010 à Sidi Bouzid ...",15,MARSAD_ANC
AMD-b74fedc4e21d,NCA-2011,l'article 94,/fr/constitution/3/article/94,"Ajout d'un article avant l'article 94: ""Le gouvernement s’engage et s’oblige à orienter les investissements du secteur public dans ce qui répond à l’intérêt général.""",28,MARSAD_ANC
AMD-2247a8797ae5,NCA-2011,l'article 139,/fr/constitution/3/article/139,"Texte de l'article proposé - suivant l'article 139: Dans le cadre du développement, les régions intérieures bénéficient des avantages de développement pendant 20 ans et cela pour:",29,MARSAD_ANC
AMD-4d959ab8b418,NCA-2011,l'article 127,/fr/constitution/3/article/127,"Avant l'article 127 - Proposition d'ajout d'une section relative au Conseil S upérieur de l'Education, de la Formation et de la Recherche Scientifique: L'instance se charge de donner son avis sur les politiques publiques et les questions nationales relatives à l'éducation, à la formation et à la recherche scientifique. Elle se charge également d'évaluer le rendement du système éducatif et de formation en termes de résultats, programmes, choix et approches. Le conseil est obligatoirement consulté pour les projets de lois relatifs à son domaine.",30,MARSAD_ANC
AMD-da7d07ce97f3,NCA-2011,l'article 102,/fr/constitution/3/article/102,"Texte d'article proposé: “Le métier d’avocat est un métier libre, indépendant, qui participe à la réalisation de la justice et la défense des droits et libertés. L’avocat bénéficie des garanties légales qui lui assure sa protection et lui permet l’exercice de ses fonctions.”",30,MARSAD_ANC
AMD-778d07d0b84d,NCA-2011,l'article 108,/fr/constitution/3/article/108,Remplacer “sans motif légal” par “sans autorisation juridique”.,15,MARSAD_ANC
AMD-d1b0f8b9c017,NCA-2011,l'article 29,/fr/constitution/3/article/29,"Ajout d'un paragraphe à l'article 29: Le détenu a le droit de retourner à son travail après avoir purgé sa peine, sauf décision juridique.",14,MARSAD_ANC
AMD-3d42990e4162,NCA-2011,l'article 125,/fr/constitution/3/article/125,"Entre la troisième et la quatrième section - Proposition d'ajout d'une section relative au Conseil Supérieur de l'Immigration: Une instance dont la mission consiste à donner son avis sur les politiques de l'Etat relatives aux affaires des ressortissants tunisiens à l'étranger, dans le but de protéger leurs droits et intérêts, dans le cadre du respect de la coopération internationale et les lois en vigueur dans les pays d'accueil, ainsi que de renforcer les liens et les relations avec l'identité nationale. L'instance se charge également d'évaluer le rendement des organisations, des institutions et des institutions publiques liées à l'immigration. L'instance est obligatoirement consultée pour les projets de lois relatifs à son domaine.",30,MARSAD_ANC
AMD-5e915def50f9,NCA-2011,l'article 39,/fr/constitution/3/article/39,Ajout d’un article: Le logement décent est un droit pour tout citoyen et l'Etat oeuvre pour le garantir.,28,MARSAD_ANC
AMD-93b4fd90dc5b,NCA-2011,l'article 73,/fr/constitution/3/article/73,Modification du deuxième paragraphe: L'âge pour se présenter à la présidence de la République est compris entre 35 et 75 ans.,15,MARSAD_ANC
AMD-567f50671d64,NCA-2011,Préambule,/fr/constitution/3/article/0,Amendement du deuxième paragraphe: Remplacer “afin d’accéder à l’indépendance et à…” par “et pour consacrer l’indépendance et la construction de l’Etat…”,14,MARSAD_ANC
AMD-0f4b98798c5d,NCA-2011,l'article 4,/fr/constitution/3/article/4,Amendement de l'article 4:,14,MARSAD_ANC
AMD-855e27bc8a31,NCA-2011,l'article 109,/fr/constitution/3/article/109,"Proposition d'amendement pour limiter le mandat des membres: Mandat unique de 6 ans. Changer ""Le Conseil Supérieur de la Magistrature"" par ""Le Conseil Supérieur du Pouvoir Juridictionnel"" dans tout le projet . ==> Partie retirée de l'amendement",21,MARSAD_ANC
AMD-12dcb7c3970f,NCA-2011,l'article 100,/fr/constitution/3/article/100,"Reformulation du dernier paragraphe: ""Le magistrat est indépendant. Il n’est soumis dans l'exercice de ses fonctions qu'à l'autorité de la loi.""",22,MARSAD_ANC
AMD-e8b5b0a45e5d,NCA-2011,l'article 19,/fr/constitution/3/article/19,Après l'article 19 - Ajout d’un article : “Tout traitement avec le sionisme ou l’entité sioniste est un crime puni par la loi”,19,MARSAD_ANC
AMD-35e955875057,NCA-2011,Préambule,/fr/constitution/3/article/0,"Ajout des termes ""Oppression et humiliation"" à la fin du deuxième paragraphe: Fiers des luttes de notre peuple pour l’indépendance, pour l’édification de l’État, pour l’émancipation du joug de la tyrannie, pour l’affirmation de sa libre volonté et pour la réalisation des objectifs de la révolution de la liberté et de la dignité. Fidèles au sang de nos vertueux martyrs, aux sacrifices des tunisiens et des tunisiennes au fil des générations, et pour rompre avec l’injustice, l’iniquité, la corruption, l'oppression et l'humiliation ;",6,MARSAD_ANC
AMD-491ab6830ee4,NCA-2011,Préambule,/fr/constitution/3/article/0,"Paragraphe 2: Enlever deux virgules dans le paragraphe, la première avant ""l’édification de l’État"" et la deuxième après ""nos vertueux martyrs""",13,MARSAD_ANC
AMD-dc2668cb4c79,NCA-2011,Préambule,/fr/constitution/3/article/0,"Amendement consensuel relatif au troisième paragraphe: ""Exprimant l’attachement de notre peuple aux enseignements de l’Islam..."" à la place de ""S’appuyant sur les enseignements de l’islam...""",2,MARSAD_ANC
AMD-ac527627dbf7,NCA-2011,Préambule,/fr/constitution/3/article/0,"Repositionnement de ""Au nom de Dieu"" avant le terme ""Préambule"" pour que ça soit l'introduction du texte de la constitution dans sa totalité.",17,MARSAD_ANC
AMD-43d565509511,NCA-2011,Préambule,/fr/constitution/3/article/0,"Paragraphe 5 du préambule: Suppression de deux virgules de la troisième ligne après l'expression ""en vue de soutenir l'union du Maghreb"" et de la quatrième ligne après l'expression ""et les peuples africains""",14,MARSAD_ANC
AMD-d0afb09a577f,NCA-2011,Préambule,/fr/constitution/3/article/0,Inclure le principe de la dignité de l’homme au début du préambule et le supprimer du début du 4ème paragraphe.,15,MARSAD_ANC
AMD-975588f13f13,NCA-2011,Préambule,/fr/constitution/3/article/0,"Amendement relatif au quatrième paragraphe: Réécrire la première phrase, en ajouter la suprématie de la constitution et de la souveraineté du peuple: … “un Etat civil intégrant la suprématie de la Constitution, la souveraineté du peuple et gouverné par le droit...”",14,MARSAD_ANC
AMD-ed33e3dfc852,NCA-2011,Préambule,/fr/constitution/3/article/0,Amendement relatif au cinquième paragraphe: Ajout de la lutte contre toutes les formes de colonialisme et de racisme et à leur tête le sionisme.,14,MARSAD_ANC
AMD-9bb15d784c8a,NCA-2011,Préambule,/fr/constitution/3/article/0,Amendement relatif au cinquième paragraphe: “Sur la base de la place qu'occupe l’être humain en tant qu'être digne et notre appartenance culturelle... Renforçant l'unité maghrébine... Soutenant notre appartenance méditerranéenne...”,15,MARSAD_ANC
AMD-d770bb2e3584,NCA-2011,Préambule,/fr/constitution/3/article/0,"Amendement relatif au cinquième paragraphe: Ajouter la complémentarité avec tous les peuples des pays du Sud en Afrique, Asie et Amérique Latine.",18,MARSAD_ANC
AMD-1e6a0e37b18a,NCA-2011,Préambule,/fr/constitution/3/article/0,"Ajout au cinquième paragraphe: ""successeur de Dieu sur terre"" après ""l’être humain en tant qu'être digne"".",18,MARSAD_ANC
AMD-2ffda432ef4c,NCA-2011,Préambule,/fr/constitution/3/article/0,"Amendement relatif au troisième paragraphe: Remplacer “Sur la base des enseignements de l’Islam” par “Exprimant l’attachement de notre peuple aux enseignements de l’Islam en tant qu’exemple supérieur et principes complets, considérant qu’il (L’Islam) est l’un des fondateurs principaux de l’humanité moderne et des droits de l’Homme universels”",20,MARSAD_ANC
AMD-16f3ba7c9fb1,NCA-2011,Préambule,/fr/constitution/3/article/0,Ajouter à la fin du cinquième paragaphe: Refus de toutes les formes de normalisation avec l’odieuse entité sioniste.,15,MARSAD_ANC
AMD-2dc50e69817c,NCA-2011,Préambule,/fr/constitution/3/article/0,Troisième paragraphe: Ajout: Droits de l’Homme universel “qui s’accordent avec les particularités culturelles du peuple tunisien”,14,MARSAD_ANC
AMD-1c8e291ae9d6,NCA-2011,Préambule,/fr/constitution/3/article/0,"Amendement relatif au sixième paragraphe: Conscients de la nécessité de participer à la sécurité du climat et à la sauvegarde d’un environnement sain, de façon à garantir la pérennité de nos ressources naturelles et la continuité d’une existence paisible pour les générations futures, et afin de réaliser la volonté du peuple d'être le bâtisseur de son histoire, convaincu que la science, le travail et la création sont des valeurs humaines nobles, et d’être un peuple pionnier aspirant à apporter une contribution supplémentaire à la civilisation sur la base de l’indépendance des décisions nationales, de la paix mondiale et de la solidarité humaine ;",58,MARSAD_ANC
AMD-74610140b23c,NCA-2011,Préambule,/fr/constitution/3/article/0,Amendement relatif au quatrième paragraphe:,17,MARSAD_ANC
AMD-438c31059701,NCA-2011,l'article 1,/fr/constitution/3/article/1,Amendement relatif à l'ajout de “et la source principale de sa législation” après l’Islam est sa religion.,19,MARSAD_ANC
AMD-d3cd0194c87b,NCA-2011,l'article 1,/fr/constitution/3/article/1,Amendement relatif à l'ajout de: “Le Coran et la Sunna sont les sources principales de sa législation”,15,MARSAD_ANC
AMD-6091b7d0dfe4,NCA-2011,l'article 1,/fr/constitution/3/article/1,"Amendement de l'article: “La Tunisie est un Etat arabe, libre, indépendant et souverain. L’Islam est la religion de son peuple, la République son régime et c’est un Etat civil et une partie de la “Oumma” arabe”.",17,MARSAD_ANC
AMD-6b757de23840,NCA-2011,l'article 1,/fr/constitution/3/article/1,Ajout d'un dernier paragraphe: “On ne peut pas lire les autres articles en contredisant cet article”,15,MARSAD_ANC
AMD-594a18cbc984,NCA-2011,l'article 1,/fr/constitution/3/article/1,Amendement consensuel relatif à l'ajout d'un deuxième paragraphe: “Il n’est pas possible d’amender cet article”,2,MARSAD_ANC
AMD-3383bdedc1ac,NCA-2011,l'article 2,/fr/constitution/3/article/2,Remplacer “primauté du droit” par “primauté de la Constitution”,17,MARSAD_ANC
AMD-17573c8f9fb4,NCA-2011,l'article 2,/fr/constitution/3/article/2,"Modifier: La Tunisie est un Etat à caractère civil, basé sur la citoyenneté, la volonté du peuple “et la primauté de la Constitution et la suprématie du droit”.",12,MARSAD_ANC
AMD-41cc0772976a,NCA-2011,l'article 2,/fr/constitution/3/article/2,Amendement consensuel relatif à l'ajout d'un deuxième paragraphe: “Il n’est pas possible d’amender cet article”,2,MARSAD_ANC
AMD-29c2a44147ae,NCA-2011,l'article 5,/fr/constitution/3/article/5,Remplacer le “maghreb arabe” par la “nation arabe”,14,MARSAD_ANC
AMD-903fe71105b2,NCA-2011,l'article 6,/fr/constitution/3/article/6,Supprimer “liberté de conscience” et “libre exercice du culte”,14,MARSAD_ANC
AMD-16395f50f5e2,NCA-2011,l'article 6,/fr/constitution/3/article/6,Supprimer la dernière ligne de l'article 6: “garant de la neutralité des mosquées et lieux de culte par rapport à toute instrumentalisation partisane.”,15,MARSAD_ANC
AMD-7c7fd9b30aa7,NCA-2011,l'article 6,/fr/constitution/3/article/6,Supprimer la dernière ligne de l'article 6: “garant de la neutralité des mosquées et lieux de culte par rapport à toute instrumentalisation partisane.”,14,MARSAD_ANC
AMD-2e6fa023376a,NCA-2011,l'article 6,/fr/constitution/3/article/6,Supprimer la liberté de “conscience”,13,MARSAD_ANC
AMD-b02328c21af5,NCA-2011,l'article 6,/fr/constitution/3/article/6,Ajout à la fin de l’article: “Interdiction absolue de toutes les formes d’accusation d’apostasie et d’incitation à la haine et à la violence.”,18,MARSAD_ANC
AMD-89e176273d7c,NCA-2011,l'article 6,/fr/constitution/3/article/6,"Amendement de l'article 6: Modifier l’Etat est le gardien de la religion par “de l’Islam et des autres religions” Avancer au début ""Protège ce qui est sacré pour lui"" Modifier ""libre exercice du culte"" par ""de leurs cultes"" Ajouter à la fin de l'article ""les conflits politiques""",16,MARSAD_ANC
AMD-dd5e98dfab44,NCA-2011,l'article 6,/fr/constitution/3/article/6,Supprimer “partisane” à la fin de l’article,16,MARSAD_ANC
AMD-4d75db02f04b,NCA-2011,l'article 7,/fr/constitution/3/article/7,Amendement de l'article 7:,4,MARSAD_ANC
AMD-3dbce4d970be,NCA-2011,l'article 7,/fr/constitution/3/article/7,Amendement de l'article 7: “La famille est la cellule fondamentale de la société et l’État cherche à la protéger”,16,MARSAD_ANC
AMD-57704d34dafe,NCA-2011,l'article 8,/fr/constitution/3/article/8,"Amendement de l'article: Ajout à la fin de l’article ""Mettre en oeuvre les conditions nécessaires pour favoriser les possibilités des jeunes, élargir son développement social, économique, culturel, politique avec la mise en place de garanties juridiques. Faciliter leur intégration et leur représentation dans les instances professionnelles, politiques et de prise de décision.""",17,MARSAD_ANC
AMD-b64cab6f97d6,NCA-2011,l'article 9,/fr/constitution/3/article/9,Enlever le mot sacré: Préserver l’unité de la patrie… “est un devoir pour tous les citoyens”.,15,MARSAD_ANC
AMD-e33c89c17306,NCA-2011,l'article 9,/fr/constitution/3/article/9,Proposition de mettre la sacralité des principes des articles 9 et 10 dans un même article 9 nouveau. C’est à dire que le paiement de l’impôt et la contribution aux charges publiques s’ajoutent à l’unité de la patrie (…) comme “devoirs sacrés”.,39,MARSAD_ANC
AMD-403d2e035ae1,NCA-2011,l'article 10,/fr/constitution/3/article/10,Modifier le premier paragraphe: Remplacer “juste et équitable” par “se basant sur les principes d’égalité et de justice fiscale”.,16,MARSAD_ANC
AMD-5011a7c47a3c,NCA-2011,l'article 10,/fr/constitution/3/article/10,"Amendement de l'article 10: “Le paiement de l’impôt et la contribution aux charges publiques constituent un devoir, conformément à un régime efficace, juste et équitable. L’État met en place les mécanismes à même de garantir le recouvrement de l’impôt, la participation aux dépenses publiques, la stimulation de la croissance et les progrès économique et social ainsi que l’élévation internationale du pays. L ’ État met aussi en place les modalités et les procédures à même de garantir la bonne gestion des deniers publics, d’interdire la corruption et de lutter contre l’évasion et la fraude fiscales”.",15,MARSAD_ANC
AMD-8a5709cc9cf3,NCA-2011,l'article 10,/fr/constitution/3/article/10,"Amendement de l'article: Les impôts et les diverses retenues fiscales obligatoires constituent un devoir à tous et sont imposés par l'approbation du peuple à travers ses représentants , conformément à un régime juste et équitable. L’État met en place les mécanismes à même de garantir l'utilisation et le recouvrement de l’impôt, des diverses retenues et cotisations obligatoires, et d'assurer la bonne gestion des deniers publics à travers la prévention de la corruption, de l’évasion fiscale et de l'appauvrissement budgétaire.",39,MARSAD_ANC
AMD-554ee503f44d,NCA-2011,l'article 10,/fr/constitution/3/article/10,Amendement de l'article: Remplacer “juste et équitable” par “se basant sur l’équité et dans le but de réaliser la justice sociale”.,14,MARSAD_ANC
AMD-e1ebca5596d5,NCA-2011,l'article 10,/fr/constitution/3/article/10,Amendement de l'article 10:,16,MARSAD_ANC
AMD-73d91d8bddd9,NCA-2011,l'article 10,/fr/constitution/3/article/10,Supprimer “lutter contre l’évasion et la fraude fiscales” du premier paragraphe.,15,MARSAD_ANC
AMD-80e15e22ae88,NCA-2011,l'article 11,/fr/constitution/3/article/11,"Ajout: de déclarer leurs biens “et les biens de leur femme et de leurs enfants, avant et après la prise de fonction” tel que prévu par la loi.",16,MARSAD_ANC
AMD-2dcc5cdb9d86,NCA-2011,l'article 12,/fr/constitution/3/article/12,Ajout à la fin de l'article 12: “en se référant aux indicateurs de développement et sur la base du principe de la discrimination positive”,17,MARSAD_ANC
AMD-79f78eb37ab4,NCA-2011,l'article 12,/fr/constitution/3/article/12,Amendement:,16,MARSAD_ANC
AMD-2adb28d8cdd7,NCA-2011,l'article 12,/fr/constitution/3/article/12,Amendement de l'article: “L’Etat garantit la réalisation de la justice sociale et du développement équitable” entre les régions et une exploitation rationnelle des richesses afin d'assurer les droits des générations futures.,14,MARSAD_ANC
AMD-43e5b2c691f0,NCA-2011,l'article 12,/fr/constitution/3/article/12,Remplacer “a pour objectif” par “s’engage”,13,MARSAD_ANC
AMD-bf9c194012a4,NCA-2011,l'article 13,/fr/constitution/3/article/13,"Ajout d’un paragraphe: “L’Etat assure la distribution juste des ressources et des services entre les régions, les groupes et les générations et prend les mesures nécessaires pour cela.”",14,MARSAD_ANC
AMD-1e44a50db2f3,NCA-2011,l'article 14,/fr/constitution/3/article/14,Ajout d'un paragraphe 2: Les attributions du médiateur administratif et son organisation sont énoncées par la loi.,16,MARSAD_ANC
AMD-b535778ee5e6,NCA-2011,l'article 14,/fr/constitution/3/article/14,Supprimer l'expression “continuité du service public”,13,MARSAD_ANC
AMD-bf30c3a4a23b,NCA-2011,l'article 15,/fr/constitution/3/article/15,"Amendement de l'article: L’Etat agit en faveur du renforcement du rôle de l’institution éducative dans la formation des générations pour faire en sorte qu’elles soient aptes à acquérir la connaissance, la science et la créativité dans tous les domaines de la vie en société.",16,MARSAD_ANC
AMD-893191c40c22,NCA-2011,l'article 15,/fr/constitution/3/article/15,Amendement de l'article: La politique éducative et l’enseignement sont le fait de l’Etat qui garantit la neutralité des institutions éducatives et de l’enseignement de toute instrumentalisation partisane ou politique.,15,MARSAD_ANC
AMD-abf1c7cefdd5,NCA-2011,l'article 18,/fr/constitution/3/article/18,Proposition d'amendement:,15,MARSAD_ANC
AMD-4dd69d898e80,NCA-2011,l'article 18,/fr/constitution/3/article/18,Ajout:,3,MARSAD_ANC
AMD-6c702fcfe130,NCA-2011,l'article 19,/fr/constitution/3/article/19,Supprimer: “approuvés par l’Assemblée des représentants du peuple et ensuite”. Ce qui donne: “Les traités internationaux ratifiés ont un rang supra-législatif et infra-constitutionnel”.,15,MARSAD_ANC
AMD-03963bf549df,NCA-2011,l'article 20,/fr/constitution/3/article/20,"Amendement de l'article: Toutes les personnes sont égales devant la loi sans discrimination. Les citoyens et citoyennes sont égaux dans la loi et en droits et devoirs. L’Etat garantit aux citoyens et citoyennes les droits et les libertés individuelles et collectives, et leur assure les conditions d'une vie décente.",15,MARSAD_ANC
AMD-5eae9ef61ce5,NCA-2011,l'article 21,/fr/constitution/3/article/21,Amendement de l'article: Remplacer “il ne peut lui être porté atteinte que dans des cas extrêmes fixés par la loi. ” par “ la loi protège ce droit et la peine de mort est interdite” après “Le droit à la vie est sacré ”.,14,MARSAD_ANC
AMD-e14ba5f8fd04,NCA-2011,l'article 21,/fr/constitution/3/article/21,Amendement de l'article:,2,MARSAD_ANC
AMD-db5868411ee7,NCA-2011,l'article 23,/fr/constitution/3/article/23,Amendement consensuel: Supprimer la dernière phrase “Nul ne peut porter atteinte à ces droits et libertés sauf dans des cas définis dans la loi et en vertu d’une décision de justice.”,2,MARSAD_ANC
AMD-a3e2dc7fef4c,NCA-2011,Préambule,/fr/constitution/3/article/0,Amendement à la fin du cinquième paragraphe du préambule: Ajouter l'expression “et à leur tête le sionisme”,15,MARSAD_ANC
AMD-7ed101d02ef9,NCA-2011,l'article 7,/fr/constitution/3/article/7,Amendement de l'article 7: Ajout de “la famille qui repose sur le mariage entre un homme et une femme”.,17,MARSAD_ANC
AMD-ae86d7686513,NCA-2011,l'article 28,/fr/constitution/3/article/28,Amendement de l'article - Ajout: Le détenu est informé de ses droits et a le droit de contacter la personne de son choix. L’arrestation et la détention provisoire dépend du contrôle judiciaire et sa durée est définie par la loi. Le détenu a droit à un avocat et l’Etat doit lui en fournir un s’il ne peut pas le faire.,14,MARSAD_ANC
AMD-06d10e3f4a36,NCA-2011,l'article 30,/fr/constitution/3/article/30,"Ajout en tant que paragraphe 3 de l'article: Criminaliser “l’atteinte au sacré que sont le divin, le Coran et le Prophète”.",16,MARSAD_ANC
AMD-94f13462fa04,NCA-2011,l'article 30,/fr/constitution/3/article/30,"Proposition d'amendement consensuel - Suppression du paragraphe 2 de l'article: Les libertés d'expression, d’information et de publication ne peuvent être limitées que par une loi qui protège les droits des tiers, leur réputation, leur sécurité et leur santé.",2,MARSAD_ANC
AMD-02c5033c1ad6,NCA-2011,l'article 31,/fr/constitution/3/article/31,"Amendement de l'article 31 - Ajout: Remplacer ""watani"" avec ""qawmi"" (Dans la traduction française, les deux termes sont traduits en ""nationale"")",3,MARSAD_ANC
AMD-d57467a41374,NCA-2011,l'article 31,/fr/constitution/3/article/31,Proposition d'amendement consensuel - suppression d'une partie de l'article 31: “à condition de ne pas compromettre la sécurité nationale ou des droits énoncés dans la Constitution”.,2,MARSAD_ANC
AMD-00a5215ddb85,NCA-2011,l'article 31,/fr/constitution/3/article/31,Amendement de l'article 31 - Ajout: L’Etat garantit le droit à l’information. Il garantit le droit d’accès à l’information. Il garantit le droit d’accès aux réseaux de communication et la neutralité du Net.,16,MARSAD_ANC
AMD-50b7f3066bd3,NCA-2011,l'article 31,/fr/constitution/3/article/31,"Ajout d’un article après le 31: L’État se charge de la collecte des statistiques concernant les domaines économiques, démographiques, sociales et environnementales. L’État garantit aux citoyens le droit à une information statistique officielle, neutre, transparente et disponible pour tous en garantissant le secret des informations personnelles.",30,MARSAD_ANC
AMD-d5e40bdc0948,NCA-2011,l'article 32,/fr/constitution/3/article/32,Amendement du premier paragraphe: Les libertés académiques et la liberté de la recherche scientifique sont garanties “conformément aux dispositions de la loi”.,15,MARSAD_ANC
AMD-64d95f7a612c,NCA-2011,l'article 32,/fr/constitution/3/article/32,"Amendement de l'article 32: Les libertés académiques dont la liberté de recherche scientifique sont garanties. Les établissements universitaires sont indépendants et neutres. Ils gèrent leur propre fonctionnement grâce à des instances élues composées d’enseignants et de chercheurs, selon les dispositions de la loi.",15,MARSAD_ANC
AMD-e2ed84e56fa3,NCA-2011,l'article 33,/fr/constitution/3/article/33,Amendement de l'article 33 - Ajout: “La loi oeuvre à garantir la représentativité de la femme dans les assemblées élues”.,14,MARSAD_ANC
AMD-19f91cd86364,NCA-2011,l'article 34,/fr/constitution/3/article/34,"Proposition d'amendement consensuel - Suppression d'une partie: “La loi fixe les procédures de formation des partis politiques, des syndicats et des associations sans porter atteinte à la substance de cette liberté.”",2,MARSAD_ANC
AMD-d6566b35babf,NCA-2011,l'article 34,/fr/constitution/3/article/34,Ajout d'un paragraphe à la fin de l'article: Obligation de neutralité des associations et des syndicats par rapport à l’instrumentalisation partisane.,3,MARSAD_ANC
AMD-c1eec3fbfc7a,NCA-2011,l'article 35,/fr/constitution/3/article/35,Ajout de tirets:,15,MARSAD_ANC
AMD-2a90b1e5248b,NCA-2011,l'article 35,/fr/constitution/3/article/35,Ajout d'un paragraphe: “Et ce droit ne s’applique pas à l’institution militaire”,15,MARSAD_ANC
AMD-a03037dc1094,NCA-2011,l'article 36,/fr/constitution/3/article/36,"Proposition d'amendement consensuel - Suppression d'une partie: “Elle est exercée selon les exigences procédurales prévues par la loi, sans que celles-ci ne portent atteinte à la substance de cette liberté.”",2,MARSAD_ANC
AMD-f439052d9da1,NCA-2011,l'article 36,/fr/constitution/3/article/36,Ajout d'un paragraphe à l'article 36: L'Etat garantit l’intégrité des facultés et leur indépendance et la liberté du mouvement estudiantin.,20,MARSAD_ANC
AMD-b7c92c15dbaf,NCA-2011,l'article 37,/fr/constitution/3/article/37,Ajout d'un paragraphe: Tous les citoyens ont le droit d’accès à la santé dont le coût est supporté par la collectivité nationale.,21,MARSAD_ANC
AMD-041a3d556ccd,NCA-2011,l'article 37,/fr/constitution/3/article/37,Ajout à la fin du premier paragraphe: “Selon les principes de la décentralisation et l’équilibre entre les régions.”,15,MARSAD_ANC
AMD-66e619c32ae5,NCA-2011,l'article 37,/fr/constitution/3/article/37,Amendement de l'article 37:,13,MARSAD_ANC
AMD-4f053bece113,NCA-2011,l'article 37,/fr/constitution/3/article/37,Ajout à la fin de l'article: L’Etat interdit tout commerce d'individus et des organes humains.,14,MARSAD_ANC
AMD-5a09ebfdac7e,NCA-2011,l'article 37,/fr/constitution/3/article/37,Ajout d'un paragraphe entre le premier et le deuxième paragraphe: Tout citoyen a le droit à une nourriture saine.,14,MARSAD_ANC
AMD-d9974dd9a9d1,NCA-2011,l'article 38,/fr/constitution/3/article/38,Reformulation du premier paragraphe de l'article comme suit: L'enseignement est un droit pour tout citoyen et est obligatoire jusqu'à l'âge de seize ans.,16,MARSAD_ANC
AMD-9ed82fbc26b8,NCA-2011,l'article 38,/fr/constitution/3/article/38,Proposition d'amendement:,15,MARSAD_ANC
AMD-1c985a62167b,NCA-2011,l'article 38,/fr/constitution/3/article/38,Ajout de deux paragraphes après le texte initial de l'article comme suit: L’État oeuvre afin d'éradiquer l’analphabétisme y compris “l’analphabétisme numérique” entre tous les citoyens selon des programmes et des stratégies globales. L'Etat supervise tous les établissements éducatifs et d'enseignement.,17,MARSAD_ANC
AMD-404471d2ed88,NCA-2011,l'article 39,/fr/constitution/3/article/39,Ajout d'un paragraphe après le premier paragraphe: Aide sociale pour les chômeurs pour assurer la “justice sociale”.,22,MARSAD_ANC
AMD-bc2462bc44b8,NCA-2011,l'article 39,/fr/constitution/3/article/39,Amendement de l'article: Remplacer “dans des conditions décentes et équitables” par “sur la base de l’égalité des chances”,12,MARSAD_ANC
AMD-479c1fb0b37c,NCA-2011,l'article 40,/fr/constitution/3/article/40,"Ajout: “La propriété ne s’enlève que pour l’intérêt général et avec un remplacement juste. La propriété intellectuelle est garantie. L’État garantit la protection des intérêts moraux et physiques engendrées par toute production scientifique, artistique ou littéraire.”",16,MARSAD_ANC
AMD-88f706ec6f62,NCA-2011,l'article 40,/fr/constitution/3/article/40,"Proposition d'amendement consensuel: Le droit de propriété est garanti, et ne peut lui être portée atteinte sauf dans les cas et avec les garanties prévues par la loi. La propriété intellectuelle est garantie.",2,MARSAD_ANC
AMD-6295d338bef3,NCA-2011,l'article 41,/fr/constitution/3/article/41,"Amendement de l'article 41: Supprimer “en ce qui consacre les valeurs de la tolérance et le rejet de la violence, l’ouverture sur les différentes cultures et le dialogue entre les civilisations”.",16,MARSAD_ANC
AMD-88aea6c7bc1b,NCA-2011,l'article 43,/fr/constitution/3/article/43,"Suppression du deuxième paragraphe pour la remplacer comme suit: L’Etat assure la distribution de l’eau et de l’électricité au citoyen, par le biais de structures et de réseaux qui lui sont propres.",13,MARSAD_ANC
AMD-9a93310ab511,NCA-2011,l'article 43,/fr/constitution/3/article/43,"Modification de l’article: “L’Etat garantit le droit des citoyens à l’eau et oeuvre autant que possible pour assurer la souveraineté alimentaire au peuple, par la mise à disposition des ressources agricoles et énergétiques à l’intérieur de la nation. La préservation de l’eau et des ressources naturelles agricoles, environnementales et énergétiques et la rationalisation de leur exploitation pour l’intérêt national est un devoir pour l’Etat et la société”.",16,MARSAD_ANC
AMD-c73f61d11958,NCA-2011,l'article 43,/fr/constitution/3/article/43,"Suppression du deuxième paragraphe pour le remplacer comme suit: “L’Etat doit protéger les ressources en eau et rationaliser son exploitation et sa distribution, une distribution juste.”",14,MARSAD_ANC
AMD-68108396365a,NCA-2011,l'article 43,/fr/constitution/3/article/43,Amendement de l'article comme suit: L'Etat garantit le droit à l'eau et les installations sanitaires sont garanties.,15,MARSAD_ANC
AMD-83820a3ece98,NCA-2011,l'article 44,/fr/constitution/3/article/44,Remplacer “est garanti” par “garantit le développement durable”.,14,MARSAD_ANC
AMD-772fe4ae6252,NCA-2011,l'article 44,/fr/constitution/3/article/44,"Amendement de l’article: Ajout de ""L’Etat doit fournir les moyens nécessaires pour lutter contre la pollution.""",15,MARSAD_ANC
AMD-72aac3960118,NCA-2011,l'article 44,/fr/constitution/3/article/44,Amendement de l’article:,55,MARSAD_ANC
AMD-83305f6af591,NCA-2011,l'article 44,/fr/constitution/3/article/44,Amendement de l’article: Ajouter “ ... garanti pour les générations actuelles et futures. L’État s’engage à prendre des mesures raisonnables pour empêcher la pollution et le dérèglement climatique et la préservation des richesses naturelles et la diversité biologique.”,12,MARSAD_ANC
AMD-5d4132d7cff7,NCA-2011,l'article 45,/fr/constitution/3/article/45,"Modification du premier paragraphe: L’Etat garantit les acquis de la femme et oeuvre à la préservation, au soutien et à l’amélioration de ses droits acquis.",15,MARSAD_ANC
AMD-7d5c8ff1f2f7,NCA-2011,l'article 45,/fr/constitution/3/article/45,"Amendement de l'article comme suit: L'Etat garantit: L'égalité des chances entre la femme et l'homme pour assumer toutes les responsabilités. Les droits civils, politiques, économiques et culturels à la femme sur la base de l’égalité avec l’homme. Et l’Etat oeuvre à la réalisation du principe de parité entre la femme et l’homme dans les assemblées élues et les instances constitutionnelles.",15,MARSAD_ANC
AMD-5f2973af0fd0,NCA-2011,l'article 46,/fr/constitution/3/article/46,Ajout de “ou de ses tuteurs” après “parents” dans la première phrase de l'article.,14,MARSAD_ANC
AMD-a00ab295eab9,NCA-2011,l'article 46,/fr/constitution/3/article/46,"Ajout d'un paragraphe après le premier: Chaque enfant a le droit à un nom familial et à une identité. Ajout de 2 paragraphes : L’État s'engage à protéger l'enfant contre les formes d'exploitation, de violence et d'abus. L’État s’engage à protéger les enfants handicapés et à leur insertion dans la société.",14,MARSAD_ANC
AMD-c56c082a9910,NCA-2011,l'article 46,/fr/constitution/3/article/46,"Amendement de l'article: Les droits de l'enfant sont sur l'Etat et sur ses parents. L'Etat garantit la dignité, la santé, les soins, l’éducation et l’enseignement. L’État se doit de fournir toutes les formes de protection à tous les enfants sans discriminations et selon les intérêts supérieurs de l'enfant.",12,MARSAD_ANC
AMD-18e93d3cb81c,NCA-2011,l'article 46,/fr/constitution/3/article/46,Changer “ses parents” par “sa famille” dans le premier paragraphe.,15,MARSAD_ANC
AMD-ee4f4f5f3bf6,NCA-2011,l'article 46,/fr/constitution/3/article/46,"Proposition d'ajout d’un article après l'article 46 et avant l'article 47 comme suit: L’Etat garantit le droit des parents de prendre soin de leurs enfants, et le droit dans leur éducation. Il garantit aussi leur droit d’être soignés par leurs enfants lorsqu’ils sont âgés ou invalides.",28,MARSAD_ANC
AMD-44fc76a7202a,NCA-2011,l'article 47,/fr/constitution/3/article/47,Ajouter “des moyens de subsistance permanents” après “selon la nature de son handicap”.,17,MARSAD_ANC
AMD-4a4af7346cf5,NCA-2011,l'article 47,/fr/constitution/3/article/47,"Amendement de l'article: “La prévention du handicap, son diagnostic, son traitement, l’éducation de l’handicapé, son enseignement, sa formation et son intégration dans la société sont de la responsabilité de l’Etat est sont un devoir national.”",16,MARSAD_ANC
AMD-b8aac4074d56,NCA-2011,l'article 47,/fr/constitution/3/article/47,Remplacer:,14,MARSAD_ANC
AMD-3d20b3125528,NCA-2011,l'article 48,/fr/constitution/3/article/48,"Reformulation de l'article 48 comme suit: La loi fixe les modalités relatives aux droits et aux libertés qui sont garantis dans cette Constitution ainsi que les conditions de leur exercice sans porter atteinte à leur essence. Ces moyens de contrôle ne sont mis en place que par la nécessité que demande un État civil démocratique et pour protéger les droits des tiers ou pour des raisons de sécurité publique, de défense nationale, de santé publique ou de morale et avec le respect de la proportionnalité et de la nécessité de ces contrôles. Les instances judiciaires veillent à la protection des droits et des libertés de toute violation. Il n’est pas possible qu’un amendement touche les acquis en matière de droits de l’homme et des libertés garanties dans cette constitution.",2,MARSAD_ANC
AMD-2ca85c0806f7,NCA-2011,l'article 37,/fr/constitution/3/article/37,"Proposition d'amendement consensuel: La santé est un droit pour chaque être humain. L’État garantit la prévention et les soins sanitaires pour tout citoyen et fournit les moyens nécessaires pour garantir la sécurité et la qualité des services de santé. L’État garantit la gratuité des soins pour les personnes sans soutien et à faible revenu. Il garantit le droit à une couverture sociale, tel que prévu par la loi.",1,MARSAD_ANC
AMD-fa9b4c35cf7b,NCA-2011,l'article 48,/fr/constitution/3/article/48,Ajout d’un article: “L’Etat garantit la liberté du travail et la liberté de l’initiative économique.”,37,MARSAD_ANC
AMD-36ad9ae4ded3,NCA-2011,l'article 49,/fr/constitution/3/article/49,Amendement de l'article 49: “ L’Assemblée des représentants du Peuple ” devient “L’Assemblée du Peuple”.,20,MARSAD_ANC
AMD-4c0dfbe435fb,NCA-2011,l'article 49,/fr/constitution/3/article/49,Amendement de l'article 49: Supprimer “du Peuple”. L'assemblée des représentants du peuple devient l'assemblée des représentants.,15,MARSAD_ANC
AMD-248b8d256bea,NCA-2011,l'article 51,/fr/constitution/3/article/51,"Ajout d’un 4ème paragraphe sur les obligations des députés: Le député s’engage à remplir les tâches pour lesquelles il a été élu, d’être présent en plénière et en commission et de participer aux votes.",17,MARSAD_ANC
AMD-9ed548558d7c,NCA-2011,l'article 45,/fr/constitution/3/article/45,Proposition d'amendement consensuel: L'Etat garantit la protection des droits de la femme et soutient ses acquis. L’État garantit l’égalité des chances entre la femme et l’homme pour assumer les différentes responsabilités et dans tous les domaines. L'Etat oeuvre pour réaliser la parité entre la femme et l'homme dans les conseils élus. L’Etat prend les mesures nécessaires afin d’éradiquer la violence contre la femme.,1,MARSAD_ANC
AMD-40ed9c875ef6,NCA-2011,l'article 51,/fr/constitution/3/article/51,Amendement de l'article 51:,8,MARSAD_ANC
AMD-82ef3b7cec90,NCA-2011,l'article 52,/fr/constitution/3/article/52,Amendement de l'article: “âgé de 20 ans” au lieu de 23.,14,MARSAD_ANC
AMD-0aed1cbff23b,NCA-2011,l'article 52,/fr/constitution/3/article/52,Amendement de l'article: “âgé de 18 ans” au lieu de 23.,14,MARSAD_ANC
AMD-d44db60d8389,NCA-2011,l'article 54,/fr/constitution/3/article/54,Ajout d’un paragraphe: “La loi électorale garantit le droit de vote et la représentativité des tunisiens à l’étranger dans l’assemblée des représentants du peuple.”,15,MARSAD_ANC
AMD-f832f9a5f661,NCA-2011,l'article 58,/fr/constitution/3/article/58,Amender le 2ème paragraphe comme suit: “L’assemblée constitue des commissions permanentes et des commissions spéciales avec une répartition des responsabilités selon la représentation proportionnelle.”,13,MARSAD_ANC
AMD-98ea0b213eb4,NCA-2011,l'article 58,/fr/constitution/3/article/58,"Amender le 3ème paragraphe de l'article 58 en y ajoutant: L’Assemblée des Représentants du Peuple peut former des commissions d’enquête “qui ont des prérogatives absolues et des décisions obligatoires”, que toutes les autorités doivent assister dans l’exercice de leurs fonctions.",14,MARSAD_ANC
AMD-381b96a02dd0,NCA-2011,l'article 46,/fr/constitution/3/article/46,Amendement consensuel de l'article 46 - La deuxième paragraphe: L’Etat doit assurer l’ensemble des formes de protection pour tous les enfants sans discrimination et selon les intérêts suprêmes de l’enfant.,1,MARSAD_ANC
AMD-e4b40cbf7860,NCA-2011,l'article 61,/fr/constitution/3/article/61,Proposition d'amendement - Ajout à la fin du 1er paragraphe: “Et il est possible de présenter des projets de loi par le biais de pétitions populaires à condition qu’elles soient signées par au moins 15% de l’ensemble des électeurs enregistrés”.,15,MARSAD_ANC
AMD-bb35abfd6a8b,NCA-2011,l'article 61,/fr/constitution/3/article/61,Ajout d’un paragraphe et suppression des deux derniers paragraphes de l'article: “Il est possible pour 1/10 des électeurs enregistrés de présenter des projets de loi à l’Assemblée. Et pour 1/6 de présenter des projets de loi et demander un référendum.”,14,MARSAD_ANC
AMD-2113d9beeee9,NCA-2011,l'article 61,/fr/constitution/3/article/61,Ajout d’un paragraphe à la fin de l'article 61: “La cour constitutionnelle étudie tous les cas de conflit de compétence et ses décisions sont obligatoires.”,14,MARSAD_ANC
AMD-93967fd78a63,NCA-2011,l'article 63,/fr/constitution/3/article/63,Proposition d'amendement: Ajouter “propositions” là où il y a “projets”,15,MARSAD_ANC
AMD-f80f0809adda,NCA-2011,l'article 59,/fr/constitution/3/article/59,"Ajouter à l’opposition d’avoir (de droit) soit la présidence de la commission des finances soit celle des affaires étrangères, ainsi que le poste de rapporteur de l’une de ces commissions.",16,MARSAD_ANC
AMD-9a9e0c35acb5,NCA-2011,l'article 64,/fr/constitution/3/article/64,"Amendement du tiret 7 (lois ordinaires) : Supprimer “sauf délégation accordée au chef du Gouvernement en vertu des lois de finances ou des lois à caractère fiscal,”",20,MARSAD_ANC
AMD-93259d4ed9f8,NCA-2011,l'article 64,/fr/constitution/3/article/64,Ajouter la loi organique du budget aux lois organiques énumérées dans l'article 64.,15,MARSAD_ANC
AMD-cb0448cc6f85,NCA-2011,l'article 59,/fr/constitution/3/article/59,"Amendement consensuel: Ajout de ""la présidence de la commission financière ou de la commission des relations extérieures et rapporteur pour l’une ou l’autre.""",1,MARSAD_ANC
AMD-f5d468482ee2,NCA-2011,l'article 64,/fr/constitution/3/article/64,Proposition d'amendement:,21,MARSAD_ANC
AMD-a1e786c02ac8,NCA-2011,l'article 65,/fr/constitution/3/article/65,"Remplacer “décret gouvernemental” par “décret présidentiel”, dans le cas où la loi de Finances n’est pas adoptée avant le 31 décembre.",16,MARSAD_ANC
AMD-c9098d14e007,NCA-2011,l'article 66,/fr/constitution/3/article/66,Modifier le dernier paragraphe comme suit: “Les traités n'entrent en vigueur qu’après la promulgation des lois d'approbation.”,16,MARSAD_ANC
AMD-ea69ab728475,NCA-2011,l'article 69,/fr/constitution/3/article/69,Suppression du 2ème paragraphe de l'article 69 et s'arrêter au premier paragraphe.,17,MARSAD_ANC
AMD-85eacef59c4b,NCA-2011,l'article 69,/fr/constitution/3/article/69,Remplacer le chef du gouvernement par “le président de la République” peut prendre des “arrêtés présidentiels”.,18,MARSAD_ANC
AMD-6a73008024a3,NCA-2011,l'article 71,/fr/constitution/3/article/71,Ajouter à la fin de l'article “les traités et les droits de l’homme”.,16,MARSAD_ANC
AMD-97f0221b5616,NCA-2011,l'article 73,/fr/constitution/3/article/73,"Amendement consensuel de l'article 73 - Modifier le 2ème paragraphe : Le jour du dépôt de candidature, le candidat doit avoir 35 ans minimum (pas de maximum). S’il est porteur d’une autre nationalité que la nationalité tunisienne, il doit présenter dans le dossier de candidature un engagement stipulant l’abandon de cette autre nationalité s’il est élu président de la république.",2,MARSAD_ANC
AMD-415f78fad0f1,NCA-2011,l'article 73,/fr/constitution/3/article/73,"Remplacer au maximum de ""soixante-quinze ans"" par ""soixante-dix ans"".",1,MARSAD_ANC
AMD-b5b0a9fb8253,NCA-2011,l'article 73,/fr/constitution/3/article/73,"Avant le premier paragraphe “à l’annonce de son élection, Il faut que le président de la république soit de religion musulmane, âgé de 35 ans au minimum et non porteur d’une nationalité autre que la Tunisienne”. Le premier paragraphe de l’article devient 2ème et enlever “dont la religion est l’islam”.",14,MARSAD_ANC
AMD-d1bc6253e681,NCA-2011,l'article 74,/fr/constitution/3/article/74,Amendement consensuel de l'article 74:,2,MARSAD_ANC
AMD-6e796b1d6e16,NCA-2011,l'article 74,/fr/constitution/3/article/74,"Reformulation du deuxième paragraphe comme suit: En cas de décès de l'un des candidats lors du premier tour, ou en cas d'empêchement impérieux qui rend impossible le maintien de sa candidature, et que le nombre des candidats se limite à un seul candidat, il est procédé à un nouvel appel à candidatures, avec de nouvelles dates pour les élections.",18,MARSAD_ANC
AMD-44e07f6357d7,NCA-2011,l'article 74,/fr/constitution/3/article/74,"Reformulation du paragraphe 3 de l'article 74: En cas de décès d’un des candidats au premier tour ou d’empêchement majeur l’empêchant de poursuivre, ainsi qu’en cas de retrait d’un des deux candidats au deuxième tour, il est procédé à la réouverture des candidatures et à la désignation d’une nouvelle date pour l’élection.",15,MARSAD_ANC
AMD-e8c692c3ffff,NCA-2011,l'article 76,/fr/constitution/3/article/76,Amendement consensuel de l'article 76 comme suit:,2,MARSAD_ANC
AMD-d9b49fed8ad7,NCA-2011,l'article 76,/fr/constitution/3/article/76,"Amendement du 4ème tiret de l'article 76: ""Déclarer la guerre et la conclusion de la paix après approbation de l’Assemblée des représentants du peuple à la majorité des trois cinquième de ses membres, et l’envoi de forces à l’étranger avec l’accord du Président de l’Assemblée des représentants du peuple et le Chef du gouvernement. Toutefois, l’Assemblée doit se réunir pour en délibérer dans un délai ne dépassant pas les soixante jours, à partir de la date d’envoi des troupes. """,2,MARSAD_ANC
AMD-8aaa6d2ecdd3,NCA-2011,l'article 76,/fr/constitution/3/article/76,"Proposition d'ajout d'article après l'article 76 - Texte de l'article proposé: Ne peut donner l’autorisation de l’engagement des forces armées que le président de la République, et ce dans le but de défendre la République ou par respect à une obligation internationale. Lors de l'engagement des forces armées pour les raisons mentionnées dans le premier paragraphe, le président de la République informe l'assemblée des représentants du peuple immédiatement des raisons, du lieu, de la durée de l'engagement et de l'effectif engagé. Si l'assemblée des représentants du peuple ne se réunit pas dans les dix premiers jours suivant l'engagement des forces armées, le président de la République présente les informations demandées dans le deuxième paragraphe à la commission parlementaire concernée. L'armée nationale est commandée selon les directives du ministre chargé de la défense après autorisation de la part du président de la République. Il est impossible de créer un organe d’investigation à part li'nstance d'investigation de l’armée nationale ou de la police ou de la garde nationale. Le président de la république nomme les présidents de chaque organe d'investigation en vertu du cinquième paragraphe, et se charge de la responsabilité politique de contrôler et de diriger ces organes. Le ministre chargé de la défense ou le ministre chargé de l'intérieur peut se charger de cette responsabilité après concertation avec le chef du gouvernement. L'assemblée des représentants du peuple approuve la décision de nomination à la majorité des 2/3 de ses membres. La loi organise les objectifs des organes d'investigation, ses pouvoirs et ses fonctions, assure la coordination entre tous ces organes et garantit le contrôle politique de ses activités.",28,MARSAD_ANC
AMD-d16ea2b28cfe,NCA-2011,l'article 77,/fr/constitution/3/article/77,Proposition d'amendement consensuel de l'article 77:,2,MARSAD_ANC
AMD-d72c7af6e34c,NCA-2011,l'article 79,/fr/constitution/3/article/79,"Proposition d'amendement consensuel - Amendement du paragraphe premier de l'article 79 comme suit: En cas de péril imminent menaçant les institutions de la nation et la sécurité et l’indépendance du pays et entravant le fonctionnement régulier des pouvoirs publics, le Président de la République peut prendre les mesures nécessitées par cette situation exceptionnelle, après consultation du Chef du gouvernement et du Président de l’Assemblée des représentants du peuple, et après en avoir informé le président de la cour constitutionnelle. Il annonce les mesures dans un communiqué au peuple.",2,MARSAD_ANC
AMD-1b516671c04d,NCA-2011,l'article 79,/fr/constitution/3/article/79,"Amendement du dernier paragraphe de l'article comme suit: ""Ces mesures cessent d’avoir effet dès que les circonstances qui les ont engendrées prennent fin ou par décision de la Cour Constitutionnelle. Le Président de la République s’adresse alors au peuple pour l’en informer.""",12,MARSAD_ANC
AMD-6fc75cea6a13,NCA-2011,l'article 80,/fr/constitution/3/article/80,"Proposition d'amendement consensuel de l'article 80 comme suit: Modifier le deuxième paragraphe en supprimant ""projets de lois de finances""",2,MARSAD_ANC
AMD-0a351c9d129a,NCA-2011,l'article 80,/fr/constitution/3/article/80,"Amendement du paragraphe premier de l'article 80 avec plus de précisions concernant les délais de signature et de publication: ""Le Président de la République promulgue les lois et ordonne leur publication dans le Journal officiel de la République tunisienne dans un délai de quinze jours au maximum à compter de la transmission qui lui en est faite par la Cour constitutionnelle, ou à partir de la date du vote de la loi si elle n’a pas fait l’objet d’un recours constitutionnel.""",15,MARSAD_ANC
AMD-ef0543474cec,NCA-2011,l'article 81,/fr/constitution/3/article/81,"Amendement consensuel de l'article 81: Supprimer la virgule après “qui ont été ratifiés par l’Assemblée des Représentants du Peuple, et qui ne sont en contradiction avec la Constitution”.",2,MARSAD_ANC
AMD-2d0d3b590ee1,NCA-2011,l'article 81,/fr/constitution/3/article/81,"Amendement de l'article 81 comme suit (Supprimer “au statut personnel” et “ratifiés par” des propositions au référendum): Le Président de la République peut proposer un référendum sur des projets de lois relatifs à la ratification des traités, aux libertés et aux droits de l’Homme.",15,MARSAD_ANC
AMD-81787fcd76d8,NCA-2011,l'article 88,/fr/constitution/3/article/88,Proposition d'ajout d'article avant l'article 88 (au début de la deuxième section du quatrième chapitre relative au gouvernement): Le candidat pour être chef du gouvernement ne doit pas avoir une autre nationalité et doit être âgé de 35 ans minimum et de 70 ans au plus.,16,MARSAD_ANC
AMD-823ac1f7fe54,NCA-2011,l'article 88,/fr/constitution/3/article/88,Amendement consensuel de l'article 88:,2,MARSAD_ANC
AMD-01a737213d5f,NCA-2011,l'article 91,/fr/constitution/3/article/91,Amendement consensuel de l'article 91:,2,MARSAD_ANC
AMD-709fea508869,NCA-2011,l'article 92,/fr/constitution/3/article/92,"Amendement du 3ème paragraphe comme suit: Le président de la République préside obligatoirement le Conseil des ministre qu’il convoque dans les domaines de la défense, des relations étrangères, de la sécurité nationale relative à la protection de l’Etat et du territoire national des menaces intérieures et extérieures, comme il peut assister aux autres réunions du Conseil des ministres. S’il y assiste, il préside le Conseil.",16,MARSAD_ANC
AMD-5a42ec135295,NCA-2011,l'article 96,/fr/constitution/3/article/96,Ajouter à la fin du 2ème paragraphe de l'article 96: “conformément aux dispositions de l’article 88.”,2,MARSAD_ANC
AMD-201c176ee9f4,NCA-2011,l'article 97,/fr/constitution/3/article/97,"Ajout d’un article après l’article 97 : “Le président de la république peut demander à l’assemblée des représentants du peuple de voter la confiance au gouvernement, au maximum 2 fois pendant le mandat présidentiel, le vote se faisant à la majorité absolue des membres de l’assemblée. Si le gouvernement n’obtient pas la confiance, il est considéré démissionnaire, et le président de la république désigne la personnalité la plus apte à former un gouvernement dans un délai de 30 jours selon les paragraphes 1 et 5 de l’article 88. En cas de dépassement du délai ou en cas de non obtention du nouveau gouvernement de la confiance de l’assemblée, le président peut dissoudre l’assemblée et appeler des législatives anticipées dans un délai minimum de 45 jours et maximum de 90 jours. En cas de vote de confiance au gouvernement par deux fois, le président de la république est considéré démissionnaire.”",2,MARSAD_ANC
AMD-d3a6d783cb2f,NCA-2011,l'article 100,/fr/constitution/3/article/100,Vote sur un amendement du titre du cinquième chapitre: Chapitre de la justice au lieu de chapitre du pouvoir juridictionnel,15,MARSAD_ANC
AMD-c294c43237b8,NCA-2011,l'article 100,/fr/constitution/3/article/100,Ajout d'un troisième paragraphe: “Toute ingérence dans la Justice propre à influencer le juge ou à porter atteinte à son indépendance est un crime puni par la loi.”,20,MARSAD_ANC
AMD-f4cc65b72190,NCA-2011,l'article 100,/fr/constitution/3/article/100,"Modification du paragraphe premier comme suit: Le pouvoir judiciaire est indépendant selon les normes internationales et garantit l’instauration de la justice, la suprématie de la Constitution, la souveraineté de la loi et la protection des droits et des libertés.",19,MARSAD_ANC
AMD-d2753ac8cb59,NCA-2011,l'article 103,/fr/constitution/3/article/103,Ajout d'un deuxième paragraphe nouveau comme suit: “Les nominations aux hautes fonctions judiciaires se font par ordre gouvernemental sur proposition du ministre de la justice. La loi fixe ces fonctions.”,15,MARSAD_ANC
AMD-6067de8025c2,NCA-2011,l'article 105,/fr/constitution/3/article/105,Amendement de l'article 105:,15,MARSAD_ANC
AMD-8fd60f8b376f,NCA-2011,l'article 107,/fr/constitution/3/article/107,Modifier “crimes militaires” par “crimes liés aux affaires militaires”.,15,MARSAD_ANC
AMD-d58a4d34c7ce,NCA-2011,l'article 107,/fr/constitution/3/article/107,Ajout d'un deuxième paragraphe à l'article 107: Le tribunal de conflit de compétences traite le conflit de compétences entre la justice judiciaire et administrative et fixe l'organisation du tribunal administratif et les procédures suivies devant cette juridiction.,15,MARSAD_ANC
AMD-7d73ac36de07,NCA-2011,l'article 107,/fr/constitution/3/article/107,Supprimer “en matière de crimes militaires” du deuxième paragraphe de l'article 107.,16,MARSAD_ANC
AMD-05298926192f,NCA-2011,l'article 108,/fr/constitution/3/article/108,"Amendement de l'article comme suit (suppression de “sans motif légal”): Les décisions sont rendues et exécutées au nom du peuple, et leur inexécution ou l'entrave à leur exécution sont interdites.",22,MARSAD_ANC
AMD-e49d13e5550c,NCA-2011,l'article 109,/fr/constitution/3/article/109,"Modification du titre de la première section du titre I (De la justice judiciaire, administrative et financière) comme suit: Du conseil supérieur de la justice",15,MARSAD_ANC
AMD-f4a0680d6a5c,NCA-2011,l'article 109,/fr/constitution/3/article/109,"Amendement du deuxième paragraphe de l'article 109 comme suit: “Chaque organe se compose pour deux tiers de magistrats en majorité élus et d’autres nommés ès qualités, et pour le tiers restant de non-magistrats indépendants parmi les spécialistes. à condition que la majorité des membres de ces organes soient élus”.",2,MARSAD_ANC
AMD-385b15cd58d0,NCA-2011,l'article 109,/fr/constitution/3/article/109,"Amendement de l'article: Conseil supérieur du Pouvoir Judiciaire Le Conseil supérieur du pouvoir judiciaire se compose de quatre organes : le Conseil de la justice judiciaire, le Conseil de la justice administrative, le Conseil de la justice financière et l’instance des conseils juridictionnels. Le nombre des membres de ces organes est impair. Chaque organe se compose pour deux tiers de magistrats en majorité élus et d’autres nommés ès qualités, et pour le tiers restant de non-magistrats parmi les personnalités juristes et droits de l'hommistes indépendants connues et compétentes, à condition que la majorité des membres de ces organes soient élus.",19,MARSAD_ANC
AMD-01d6b754b442,NCA-2011,l'article 109,/fr/constitution/3/article/109,"Amendement du deuxième paragraphe de l'article 109 comme suit: Chaque organe se compose pour moitié de magistrats en majorité élus et d’autres nommés , et pour l’autre moitié de non-magistrats, à condition que la représentativité des avocats ne soient pas inférieure au tiers.",15,MARSAD_ANC
AMD-a88e89cfb615,NCA-2011,l'article 109,/fr/constitution/3/article/109,Ajout à la fin du 2ème paragraphe comme suit: “à condition que parmi eux il y ait un représentant de l’Ordre National des Avocats”.,14,MARSAD_ANC
AMD-a490e2f84021,NCA-2011,l'article 111,/fr/constitution/3/article/111,Amendement du deuxième paragraphe de l'article 111 pour fixer le délai du rapport annuel et l'ajout d'un troisième paragraphe:,18,MARSAD_ANC
AMD-9362d02a07cd,NCA-2011,l'article 112,/fr/constitution/3/article/112,Proposition d'amendement consensuel du deuxième paragraphe de l'article 112 comme suit: “Le ministère public fait partie de la justice judiciaire et bénéficie des garanties qui lui sont conférées au sein de la constitution. Les juges du ministère public exercent leurs fonctions prévues par la loi dans le cadre de la politique pénale de l’Etat conformément aux procédures fixées par la loi”.,2,MARSAD_ANC
AMD-e13350dd918e,NCA-2011,l'article 112,/fr/constitution/3/article/112,Amendement du deuxième paragraphe: Le ministère public fait partie de la justice judiciaire et bénéficie des garanties qui lui sont conférées au sein de la constitution. Les juges du ministère public exercent leurs fonctions prévues par la loi dans le cadre de la politique pénale de l’Etat conformément aux procédures fixées par la loi et sous la supervision d'un organe judiciaire (le procureur général près de la cour de cassation).,21,MARSAD_ANC
AMD-50b5e79586d1,NCA-2011,l'article 112,/fr/constitution/3/article/112,Ajout à la fin du deuxième paragraphe: “La loi organise la relation entre le ministère public et le ministre de la justice”.,15,MARSAD_ANC
AMD-568d54fe56c3,NCA-2011,l'article 114,/fr/constitution/3/article/114,"Amendement du deuxième et troisième paragraphe: La Cour des comptes contrôle la bonne gestion des deniers publics conformément aux principes de la légalité, de l'efficacité et de la transparence. Elle statue en matière de comptes des comptables publics. Elle évalue les méthodes comptables et sanctionne les fautes y afférentes. L'Assemblée du Peuple peut lui demander de réaliser des rapports dans son domaine de compétences. Elle aide les pouvoirs législatif et exécutif à contrôler l’exécution des lois de finances et la clôture du budget. La Cour des comptes prépare un rapport annuel général qu’elle remet au Président de la République, au Président de l’Assemblée des Représentants du Peuple, au Chef du Gouvernement et au Président du Conseil supérieur de la magistrature. Il sera ensuite publié. La Cour des comptes peut si nécessaire préparer des rapports spéciaux qui peuvent être rendus publics.",14,MARSAD_ANC
AMD-1887faa16bdb,NCA-2011,l'article 114,/fr/constitution/3/article/114,"Amendement de l'article: La justice financière examine les comptes publics, contrôle la gestion des deniers publics conformément aux principes de la légalité, de l'efficacité, de la transparence et de l'intégrité, et sanctionne les fautes y afférentes. Elle aide les pouvoirs législatif et exécutif à contrôler l'exécution financière et sa clôture. La justice financière est composée de la cour supérieure des comptes et des tribunaux de première instance et d'appel. La Cour établit un rapport général annuel, et si nécessaire des rapports spécifiques, qu’elle transmet au Président de la République, au Président de l'Assemblée du peuple, au Chef du gouvernement et au Président du pouvoir juridictionnel. Ces rapports sont rendus publics. Une loi organique fixe les règles d’organisation, de compétence et de procédures relatives aux institutions de la justice financière, ainsi que le statut de ses magistrats, selon les principes de l'indépendance et de la transparence.",15,MARSAD_ANC
AMD-f1a39ab22391,NCA-2011,l'article 115,/fr/constitution/3/article/115,"Proposition d'amendement consensuel de l'article 115 comme suit: La Cour constitutionnelle est une instance juridictionnelle indépendante composée de douze membres choisis parmi les personnes compétentes, ayant une expérience de vingt années au moins et dont les trois quarts sont spécialisés en droit. Le Président de la République, l’Assemblée des représentants du peuple et le Conseil supérieur de la magistrature nomment chacun 4 candidats dont les trois quarts doivent être spécialisés en droit. La nomination se fait pour un seul mandat d'une durée de neuf ans. Le renouvellement du mandat des membres de la Cour se fait par tiers tous les trois ans. Pour le comblement de vacance dans la composition de la Cour, il est procédé au remplacement suivant le même mode utilisé lors de sa formation, en tenant compte de l’organe qui propose la candidature et de la spécialité. Les membres de la Cour élisent un Président et un vice-président parmi eux, spécialisés en droit.",2,MARSAD_ANC
AMD-485e2d616e82,NCA-2011,l'article 117,/fr/constitution/3/article/117,"Proposition d'amendement consensuel de l'article 117 comme suit: La Cour constitutionnelle est seule compétente pour contrôler la constitutionnalité : - Des projets de lois qui lui sont soumis sur demande du Président de la République ou du chef du gouvernement ou de trente élus de l'assemblée des représentants du peuple. - Des projets de lois constitutionnelles qui lui sont soumis par le Président de l'Assemblée des représentants du peuple, selon les modalités de l'article 142 ou afin de contrôler le respect des procédures de révision de la Constitution, - Des Traités internationaux qui lui sont soumis par le Président de la République, avant la promulgation de la loi d’approbation, - Des lois qui lui sont soumises par les tribunaux, suite à une exception d'inconstitutionnalité à la demande de l'une des parties à un litige, dans les cas et selon les procédures définies par la loi, - Du règlement intérieur de l’Assemblée du peuple qui lui est soumis par son Président. La Cour constitutionnelle exerce les autres attributions qui lui sont reconnues en vertu de la Constitution.",2,MARSAD_ANC
AMD-ae95f9814282,NCA-2011,l'article 117,/fr/constitution/3/article/117,Ajout d'un tiret: Les recours directes de la part des personnes contre les lois portant atteinte aux droits et aux libertés garanties par la constitution et qui ont été la base de jugements définitifs sans que la cour constitutionnelle ait statué auparavant sur leur constitutionnalité selon les formulations et les procédures prévues par la loi.,10,MARSAD_ANC
AMD-bf06467979a1,NCA-2011,l'article 121,/fr/constitution/3/article/121,"Ajout d'un paragraphe relatif à l'organe chargé du contrôle de la constitutionnalité des lois pendant la période transitoire qui précède la mise en place de la cour constitutionnelle, comme suit: ""L'assemblée générale du tribunal administratif se charge temporairement des prérogatives conférées à la cour constitutionnelle et se spécialise dans le contrôle de la constitutionnalité des projets de lois. Les tribunaux ordinaires sont réputés incompétents pour contrôler la constitutionnalité des lois.""",15,MARSAD_ANC
AMD-161934d31bb3,NCA-2011,l'article 122,/fr/constitution/3/article/122,Amendement de l'article 122:,17,MARSAD_ANC
AMD-7c5999ac1633,NCA-2011,l'article 122,/fr/constitution/3/article/122,Amendement de l'article 122:,15,MARSAD_ANC
AMD-cb2e75412060,NCA-2011,l'article 122,/fr/constitution/3/article/122,"Suppression du premier paragraphe et reformulation de l'article: Les instances constitutionnelles jouissent de la personnalité juridique et de l’autonomie administrative et financière. Elles sont élues par l’Assemblée des Représentants du Peuple, lui présentent un rapport annuel et sont responsables devant elle. Tous les organes de l'État se doivent de leur porter assistance dans la réalisation de leur mission. Les instances sont consultées concernant les projets de lois et donnent leurs avis au sujet des questions de son domaine de compétence. La composition des instances, les modes de leur sélection et leur organisation sont fixés par la présente constitution ou la loi.",15,MARSAD_ANC
AMD-1caacd3ad386,NCA-2011,l'article 123,/fr/constitution/3/article/123,"Suppression du nombre ""neuf"" de la composition de l'instance.",15,MARSAD_ANC
AMD-18bfb082195c,NCA-2011,l'article 124,/fr/constitution/3/article/124,Changement du titre de la deuxième section du chapitre VI: L'instance de l'information et de la communication,14,MARSAD_ANC
AMD-2c0e9781a57c,NCA-2011,l'article 124,/fr/constitution/3/article/124,"Amendement consensuel de l'article 124 - paragraphe premier comme suit: L'instance de la communication audiovisuelle est chargée de la régulation et du développement du secteur de l’information, elle veille à garantir la liberté d’expression et d’information, et l’instauration d’un paysage médiatique pluraliste et intègre.",2,MARSAD_ANC
AMD-8c12863d44d5,NCA-2011,l'article 124,/fr/constitution/3/article/124,"Suppression du nombre ""neuf"" de la composition de l'instance.",15,MARSAD_ANC
AMD-9b8043cddfc1,NCA-2011,l'article 124,/fr/constitution/3/article/124,"Amendement du paragraphe premier de l'article 124: L’instance de l’information et de la communication prend en charge la régulation du secteur de l’audiovisuel , et son développement. Elle veille au respect des libertés d’expression et d’information audiovisuelle, de la presse écrite et électronique, du droit d’accès à l’information, et garantit la pluralité et l’intégrité des médias.",14,MARSAD_ANC
AMD-45b936a52a89,NCA-2011,l'article 124,/fr/constitution/3/article/124,"Amendement de l'article 124: L’instance de l’information prend en charge la régulation du paysage audiovisuel , et son développement. Elle veille au respect des libertés d’expression et de communication audiovisuelle, instaurant un paysage médiatique pluraliste et intègre. L’instance jouit d’un pouvoir réglementaire dans son domaine de compétence, et elle est obligatoirement consultée pour l’ensemble des projets et textes de loi qui y sont relatifs. L’instance se compose de 9 membres indépendants, neutres, compétents et intègres qui sont choisis en concertation avec les organisations professionnelles et les syndicats les plus représentatifs. Le renouvellement de ses membres s’effectue au tiers tous les deux ans.",15,MARSAD_ANC
AMD-477e5e875264,NCA-2011,l'article 124,/fr/constitution/3/article/124,Amendement de l'article 124:,15,MARSAD_ANC
AMD-f325d2b49e6a,NCA-2011,l'article 125,/fr/constitution/3/article/125,Amendement de l'article 125 comme suit:,15,MARSAD_ANC
AMD-f201f9c5a9f8,NCA-2011,l'article 126,/fr/constitution/3/article/126,"Modifier le nom de ""l'instance du développement durable et des droits des générations futures"" par ""l'instance du développement durable et de la solidarité entre les générations"" dans tout le texte.",15,MARSAD_ANC
AMD-a9d56cb83b10,NCA-2011,l'article 126,/fr/constitution/3/article/126,"Reformulation de l'article: L’instance examine les politiques générales de l’Etat dans les domaines économique, social, environnemental pour la réalisation du développement durable garantissant les droits des futures générations et soutient la recherche scientifique et ses institutions. Elle est obligatoirement consultée pour les projets de loi en rapport avec son domaine de compétence et la motivation du refus de prendre son avis en compte doit être publiée dans le Journal Officiel de la République Tunisienne. L’instance est composée de membres compétents et intègres qui exercent leurs fonctions pendant un seul mandat de six ans.",15,MARSAD_ANC
AMD-fea70cb79aa1,NCA-2011,l'article 126,/fr/constitution/3/article/126,Amendement de l'article 126 comme suit:,16,MARSAD_ANC
AMD-ee3668dd1593,NCA-2011,l'article 127,/fr/constitution/3/article/127,"Amendement du deuxième paragraphe: L’instance se charge d’observer les cas de corruption dans les secteurs public et privé, d’investiguer et d’enquêter sur ces cas et de les soumettre aux autorités compétentes.",15,MARSAD_ANC
AMD-28ad9e5519a7,NCA-2011,l'article 127,/fr/constitution/3/article/127,Amendement de l'article 127 comme suit:,16,MARSAD_ANC
AMD-68e06f4bfd77,NCA-2011,l'article 127,/fr/constitution/3/article/127,"Après l'article 127 - Proposition d'ajout d'une section relative au Conseil Supérieur Islamique: Le Conseil Supérieur Islamique se charge de fournir des conseils sur les projets de lois qui lui sont soumis par l'Assemblée des Représentants du Peuple. Le conseil oeuvre également à préserver l'unité de la communauté à la lumière de la tradition sunnite, à diffuser les vraies notions de l'Islam et à mettre en évidence ses réelles fondements par sa pensée, sa culture et sa civilisation. Le Conseil Supérieur Islamique se compose de neuf membres compétents et intègres, qui exercent leurs fonctions pendant un seul mandat de six ans, avec renouvellement du tiers de ses membres tous les deux ans.",30,MARSAD_ANC
AMD-ce09f6125d1f,NCA-2011,l'article 127,/fr/constitution/3/article/127,Au chapitre des instances constitutionnelles - Proposition d'ajout d'une section relative au Conseil National pour les Jeunes: Le Conseil National pour les Jeunes a pour mission de donner son avis sur les politiques et questions nationales. Il peut proposer des projets de lois relatifs aux jeunes et veille à la mise à disposition des conditions nécessaires pour le développement des capacités des jeunes et l'activation de leurs énergies. Le conseil est obligatoirement consulté pour les projets de lois relatifs à son domaine de compétence.,14,MARSAD_ANC
AMD-34afe1fa9203,NCA-2011,l'article 127,/fr/constitution/3/article/127,"Au chapitre des instances constitutionnelles - Proposition d'ajout d'une section relative au Conseil Supérieur des Tunisiens à l'Etranger: Le Conseil Supérieur des Tunisiens à l'Etranger se charge de donner son avis sur les politiques de l'Etat relatives aux affaires des ressortissants tunisiens à l'étranger et de faire des propositions dans ce sens. Le conseil est obligatoirement consulté pour les projets de lois relatifs aux tunisiens à l'étranger, et pour les conventions et accords qui leur sont liés.",2,MARSAD_ANC
AMD-093cfdbb1c71,NCA-2011,l'article 127,/fr/constitution/3/article/127,"Au chapitre des instances constitutionnelles - Proposition d'ajout d'une section relative au Conseil National du Dialogue Social: Le conseil National du Dialogue Social jouit de la personnalité juridique et de l'autonomie administrative et financière. Il réunit les trois parties sociales d'une manière égale et chaque partie nomme son représentant. Le conseil est obligatoirement pour les projets de textes législatifs en relation directe ou indirecte avec les relations de travail et d'emploi et du domaine social et économique. Le conseil peut également se charger par lui-même des questions sociales et économiques, et faire des propositions dans ce sens. Le statut du conseil est fixé en vertu d'une loi.",29,MARSAD_ANC
AMD-7fb4e3c784d7,NCA-2011,l'article 132,/fr/constitution/3/article/132,Ajout avant le dernier paragraphe de l'article 132: Une partie des revenus tirés des ressources souterraines est allouée au développement régional.,34,MARSAD_ANC
AMD-bb97471cdc62,NCA-2011,l'article 133,/fr/constitution/3/article/133,"Ajout d'un deuxième paragraphe: L’autorité centrale garantit aux collectivités locales un pourcentage des ressources des richesses régionales, qui sera fixé par la loi.",15,MARSAD_ANC
AMD-3584c4b87888,NCA-2011,l'article 136,/fr/constitution/3/article/136,"Ajout d'un dernier paragraphe à l'article 136: Il est possible d’utiliser l’initiative législative à travers les pétitions populaires, les consultations et les référendums locaux.",12,MARSAD_ANC
AMD-b17cf4e14418,NCA-2011,l'article 137,/fr/constitution/3/article/137,Ajout d'un article - Texte de l'article proposé: Les gouvernorats les moins développés bénéficient d’une discrimination positive pour réaliser l’équilibre entre eux.,30,MARSAD_ANC
AMD-1b6ff70ff566,NCA-2011,l'article 138,/fr/constitution/3/article/138,Amendement de l'article 138 comme suit:,17,MARSAD_ANC
AMD-85ae0415de30,NCA-2011,l'article 138,/fr/constitution/3/article/138,"Amendement du premier et deuxième paragraphe: Le Conseil des collectivités locales est une instance représentative des Conseils régionaux. Son siège est à l’extérieur de la capitale. Le Conseil des collectivités locales examine les questions relatives au développement et à l’équilibre entre les régions. Il donne un avis sur les projets de lois relatifs au plan, au budget et aux finances locales. Son Président a le droit d'assister aux délibérations de l’Assemblée des Représentants du Peuple.",15,MARSAD_ANC
AMD-a859e5f6f4d6,NCA-2011,l'article 138,/fr/constitution/3/article/138,"Ajout d'un article 138 bis - Création de bureaux régionaux d'audit: Afin de garantir la transparence des aspects financiers dans les collectivités locales et étant comme un mécanisme de contrôle régional, il est crée au sein de chaque région un bureau d'audit des dépenses des collectivités territoriales, de surveillance des marchés publiques et de lutte contre l'évasion fiscale locale appelé bureau d'audit. L'instance du bureau d'audit se compose de neuf membres indépendants, neutres, originaires de la région, compétents et intègres qui effectuent leur mission pour un mandat de cinq ans et sont élus au suffrage libre, direct, secret et intègre au niveau de la région et exclusivement par les acquittés des impôts locales. L'instance supérieure des élections se charge de l'inscription des électeurs dans chaque région, de l'organisation, du déroulement des élection des membres du bureau d'audit et l'annonce des résultats en toute transparence et en utilisant tous les moyens des médias publiques. Le bureau élu jouit de la personnalité juridique et de l’autonomie administrative et financière. Le tribunal administratif et le le tribunal financier ou la cour des comptes statuent sur tous litiges soumis par le bureau d'audit où qu'il se trouve et statuent également dans les litiges en matière de conflits de compétences entre les différents niveaux des collectivités locales ou le bureau d'audit. Le conseil législatif précise les prérogatives, les missions, les domaines d'intervention du bureau d'audit. Il fixe également les conditions, les procédures, les normes pour sa composition et les spécialisations de ses membres et ratifie la loi organisatrice de son élection et de ses activités. Le conseil législatif contraint également le bureau d'audit d'un règlement intérieur et d'une loi organique unifiés au niveau national. Le bureau d'audit est préside dans chaque région par le membre ayant le plus grand nombre de votes aux élections et portera le qualificatif de contrôleur régional. Le président du bureau d'audit, ou son suppléant via procuration écrite, assiste à toutes les assemblées des conseils municipaux de sa région, du conseil régional, du conseil territorial lui référant et le conseil législatif et exprime son opinion sur toutes les questions relatives à sa région. Le bureau d'audit publie toutes les activités abordées dans une publication mensuelle créée à cet effet et aussi sur le site électronique du bureau avec un résumé des activités des collectivités territoriales et un résumé des cahiers des charges et des contrats des marchés publiques signés et cela de manière périodiques et dans des délais précis, aussi le bureau met à disposition du grand public sur le site des données actualisées hebdomadairement contenant les noms des acquittés des impôts et les montants qui leur sont dus.",23,MARSAD_ANC
AMD-820114c174e1,NCA-2011,l'article 139,/fr/constitution/3/article/139,"Ajout d'un article avant l'article 139: Le gouverneur est le représentant du pouvoir central au sein du gouvernorat qui se charge de l'application des politiques nationales au niveau de la région et vient en aide aux représentants des conseils locaux pour réaliser les intérêts locaux, dans le cadre de ce que la loi permet, et le non conflit avec les prérogatives des collectivités locales.",14,MARSAD_ANC
AMD-28ee01a7b9be,NCA-2011,l'article 141,/fr/constitution/3/article/141,Amendement consensuel:,2,MARSAD_ANC
AMD-5b4ed3dedc62,NCA-2011,l'article 144,/fr/constitution/3/article/144,Suppression de l'article 144 des dispositions finales.,15,MARSAD_ANC
AMD-65f33c238ce2,NCA-2011,l'article 144,/fr/constitution/3/article/144,Suppression de l'article 144,15,MARSAD_ANC
AMD-562d3af1f4af,NCA-2011,l'article 145,/fr/constitution/3/article/145,"Proposition d'amendement consensuel - Déplacer l'article 145 vers le chapitre des dispositions finales et reformulation de l'article: ""Après la ratification de la présente Constitution dans sa totalité conformément aux dispositions de la loi constituante n°6 de 2011 datée du 16 décembre 2011 portant organisation provisoire des pouvoirs publics, l’Assemblée nationale constituante se réunit dans un délai ne dépassant pas une semaine en séance plénière extraordinaire durant laquelle la Constitution est promulguée par le Président de la République, le Président de l’Assemblée nationale constituante et le Chef du gouvernement. Et la Constitution entre en vigueur à partir du ..."" (le jour sera fixé ultérieurement à la lumière de l’’avancée de l’adoption et sera dans un intervalle d’une semaine suivant la publication).",2,MARSAD_ANC
AMD-31fb5c3e8550,NCA-2011,l'article 146,/fr/constitution/3/article/146,"Ajout au troisième tiret du deuxième point de l'article 146: Les principes et garanties énoncés dans les articles 103 et 104 sont en vigueur et s’appliquent aux institutions et instances existantes concernées, jusqu’à la mise en place du conseil supérieur du pouvoir judiciaire.",14,MARSAD_ANC
AMD-c9a3a7edbb71,NCA-2011,l'article 127,/fr/constitution/3/article/127,Amendement du troisième paragraphe de l'article 127: L’instance est obligatoirement consultée pour les projets de textes législatifs et réglementaires relatifs à son domaine de compétence.,15,MARSAD_ANC
AMD-484745f3f4c2,NCA-2011,l'article 146,/fr/constitution/3/article/146,"Proposition d'amendement consensuel de l'article 146 comme suit: 1. Sont maintenues les dispositions des articles 5, 6, 8, 15 et 16 de l’organisation provisoire des pouvoirs publics jusqu’à l’élection de l’Assemblée des représentants du Peuple. Sont maintenues les dispositions de l’article 4 de l’organisation provisoire des pouvoirs publics jusqu’à l’élection de l’Assemblée des représentants du Peuple, cependant et à compter de l’entrée en vigueur de la Constitution, aucun projet de loi présenté par des élus n’est accepté, sauf s’il se rapporte au processus électoral, au système de la justice transitionnelle ou aux instances émanant de toutes les lois adoptées par l’Assemblée nationale constituante. Sont maintenues les dispositions des articles 7, 9 à 14 et 26 de l’organisation provisoire des pouvoirs publics jusqu’à l’élection du Président de la République, conformément à l’article 73 et suivants de la Constitution. Sont maintenues les dispositions des articles 17 à 20 de l’organisation provisoire des pouvoirs publics jusqu’à ce que le premier Gouvernement jouisse de la confiance de l’Assemblée des représentants du Peuple. L’Assemblée nationale constituante poursuit l’exercice de ses compétences législatives, électorales et de contrôle, décidées dans la loi organique relative à l’organisation provisoire des pouvoirs publics ou dans les lois en vigueur jusqu’à l’élection de l’Assemblée des représentants du Peuple. 2. les dispositions mentionnées ci-dessous entrent en vigueur comme suit : - Les dispositions du chapitre III relatif au pouvoir législatif, exceptés les articles 52, 53, 54 et la partie II du chapitre IV relatif au gouvernement entrent vigueur à compter du jour de la proclamation des résultats définitifs des premières élections législatives. - Les dispositions de la partie I du chapitre IV relatif au Président de la République excepté les articles 73 et 74 entrent en vigueur à compter du jour de la proclamation des résultats définitifs des premières élections présidentielles. Les articles 73 et 74 n’entrent en vigueur que concernant le Président de la République qui sera élu au suffrage direct. - Les dispositions de la partie I du chapitre V consacré aux juridictions judicaires, administratives et financière, exceptés les articles 105 à 108, entre en vigueur dès lors que le Conseil supérieur de la magistrature est institué. - Les dispositions de la partie II du chapitre V consacré à la Cour constitutionnelle, excepté l’article 115, entrent en vigueur à la fin de la nomination des membres de la première composition de la Cour constitutionnelle. - Les dispositions du chapitre VI consacré aux instances constitutionnelles entrent en vigueur après l’élection de l’Assemblée des représentants du Peuple. - Les dispositions du chapitre VII consacré au pouvoir locale entrent en vigueur au moment de l’entrée en vigueur des lois qui y sont citées. 3. Les élections présidentielles et législatives sont tenues dans une période commençant 4 mois après la mise en place de l’ISIE, sans que cela ne dépasse dans tous les cas, la fin de l’année 2014. 4. Les parrainages se font lors des premières élections présidentielles directement par un nombre de membres de l’Assemblée nationale constituante, conformément au nombre requis de membres de l’Assemblée des représentants du peuple ou du nombre d’électeurs inscris, tel que prévu par la loi électorale. 5. Dans un délai maximum de 6 mois à compter de la date des élections législatives, il est procédé à la mise en place du Conseil Supérieur de la Magistrature, et dans un délai d’une année à compter de la date de ces élections à la mise en place de la Cour constitutionnelle. 6. Le renouvellement partiel de la Cour constitutionnelle, de l’Instance des élections, de l’Instance de la communication audio-visuelle et de l’Instance de la bonne gouvernance et de la lutte contre la corruption, se fait lors de la première et de la deuxième fois par tirage au sort parmi les membres de la première composition. Le Président est exclu du tirage au sort. 7. L’Assemblée nationale constituante crée en vertu d’une loi organique, durant les 3 mois suivant la promulgation de la Constitution, une instance provisoire chargée du contrôle de la constitutionnalité des projets de loi et elle se compose du(de) : - Premier président de la Cour de cassation, en tant que président, - Premier président du Tribunal administratif, en tant que membre, - Premier président de la Cour des comptes, en tant que membre, - 3 membres parmi les experts en Droit, nommés respectivement par le président de l’Assemblée nationale constituante, le Président de la République et le Chef du gouvernement. Les tribunaux ordinaires sont réputés incompétents pour contrôler la constitutionnalité des lois. Les fonctions de l’Instance prennent fin avec la mise en place de la Cour constitutionnelle. 8. L’instance provisoire de la justice judiciaire continue d’exercer ses fonctions jusqu’à la finalisation de la composition du Conseil de la Justice Judiciaire. L’instance indépendante de la communication audio-visuelle continue d’exercer ses fonctions jusqu’à la finalisation de la composition de l’Instance de la communication audio-visuelle. 9. L’Etat s’engage à appliquer le système de la justice transitionnelle dans l’ensemble de ses domaines et dans la période fixée par la législation qui y est relative. Dans ce contexte, il n’est pas permis d’invoquer la non-rétroactivité des lois ou une amnistie préexistante ou l’autorité de la chose jugée ou la prescription d’un crime ou d’une peine.",1,MARSAD_ANC
AMD-10f8c17d1f63,NCA-2011,l'article 146,/fr/constitution/3/article/146,"Ajout d’un paragraphe à la fin de l'article 146: La mission de l’assemblée nationale constituante s’achève 3 mois après la publication de cette constitution. Pendant cette période, il faudra voter la loi électorale et élire l’ISIE, l’instance de la vérité et de la dignité et l'instance nationale de prévention contre la torture.",16,MARSAD_ANC
AMD-f040076a3bbd,NCA-2011,l'article 146,/fr/constitution/3/article/146,"Ajout d'un paragraphe après le cinquième paragraphe de l'article 146 qui a été amendé: Le président de la République provisoire publie un décret présidentiel, sur la base de la date arrêtée par l’Instance supérieure indépendante pour les élections, pour appeler les électeurs aux élections présidentielles et législatives. Le président de la République est élu sur la base de l’article 74, exceptionnellement pour un mandat de 4 ans, lors des premières élections présidentielles. A partir de l’annonce des résultats des élections législatives par l’ISIE, le président de la République publie un arrêté présidentiel pour la tenue de la première séance de l’Assemblée des représentants du peuple. L’Assemblée des représentants du peuple prend toutes les mesures nécessaires pour l’élection de son président, de son bureau, de ses commissions et la poursuite de ses travaux.",17,MARSAD_ANC
AMD-2cca38982901,NCA-2011,l'article 18,/fr/constitution/3/article/18,"Amendement de l'article: Les forces de sécurité nationale sont “une institution républicaine” chargées de préserver l'ordre public, de veiller à la sécurité et à la protection des individus, des institutions et des biens, de l’application de la loi dans les limites de “la protection des libertés” en toute neutralité.",15,MARSAD_ANC
AMD-1b78e52a440b,NCA-2011,l'article 17,/fr/constitution/3/article/17,"Amendement de l'article: L’armée nationale est “une institution républicaine” et elle est une force armée basée sur la discipline, composée et structurellement organisée conformément à la loi, chargée de défendre la nation, son indépendance et l’intégrité de son territoire. Elle est tenue à une neutralité totale “ et contribue dans les efforts de secours et de développement.”",15,MARSAD_ANC
AMD-415e431f22ab,NCA-2011,l'article 19,/fr/constitution/3/article/19,"Après l'article 19 - Ajout d’un article : Sont publiés dans le Journal Officiel de la République Tunisienne tous les textes, les contrats et les accords dans le domaine de l'exploration, de la recherche et de l'exploitation des ressources naturelles en Tunisie. Toutes les entreprises étrangères, locales qui sont publiques et les entreprises privées doivent publier au JORT toutes les données relatives au produit et aux revenus réalisés et versés au profit de l'Etat tunisien. Toutes les ressources naturelles sont la propriété du peuple tunisien. L’Etat Tunisien exerce sa souveraineté sur ces ressources au nom du peuple, assure une bonne gestion en toute transparence en garantissant la sécurité de l'environnement de manière responsable dans l'intérêt de tous les citoyens et les régions de manière équitable, et en préservant les droits des générations futures. Tous les revenus générés par les ressources naturelles du pays sont répartis entre le budget de l'Etat et le budget des collectivités locales, conformément à la loi.",26,MARSAD_ANC
AMD-65282f019b4b,NCA-2011,l'article 39,/fr/constitution/3/article/39,"Amendement de l'article: Ajout de ""décent"" au travail comme un droit.",14,MARSAD_ANC
AMD-a97ea258bb7c,NCA-2011,l'article 39,/fr/constitution/3/article/39,Amendement de l'article:,15,MARSAD_ANC
AMD-c2ddd2c9b2a1,NCA-2011,l'article 39,/fr/constitution/3/article/39,Amendement de l'article - Ajout d'un paragraphe: L'Etat s'emploie à diffuser la culture de travail et l'éducation des jeunes générations avec.,15,MARSAD_ANC
AMD-3b7ccd0c9ab5,NCA-2011,l'article 39,/fr/constitution/3/article/39,"Amendement de l'article: Ajout de l'expression ""dans des cadres juridiques"" après ""les dispositions nécessaires pour le garantir"".",4,MARSAD_ANC
AMD-43d607a9c525,NCA-2011,l'article 39,/fr/constitution/3/article/39,Reformulation de l'article: Le travail est un droit pour chaque citoyen et citoyenne. L’État prend les mesures nécessaires pour le garantir sur la base de la compétence et l’équité. Chaque citoyen et citoyenne a le droit de travailler dans des conditions convenables et une paie juste.,15,MARSAD_ANC
AMD-0fa5b99c4afd,NCA-2011,l'article 39,/fr/constitution/3/article/39,Reformulation de l'article: Le travail est un droit pour chaque citoyen et citoyenne. L’État prend les mesures nécessaires pour le garantir sur la base de la compétence et l’équité. Chaque citoyen et citoyenne a le droit de travailler dans des conditions convenables et une paie juste.,15,MARSAD_ANC
AMD-e0719e936657,NCA-2011,l'article 46,/fr/constitution/3/article/46,Proposition d'amendement - Ajout d'un premier paragraphe: Le nourrisson a le droit d’avoir de ses parents et de l’Etat la garantie de la santé et des soins.,14,MARSAD_ANC
AMD-125896f35a45,NCA-2011,l'article 51,/fr/constitution/3/article/51,Modifier le dernier paragraphe: “L’Assemblée met à la disposition de l’élu les ressources humaines et matérielles nécessaires pour la bonne exécution de mandat.”,14,MARSAD_ANC
AMD-433486d611c0,NCA-2011,l'article 51,/fr/constitution/3/article/51,Ajout entre le premier et le deuxième paragraphe: L’assemblée est libre d’utiliser ses ressources selon les critères de la bonne gouvernance et sous le contrôle ultérieur de la justice financière.,14,MARSAD_ANC
AMD-ef9814e40fde,NCA-2011,l'article 52,/fr/constitution/3/article/52,Supprimer la condition “depuis 10 ans au moins” concernant la nationalité tunisienne.,17,MARSAD_ANC
AMD-fc123f95e917,NCA-2011,l'article 52,/fr/constitution/3/article/52,Ajout d'un paragraphe: Il est interdit de cumuler les fonctions de députés et de président d’une collectivité locale.,17,MARSAD_ANC
AMD-58c76b21711d,NCA-2011,l'article 55,/fr/constitution/3/article/55,Remplacer “péril imminent” par “situation exceptionnelle” pour la prolongation du mandat de l’Assemblée.,19,MARSAD_ANC
