assembly_id,name_ar,name_fr,name_en,type,ordinal,start_date,end_date,nominal_end_date,seats_nominal,seats_filled,seats_women,electoral_system,suffrage,regime_period,termination_mode,speaker_person_id,legal_basis,coverage_status,notes
ANC-1956,المجلس القومي التأسيسي,Assemblée nationale constituante,National Constituent Assembly,constituent,1,1956-04-08,1959-06-01,,98,98,0,Closed-list plurality (bloc vote) in multi-member constituencies; the Front National list won all seats,Men only; women were enfranchised in 1957 and first voted in the 1959 elections,protectorate_transition,Superseded: dissolved on promulgation of the Constitution of 1 June 1959,,Beylical decree of 1955 convening a constituent assembly,full,"Elected 25 March 1956, five days after independence; opened 8 April 1956. Voted to abolish the monarchy and proclaim the Republic on 25 July 1957. Ten seats were refilled at a by-election on 26 August 1956 after six members were appointed governors, one a délégué, and two died. seats_women is 0 because women were not enfranchised until 1957 and first stood in 1959; this follows from the franchise rather than from a counted roster. Full roster available but from a tertiary source; see docs/SOURCES.md."
NA-1959,مجلس الأمة,Assemblée nationale,National Assembly,ordinary_lower,2,1959-11-08,1964-11-08,,90,90,,Closed-list plurality (bloc vote); Neo-Destour won all 90 seats,Universal adult suffrage; women voting in a legislative election for the first time,bourguiba,Normal expiry,,Constitution of 1 June 1959,frame_only,First legislature under the 1959 Constitution. start_date is the election date; the first-sitting date has not been verified against the Journal Officiel de la République Tunisienne.
NA-1964,مجلس الأمة,Assemblée nationale,National Assembly,ordinary_lower,3,1964-11-08,1969-11-02,,101,101,,Closed-list plurality (bloc vote); the Socialist Destourian Party won all 101 seats,Universal adult suffrage,bourguiba,Normal expiry,,Constitution of 1959,frame_only,The Neo-Destour renamed itself the Parti socialiste destourien at its 1964 Bizerte congress. Seat count verified as 101; the figure of 90 often reported for this chamber is carried over from 1959. start_date is the election date; the first-sitting date has not been verified against the Journal Officiel de la République Tunisienne.
NA-1969,مجلس الأمة,Assemblée nationale,National Assembly,ordinary_lower,4,1969-11-02,1974-11-03,,101,101,,Closed-list plurality (bloc vote); single-party return,Universal adult suffrage,bourguiba,Normal expiry,,Constitution of 1959,frame_only,start_date is the election date; the first-sitting date has not been verified against the Journal Officiel de la République Tunisienne.
NA-1974,مجلس الأمة,Assemblée nationale,National Assembly,ordinary_lower,5,1974-11-03,1979-11-04,,112,112,,Closed-list plurality (bloc vote); single-party return,Universal adult suffrage,bourguiba,Normal expiry,,Constitution of 1959; Bourguiba proclaimed President for life in 1975,frame_only,start_date is the election date; the first-sitting date has not been verified against the Journal Officiel de la République Tunisienne.
NA-1979,مجلس الأمة,Assemblée nationale,National Assembly,ordinary_lower,6,1979-11-04,1981-11-01,1984-11-04,121,121,,Closed-list plurality (bloc vote); single-party return,Universal adult suffrage,bourguiba,"Early renewal: elections held in 1981, three years into the term",,Constitution of 1959,frame_only,"Cut short by the early election of 1 November 1981, the first contested by legalised opposition parties. start_date is the election date; the first-sitting date has not been verified against the Journal Officiel de la République Tunisienne."
COD-1981,مجلس النواب,Chambre des députés,Chamber of Deputies,ordinary_lower,7,1981-11-01,1986-11-02,,136,136,,Closed-list plurality (bloc vote); the PSD-led National Front took all 136 seats,Universal adult suffrage,bourguiba,Normal expiry,,Constitution of 1959,frame_only,"The chamber was renamed Chamber of Deputies (مجلس النواب) in 1981, replacing National Assembly (مجلس الأمة). start_date is the election date; the first-sitting date has not been verified against the Journal Officiel de la République Tunisienne."
COD-1986,مجلس النواب,Chambre des députés,Chamber of Deputies,ordinary_lower,8,1986-11-02,1989-04-02,1991-11-02,125,125,,Closed-list plurality (bloc vote); opposition boycott left all 125 seats to the PSD,Universal adult suffrage,bourguiba,Early renewal after the change of regime of 7 November 1987,,Constitution of 1959,frame_only,"Sat across the removal of Bourguiba by Ben Ali on 7 November 1987, so this chamber-term spans two regime periods; regime_period records its period of election. Cut short by the early election of 2 April 1989. start_date is the election date; the first-sitting date has not been verified against the Journal Officiel de la République Tunisienne."
COD-1989,مجلس النواب,Chambre des députés,Chamber of Deputies,ordinary_lower,9,1989-04-02,1994-03-20,,141,141,,Closed-list plurality (bloc vote); the RCD took all 141 seats,Universal adult suffrage,ben_ali,Normal expiry,,Constitution of 1959,frame_only,First election under Ben Ali; the PSD had been renamed Rassemblement constitutionnel démocratique (RCD) in 1988. Independent lists associated with the Islamist tendency polled strongly but won no seats. start_date is the election date; the first-sitting date has not been verified against the Journal Officiel de la République Tunisienne.
COD-1994,مجلس النواب,Chambre des députés,Chamber of Deputies,ordinary_lower,10,1994-03-20,1999-10-24,,163,163,,144 seats by bloc vote plus 19 seats distributed nationally to losing opposition lists,Universal adult suffrage,ben_ali,Normal expiry,,Constitution of 1959; 1993 amendment of the electoral code,frame_only,The compensatory mechanism introduced here admitted opposition deputies to the chamber for the first time (19 of 163 seats). It is the institutional origin of the 'tolerated opposition' that the literature treats as authoritarian power-sharing. start_date is the election date; the first-sitting date has not been verified against the Journal Officiel de la République Tunisienne.
COD-1999,مجلس النواب,Chambre des députés,Chamber of Deputies,ordinary_lower,11,1999-10-24,2004-10-24,,182,182,,148 seats by bloc vote plus 34 compensatory seats for opposition lists,Universal adult suffrage,ben_ali,Normal expiry,,Constitution of 1959,frame_only,start_date is the election date; the first-sitting date has not been verified against the Journal Officiel de la République Tunisienne.
COD-2004,مجلس النواب,Chambre des députés,Chamber of Deputies,ordinary_lower,12,2004-10-24,2009-10-25,,189,189,,152 seats by bloc vote plus 37 compensatory seats for opposition lists,Universal adult suffrage,ben_ali,Normal expiry,,Constitution of 1959 as amended in 2002,frame_only,"First lower chamber to sit alongside the Chamber of Advisors, created by the constitutional amendment approved in the referendum of 26 May 2002. start_date is the election date; the first-sitting date has not been verified against the Journal Officiel de la République Tunisienne."
COD-2009,مجلس النواب,Chambre des députés,Chamber of Deputies,ordinary_lower,13,2009-10-25,2011-03-23,2014-10-25,214,214,,161 seats by bloc vote plus 53 compensatory seats for opposition lists,Universal adult suffrage,ben_ali,Dissolved after the revolution of 14 January 2011,,Constitution of 1959 as amended,frame_only,The last chamber of the Ben Ali period. It ceased to function after Ben Ali left the country on 14 January 2011 and was dissolved in the course of the March 2011 decree-laws that suspended the 1959 Constitution. The precise dissolution instrument and date require verification against the JORT; 2011-03-23 is recorded provisionally.
ADV-2005,مجلس المستشارين,Chambre des conseillers,Chamber of Advisors,ordinary_upper,,,2011-03-23,,112,,,"Mixed: two-thirds elected indirectly by local councillors and professional bodies, one-third appointed by the President",Indirect; no direct popular vote,ben_ali,Dissolved after the revolution of 14 January 2011,,Constitutional amendment approved by referendum on 26 May 2002,frame_only,"Tunisia's only upper house before 2023. Sat 2005-2011 in parallel with the Chamber of Deputies. start_date is left EMPTY because the date of its first sitting could not be verified; it is not unknown-but-approximately-2005, it is simply not established here. Membership was reported as 112 at creation and 126 after the 2008 partial renewal; both figures require verification. No person-level data is included for this chamber."
NCA-2011,المجلس الوطني التأسيسي,Assemblée nationale constituante,National Constituent Assembly,constituent,14,2011-11-22,2014-12-01,,217,217,65,"Closed-list proportional representation with largest remainder (Hare quota) in 33 constituencies, six of them out-of-country; vertical parity required on lists",Universal adult suffrage,transition,Superseded: handed over to the ARP on 2 December 2014 after adopting the Constitution of 27 January 2014,,Decree-Law 2011-35 of 10 May 2011; Constituent Law 2011-6 of 16 December 2011,full,"Elected 23 October 2011 in Tunisia's first free election. Ennahdha took 89 seats, CPR 29, Aridha Chaabia 26, Ettakatol 20. seats_women is the figure usually reported for the assembly as returned and should be recomputed from the mandates table for any published claim."
ARP-2014,مجلس نواب الشعب,Assemblée des représentants du peuple,Assembly of the Representatives of the People,ordinary_lower,15,2014-12-02,2019-10-05,,217,217,,"Closed-list proportional representation with largest remainder in 33 constituencies, six out-of-country; vertical parity required",Universal adult suffrage,second_republic,Normal expiry,,Constitution of 27 January 2014,full,"Elected 26 October 2014: Nidaa Tounes 86 seats, Ennahdha 69. Dates follow the chamber's own mandate record; its successor first sat on 13 November 2019. Recovered from Internet Archive captures of Al Bawsala's 2014 observatory (majles.marsad.tn/2014), which the live site no longer serves. Because ~29 monthly captures survive, this is the ONE chamber for which bloc switching is directly observable: 108 of 246 members changed bloc during the term, tracking the split of Nidaa Tounes and the formation of Machrouu Tounes."
ARP-2019,مجلس نواب الشعب,Assemblée des représentants du peuple,Assembly of the Representatives of the People,ordinary_lower,16,2019-11-13,2021-07-25,2024-11-13,217,217,,"Closed-list proportional representation with largest remainder in 33 constituencies, six out-of-country",Universal adult suffrage,second_republic,Frozen by Presidential Decree 2021-117 of 25 July 2021; formally dissolved on 30 March 2022,,Constitution of 27 January 2014,full,"The chamber whose suspension ended the Second Republic. end_date is the date its powers were frozen; nominal_end_date is the five-year expiry that never arrived; the formal dissolution followed on 30 March 2022. Analyses of democratic breakdown should use end_date, not nominal_end_date, as the point of institutional death."
ARP-2023,مجلس نواب الشعب,Assemblée des représentants du peuple,Assembly of the Representatives of the People,ordinary_lower,17,2023-03-13,,2027-03-12,161,,,"Two-round majoritarian in 161 single-member constituencies; candidates stand as individuals, not on party lists",Universal adult suffrage,third_republic,,,Constitution of 25 July 2022; Decree-Law 2022-55 amending the electoral law,full,Elected 17 December 2022 (first round) and 29 January 2023 (second round) on a turnout of about 11 per cent. The shift from closed-list PR to single-member districts with individual candidacies is the central institutional change of the Third Republic and breaks comparability of party-level measures with 2011-2019: there are no party lists to code.
CNRD-2023,المجلس الوطني للجهات والأقاليم,Conseil national des régions et des districts,National Council of Regions and Districts,regional,,2024-04-19,,,77,,,Indirect: members drawn by lot from elected local and regional councils,Indirect; no direct popular vote,third_republic,,,Constitution of 25 July 2022 (in force from 25 July 2022),frame_only,"The second chamber of the Third Republic, restoring bicameralism after twelve years. Constituted following the local elections of December 2023; elected its presiding officers on 19 April 2024, which is recorded as start_date. Imed Derbali was elected president. No person-level data is included yet: the council does not publish a machine-readable roster and it is not covered by either Al Bawsala observatory."
