committee_id,assembly_id,name_ar,name_lat,name_en,type,policy_domain,seats
CMT-10ce63ee42df,ARP-2023,لجنة التخطيط الإستراتيجي والتنمية المستدامة والنقل والبنية التحتية والتهيئة العمرانية,"Commission de  la Planification Stratégique, du Développement Durable, du Transport",,standing,اللجان التشريعية القارة,
CMT-12bc734f9df1,NCA-2011,لجنة الشؤون التربوية,,,legislative,,
CMT-13e8b4757c0d,NCA-2011,لجنة المالية والتخطيط والتنمية,,,legislative,,
CMT-14e6e316b483,ARP-2019,لجنة الفلاحة والأمن الغذائي والتجارة والخدمات ذات الصلة,,,standing,,
CMT-178580c40e35,NCA-2011,لجنة الهيئات الدستورية,,,constituent,,
CMT-18172a2cec3f,ARP-2023,لجنة الصحة وشؤون المرأة والأسرة والشؤون الإجتماعية وذوي الإعاقة,"Commission de la santé, de la femme et de la famille, des affaires sociales et des personnes handicapées",,standing,اللجان التشريعية القارة,
CMT-1933d120e1de,ARP-2019,لجنة شؤون التونسيين بالخارج,,,standing,,
CMT-1c52d559d3de,ARP-2019,لجنة المالية والتخطيط والتنمية,,,standing,,
CMT-1e6f29539bbd,ARP-2019,لجنة شهداء الثورة و جرحاها و تنفيذ قانون العفو العام والعدالة الانتقالية,,,standing,,
CMT-309f56b78ead,ARP-2023,لجنة الدفاع والأمن والقوات الحاملة للسلاح,"Commission de la défense, de la sécurité et des forces armées",,standing,اللجان التشريعية القارة,
CMT-336c11e63d66,NCA-2011,لجنة التحقيق في أحداث 9 أفريل,,,special,,
CMT-3b890b1f160a,NCA-2011,لجنة الإصلاح الإداري ومكافحة الفساد,,,special,,
CMT-400b91a3bed5,NCA-2011,لجنة الخاصة للنظام الداخلي والحصانة,,,special,,
CMT-43611af20002,ARP-2019,لجنة النظام الداخلي و الحصانة و القوانين البرلمانية و القوانين الانتخابية,,,standing,,
CMT-499d23e8523f,NCA-2011,لجنة شهداء وجرحى الثورة وتفعيل العفو التشريعي العام,,,special,,
CMT-4d57513fbffc,NCA-2011,لجنة القضاء العدلي والإداري والمالي والدستوري,,,constituent,,
CMT-4e91930c5e8b,NCA-2011,لجنة التوطئة والمبادئ الأساسية وتعديل الدستور,,,constituent,,
CMT-52252f4274f6,NCA-2011,لجنة الشؤون الاجتماعية,,,legislative,,
CMT-5267b383ff24,ARP-2023,لجنة النظام الداخلي والقوانين الإنتخابية والقوانين البرلمانية والوظيفة الإنتخابية,"La commission du règlement intérieur, des lois électorales, des lois parlementaires et de la fonction électorale",,standing,اللجان التشريعية القارة,
CMT-52a6ad966412,ARP-2019,لجنة تنظيم الإدارة وشؤون القوات الحاملة للسلاح,,,standing,,
CMT-545e8558a206,NCA-2011,لجنة السلطة التنفيذية والسلطة التشريعية والعلاقة بينهما,,,constituent,,
CMT-56efc6c780f9,ARP-2023,لجنة التشريع العام,commission de la legislation,,standing,,
CMT-5a174a8e00bb,ARP-2023,لجنة الفلاحة والأمن الغذائي والمائي والصيد البحري,commission de l'agriculture de la sécurité alimentaire  de l'eau et de la pêche,,standing,اللجان التشريعية القارة,
CMT-5d1546fffb75,NCA-2011,لجنة التوافقات,,,special,,
CMT-5f960380a92d,ARP-2019,لجنة الصناعة والطاقة والثروات الطبيعية والبنية الأساسية والبيئة,,,standing,,
CMT-663b2e4cb3f4,NCA-2011,الهيئة المشتركة للتنسيق والصياغة,,,joint,,
CMT-6d49329b2466,ARP-2023,لجنة الصناعة والتجارة والثروات الطبيعية والطاقة والبيئة,"Commission de l'Industrie, du commerce, des richesses naturelles, de l'energie et de l'environnement",,standing,,
CMT-7249209246b3,NCA-2011,لجنة الحقوق والحريات,,,constituent,,
CMT-738e7ac33069,ARP-2019,لجنة الإصلاح الإداري والحوكمة الرشيدة ومكافحة الفساد ومراقبة التصرف في المال العام,,,standing,,
CMT-74260d804b47,ARP-2019,لجنة الصحة والشؤون الإجتماعية,,,standing,,
CMT-76cc55ae8838,ARP-2023,لجنة الحقوق والحريات,commission des droits et libertés,,standing,اللجان التشريعية القارة,
CMT-7713cb69dba5,ARP-2019,لجنة مراقبة عمليات التصويت وإحصاء الأصوات,,,inquiry,,
CMT-78e966e1d482,NCA-2011,لجنة فرز الترشحات لعضوية الهيئة العليا المستقلة للانتخابات,,,special,,
CMT-7c0357a9f3f7,ARP-2023,لجنة السياحة والثقافة والخدمات والصناعات التقليدية,"Commission du tourisme, la culture, des services et des industries artisanales",,standing,اللجان التشريعية القارة,
CMT-8978fc995f04,NCA-2011,لجنة البنية الأساسية والبيئة,,,legislative,,
CMT-966af1bec2c4,ARP-2023,لجنة المالية والميزانية,Commission des Finances et du Budget,,standing,اللجان التشريعية القارة,
CMT-976bdb215c1b,ARP-2019,لجنة الأمن والدفاع,,,standing,,
CMT-995ac0a70e07,ARP-2019,لجنة التنمية الجهوية,,,standing,,
CMT-99f836e091fd,ARP-2019,لجنة التحقيق حول ملابسات وفاة الشاب عبد السلام زيان بعد إيقافه بمدينة صفاقس,,,standing,,
CMT-9dc809177956,ARP-2023,لجنة التربية والتكوين المهني والبحث العلمي والشباب والرياضة,"commission de l'éducation, la formation, la recherche scientifique, des jeunes et du sport",,standing,اللجان التشريعية القارة,
CMT-b3ceee509580,ARP-2023,لجنة تنظيم الإدارة وتطويرها والرقمنة والحوكمة ومكافحة الفساد,"ِCommission d'organisation administrative,  Développement, Digitalisation, Gouvernance et lutte contre la Corruption",,standing,اللجان التشريعية القارة,
CMT-b46554e2045e,NCA-2011,لجنة القطاعات الخدماتية,,,legislative,,
CMT-c6c8260db7f4,NCA-2011,لجنة الجماعات العمومية الجهوية والمحلية,,,constituent,,
CMT-c9b9c13c0a0c,ARP-2019,لجنة التشريع العام,,,standing,,
CMT-cbc65065020c,NCA-2011,لجنة فرز الترشحات لعضوية هيئة الحقيقة و الكرامة المتعلقة بالعدالة الانتقالية,,,special,,
CMT-cc87da9145b5,ARP-2019,اللجنة الانتخابية,,,standing,,
CMT-d06a2309d1fa,ARP-2019,لجنة شؤون ذوي الإعاقة والفئات الهشة,,,standing,,
CMT-d2c1a1210b30,ARP-2019,لجنة الحقوق والحريات والعلاقات الخارجية,,,standing,,
CMT-d542bd0fb7e9,ARP-2019,لجنة شؤون المرأة والأسرة والطفولة والشباب والمسنين,,,standing,,
CMT-d74c07127db9,ARP-2023,لجنة العلاقات الخارجية والتعاون الدولي وشؤون التونسيين بالخارج والهجرة,"Commission des Relations Extérieures, de la Coopération internationale, des Affaires des Tunisiens à l’Etranger et l’Emigration",,standing,اللجان التشريعية القارة,
CMT-e6b2fac8e5c7,NCA-2011,لجنة الحقوق والحريات والعلاقات الخارجية,,,legislative,,
CMT-eb6b5aa1a575,ARP-2019,لجنة الشباب والشؤون الثقافية والتربية والبحث العلمي,,,standing,,
CMT-f2d2d05db58f,NCA-2011,لجنة التشريع العام,,,legislative,,
CMT-f6f9e9d7cbb2,NCA-2011,لجنة الطاقة والقطاعات الإنتاجية,,,legislative,,
