person_id,assembly_id,plenary_attendance_rate,plenary_denominator,committee_attendance_rate,committee_denominator,vote_participation_rate,vote_denominator,vote_discipline_rate,n_written_questions,n_oral_questions,source_ids
TNP-00001,ARP-2023,,,,,,,,5,,ARP_ODOO
TNP-00002,ARP-2023,,,,,,,,141,,ARP_ODOO
TNP-00003,ARP-2023,,,,,,,,8,,ARP_ODOO
TNP-00004,ARP-2023,,,,,,,,17,,ARP_ODOO
TNP-00005,ARP-2023,,,,,,,,13,,ARP_ODOO
TNP-00006,ARP-2023,,,,,,,,87,,ARP_ODOO
TNP-00007,ARP-2023,,,,,,,,8,,ARP_ODOO
TNP-00008,ARP-2023,,,,,,,,109,,ARP_ODOO
TNP-00009,ARP-2023,,,,,,,,92,,ARP_ODOO
TNP-00010,ARP-2023,,,,,,,,132,,ARP_ODOO
TNP-00011,ARP-2023,,,,,,,,49,,ARP_ODOO
TNP-00012,ARP-2023,,,,,,,,68,,ARP_ODOO
TNP-00013,ARP-2023,,,,,,,,75,,ARP_ODOO
TNP-00014,ARP-2023,,,,,,,,9,,ARP_ODOO
TNP-00015,ARP-2023,,,,,,,,26,,ARP_ODOO
TNP-00016,ARP-2023,,,,,,,,57,,ARP_ODOO
TNP-00017,ARP-2023,,,,,,,,20,,ARP_ODOO
TNP-00018,ARP-2023,,,,,,,,8,,ARP_ODOO
TNP-00019,ARP-2023,,,,,,,,88,,ARP_ODOO
TNP-00020,ARP-2023,,,,,,,,7,,ARP_ODOO
TNP-00021,ARP-2023,,,,,,,,8,,ARP_ODOO
TNP-00022,ARP-2023,,,,,,,,3,,ARP_ODOO
TNP-00023,ARP-2023,,,,,,,,22,,ARP_ODOO
TNP-00024,ARP-2023,,,,,,,,44,,ARP_ODOO
TNP-00025,ARP-2023,,,,,,,,57,,ARP_ODOO
TNP-00026,ARP-2023,,,,,,,,106,,ARP_ODOO
TNP-00027,ARP-2023,,,,,,,,41,,ARP_ODOO
TNP-00028,ARP-2023,,,,,,,,51,,ARP_ODOO
TNP-00029,ARP-2023,,,,,,,,42,,ARP_ODOO
TNP-00030,ARP-2023,,,,,,,,199,,ARP_ODOO
TNP-00031,ARP-2023,,,,,,,,71,,ARP_ODOO
TNP-00032,ARP-2023,,,,,,,,201,,ARP_ODOO
TNP-00033,ARP-2023,,,,,,,,29,,ARP_ODOO
TNP-00034,ARP-2023,,,,,,,,15,,ARP_ODOO
TNP-00035,ARP-2023,,,,,,,,29,,ARP_ODOO
TNP-00036,ARP-2023,,,,,,,,11,,ARP_ODOO
TNP-00037,ARP-2023,,,,,,,,14,,ARP_ODOO
TNP-00038,ARP-2023,,,,,,,,22,,ARP_ODOO
TNP-00039,ARP-2023,,,,,,,,44,,ARP_ODOO
TNP-00040,ARP-2023,,,,,,,,68,,ARP_ODOO
TNP-00041,ARP-2023,,,,,,,,9,,ARP_ODOO
TNP-00042,ARP-2023,,,,,,,,60,,ARP_ODOO
TNP-00043,ARP-2023,,,,,,,,21,,ARP_ODOO
TNP-00044,ARP-2023,,,,,,,,6,,ARP_ODOO
TNP-00045,ARP-2023,,,,,,,,8,,ARP_ODOO
TNP-00046,ARP-2023,,,,,,,,1,,ARP_ODOO
TNP-00047,ARP-2023,,,,,,,,12,,ARP_ODOO
TNP-00048,ARP-2023,,,,,,,,40,,ARP_ODOO
TNP-00049,ARP-2023,,,,,,,,13,,ARP_ODOO
TNP-00050,ARP-2023,,,,,,,,28,,ARP_ODOO
TNP-00051,ARP-2023,,,,,,,,12,,ARP_ODOO
TNP-00052,ARP-2023,,,,,,,,146,,ARP_ODOO
TNP-00053,ARP-2023,,,,,,,,18,,ARP_ODOO
TNP-00054,ARP-2023,,,,,,,,13,,ARP_ODOO
TNP-00055,ARP-2023,,,,,,,,37,,ARP_ODOO
TNP-00056,ARP-2023,,,,,,,,12,,ARP_ODOO
TNP-00057,ARP-2023,,,,,,,,32,,ARP_ODOO
TNP-00058,ARP-2023,,,,,,,,84,,ARP_ODOO
TNP-00059,ARP-2023,,,,,,,,5,,ARP_ODOO
TNP-00060,ARP-2023,,,,,,,,107,,ARP_ODOO
TNP-00061,ARP-2023,,,,,,,,54,,ARP_ODOO
TNP-00062,ARP-2023,,,,,,,,48,,ARP_ODOO
TNP-00063,ARP-2023,,,,,,,,4,,ARP_ODOO
TNP-00064,ARP-2023,,,,,,,,58,,ARP_ODOO
TNP-00065,ARP-2023,,,,,,,,38,,ARP_ODOO
TNP-00066,ARP-2023,,,,,,,,34,,ARP_ODOO
TNP-00067,ARP-2023,,,,,,,,24,,ARP_ODOO
TNP-00068,ARP-2023,,,,,,,,11,,ARP_ODOO
TNP-00069,ARP-2023,,,,,,,,20,,ARP_ODOO
TNP-00070,ARP-2023,,,,,,,,77,,ARP_ODOO
TNP-00071,ARP-2023,,,,,,,,47,,ARP_ODOO
TNP-00072,ARP-2023,,,,,,,,6,,ARP_ODOO
TNP-00073,ARP-2023,,,,,,,,10,,ARP_ODOO
TNP-00074,ARP-2023,,,,,,,,34,,ARP_ODOO
TNP-00075,ARP-2023,,,,,,,,1,,ARP_ODOO
TNP-00076,ARP-2023,,,,,,,,140,,ARP_ODOO
TNP-00077,ARP-2023,,,,,,,,138,,ARP_ODOO
TNP-00078,ARP-2023,,,,,,,,16,,ARP_ODOO
TNP-00079,ARP-2023,,,,,,,,17,,ARP_ODOO
TNP-00080,ARP-2023,,,,,,,,12,,ARP_ODOO
TNP-00081,ARP-2023,,,,,,,,44,,ARP_ODOO
TNP-00082,ARP-2023,,,,,,,,4,,ARP_ODOO
TNP-00083,ARP-2023,,,,,,,,35,,ARP_ODOO
TNP-00084,ARP-2023,,,,,,,,95,,ARP_ODOO
TNP-00085,ARP-2023,,,,,,,,1,,ARP_ODOO
TNP-00086,ARP-2023,,,,,,,,14,,ARP_ODOO
TNP-00087,ARP-2023,,,,,,,,13,,ARP_ODOO
TNP-00088,ARP-2023,,,,,,,,15,,ARP_ODOO
TNP-00089,ARP-2023,,,,,,,,130,,ARP_ODOO
TNP-00090,ARP-2023,,,,,,,,11,,ARP_ODOO
TNP-00091,ARP-2023,,,,,,,,3,,ARP_ODOO
TNP-00092,ARP-2023,,,,,,,,12,,ARP_ODOO
TNP-00093,ARP-2023,,,,,,,,11,,ARP_ODOO
TNP-00094,ARP-2023,,,,,,,,81,,ARP_ODOO
TNP-00095,ARP-2023,,,,,,,,12,,ARP_ODOO
TNP-00096,ARP-2023,,,,,,,,46,,ARP_ODOO
TNP-00097,ARP-2023,,,,,,,,22,,ARP_ODOO
TNP-00098,ARP-2023,,,,,,,,54,,ARP_ODOO
TNP-00099,ARP-2023,,,,,,,,32,,ARP_ODOO
TNP-00100,ARP-2023,,,,,,,,10,,ARP_ODOO
TNP-00101,ARP-2023,,,,,,,,58,,ARP_ODOO
TNP-00102,ARP-2023,,,,,,,,52,,ARP_ODOO
TNP-00103,ARP-2023,,,,,,,,6,,ARP_ODOO
TNP-00104,ARP-2023,,,,,,,,31,,ARP_ODOO
TNP-00105,ARP-2023,,,,,,,,1,,ARP_ODOO
TNP-00106,ARP-2023,,,,,,,,19,,ARP_ODOO
TNP-00107,ARP-2023,,,,,,,,13,,ARP_ODOO
TNP-00108,ARP-2023,,,,,,,,39,,ARP_ODOO
TNP-00109,ARP-2023,,,,,,,,41,,ARP_ODOO
TNP-00110,ARP-2023,,,,,,,,104,,ARP_ODOO
TNP-00111,ARP-2023,,,,,,,,1,,ARP_ODOO
TNP-00112,ARP-2023,,,,,,,,15,,ARP_ODOO
TNP-00113,ARP-2023,,,,,,,,46,,ARP_ODOO
TNP-00114,ARP-2023,,,,,,,,57,,ARP_ODOO
TNP-00115,ARP-2023,,,,,,,,1,,ARP_ODOO
TNP-00116,ARP-2023,,,,,,,,23,,ARP_ODOO
TNP-00117,ARP-2023,,,,,,,,25,,ARP_ODOO
TNP-00118,ARP-2023,,,,,,,,10,,ARP_ODOO
TNP-00119,ARP-2023,,,,,,,,22,,ARP_ODOO
TNP-00120,ARP-2023,,,,,,,,4,,ARP_ODOO
TNP-00121,ARP-2023,,,,,,,,5,,ARP_ODOO
TNP-00122,ARP-2023,,,,,,,,144,,ARP_ODOO
TNP-00123,ARP-2023,,,,,,,,5,,ARP_ODOO
TNP-00124,ARP-2023,,,,,,,,17,,ARP_ODOO
TNP-00125,ARP-2023,,,,,,,,60,,ARP_ODOO
TNP-00126,ARP-2023,,,,,,,,105,,ARP_ODOO
TNP-00127,ARP-2023,,,,,,,,28,,ARP_ODOO
TNP-00128,ARP-2023,,,,,,,,63,,ARP_ODOO
TNP-00129,ARP-2023,,,,,,,,19,,ARP_ODOO
TNP-00130,ARP-2023,,,,,,,,28,,ARP_ODOO
TNP-00131,ARP-2023,,,,,,,,20,,ARP_ODOO
TNP-00132,ARP-2023,,,,,,,,11,,ARP_ODOO
TNP-00133,ARP-2023,,,,,,,,151,,ARP_ODOO
TNP-00134,ARP-2023,,,,,,,,19,,ARP_ODOO
TNP-00135,ARP-2023,,,,,,,,40,,ARP_ODOO
TNP-00136,ARP-2023,,,,,,,,72,,ARP_ODOO
TNP-00137,ARP-2023,,,,,,,,17,,ARP_ODOO
TNP-00138,ARP-2023,,,,,,,,48,,ARP_ODOO
TNP-00139,ARP-2023,,,,,,,,24,,ARP_ODOO
TNP-00140,ARP-2023,,,,,,,,30,,ARP_ODOO
TNP-00141,ARP-2023,,,,,,,,9,,ARP_ODOO
TNP-00142,ARP-2023,,,,,,,,45,,ARP_ODOO
TNP-00143,ARP-2023,,,,,,,,31,,ARP_ODOO
TNP-00144,ARP-2023,,,,,,,,169,,ARP_ODOO
TNP-00145,ARP-2023,,,,,,,,20,,ARP_ODOO
TNP-00146,ARP-2023,,,,,,,,59,,ARP_ODOO
TNP-00147,ARP-2023,,,,,,,,26,,ARP_ODOO
TNP-00148,ARP-2023,,,,,,,,6,,ARP_ODOO
TNP-00149,ARP-2023,,,,,,,,30,,ARP_ODOO
TNP-00150,ARP-2023,,,,,,,,84,,ARP_ODOO
TNP-00151,ARP-2023,,,,,,,,81,,ARP_ODOO
TNP-00152,ARP-2023,,,,,,,,199,,ARP_ODOO
TNP-00153,ARP-2023,,,,,,,,149,,ARP_ODOO
TNP-00154,ARP-2023,,,,,,,,27,,ARP_ODOO
TNP-00156,ARP-2019,0.6726,113,0.3333,51,0.8060,335,0.7612,,,MARSAD_MAJLES
TNP-00157,ARP-2019,0.8661,112,0.5690,58,0.9224,335,0.8060,,,MARSAD_MAJLES
TNP-00158,ARP-2019,0.8407,113,,,0.5672,335,0.3821,,,MARSAD_MAJLES
TNP-00159,ARP-2019,0.8496,113,0.8197,61,0.9522,335,0.8388,,,MARSAD_MAJLES
TNP-00080,ARP-2019,0.9735,113,0.9804,51,0.8985,335,0.8119,,,MARSAD_MAJLES
TNP-00160,ARP-2019,0.6903,113,0.4286,63,0.7522,335,0.7164,,,MARSAD_MAJLES
TNP-00161,ARP-2019,0.8304,112,0.6000,65,0.7701,335,0.6985,,,MARSAD_MAJLES
TNP-00162,ARP-2019,0.8053,113,1.0000,17,0.7493,335,0.7075,,,MARSAD_MAJLES
TNP-00163,ARP-2019,0.8496,113,,,0.7254,335,0.1791,,,MARSAD_MAJLES
TNP-00164,ARP-2019,0.5893,112,0.6000,65,0.3224,335,0.2358,,,MARSAD_MAJLES
TNP-00165,ARP-2019,0.6339,112,0.1786,56,0.5015,335,0.4299,,,MARSAD_MAJLES
TNP-00166,ARP-2019,0.8929,112,0.5875,80,0.6567,335,0.2060,,,MARSAD_MAJLES
TNP-00167,ARP-2019,0.7589,112,0.9062,64,0.6448,335,0.4597,,,MARSAD_MAJLES
TNP-00168,ARP-2019,0.7522,113,0.2241,58,0.6239,335,0.6030,,,MARSAD_MAJLES
TNP-00169,ARP-2019,0.5044,113,0.4769,65,0.3552,335,0.3254,,,MARSAD_MAJLES
TNP-00170,ARP-2019,0.6339,112,0.2658,79,0.5493,335,0.4687,,,MARSAD_MAJLES
TNP-00171,ARP-2019,0.7522,113,0.7742,31,0.7433,335,0.7045,,,MARSAD_MAJLES
TNP-00172,ARP-2019,0.8125,112,0.7059,51,0.6299,335,0.5493,,,MARSAD_MAJLES
TNP-00173,ARP-2019,0.8393,112,0.6471,68,0.6119,335,0.5194,,,MARSAD_MAJLES
TNP-00174,ARP-2019,0.7168,113,,,0.4507,335,0.3701,,,MARSAD_MAJLES
TNP-00175,ARP-2019,0.7965,113,0.5156,64,0.6955,335,0.5254,,,MARSAD_MAJLES
TNP-00176,ARP-2019,0.6991,113,0.2778,54,0.6358,335,0.5224,,,MARSAD_MAJLES
TNP-00177,ARP-2019,0.5752,113,0.6167,60,0.6746,335,0.6000,,,MARSAD_MAJLES
TNP-00178,ARP-2019,0.7946,112,0.7222,54,0.9254,335,0.8149,,,MARSAD_MAJLES
TNP-00179,ARP-2019,0.6964,112,0.3488,43,0.6955,335,0.4836,,,MARSAD_MAJLES
TNP-00180,ARP-2019,0.7757,107,0.6667,57,0.7655,226,0.6991,,,MARSAD_MAJLES
TNP-00181,ARP-2019,0.9204,113,0.9583,48,0.7940,335,0.6657,,,MARSAD_MAJLES
TNP-00182,ARP-2019,0.7679,112,0.4706,51,0.6030,335,0.4806,,,MARSAD_MAJLES
TNP-00134,ARP-2019,0.6814,113,0.0417,24,0.2567,335,0.2209,,,MARSAD_MAJLES
TNP-00183,ARP-2019,0.6339,112,0.2321,56,0.6448,335,0.5373,,,MARSAD_MAJLES
TNP-00184,ARP-2019,0.8304,112,0.2759,58,0.6746,335,0.5642,,,MARSAD_MAJLES
TNP-00185,ARP-2019,0.9204,113,0.7059,51,0.9254,335,0.8090,,,MARSAD_MAJLES
TNP-00186,ARP-2019,0.9646,113,0.7727,44,0.9612,335,0.8448,,,MARSAD_MAJLES
TNP-00187,ARP-2019,0.8036,112,0.6462,65,0.8597,335,0.7642,,,MARSAD_MAJLES
TNP-00188,ARP-2019,0.8761,113,0.5641,39,0.5313,335,0.4209,,,MARSAD_MAJLES
TNP-00189,ARP-2019,0.7946,112,0.6203,79,0.7970,335,0.6985,,,MARSAD_MAJLES
TNP-00190,ARP-2019,0.7589,112,0.6897,58,0.3254,335,0.2507,,,MARSAD_MAJLES
TNP-00191,ARP-2019,0.8482,112,0.8615,65,0.8925,335,0.7851,,,MARSAD_MAJLES
TNP-00192,ARP-2019,0.6696,112,0.1765,51,0.5463,335,0.4269,,,MARSAD_MAJLES
TNP-00193,ARP-2019,0.6991,113,0.5490,51,0.7224,335,0.6746,,,MARSAD_MAJLES
TNP-00194,ARP-2019,0.9018,112,0.8182,44,0.9104,335,0.8299,,,MARSAD_MAJLES
TNP-00195,ARP-2019,0.6786,112,0.3750,40,0.4388,335,0.1642,,,MARSAD_MAJLES
TNP-00196,ARP-2019,0.6786,112,0.7241,58,0.7313,335,0.6328,,,MARSAD_MAJLES
TNP-00197,ARP-2019,0.7411,112,0.7778,45,0.7731,335,0.6627,,,MARSAD_MAJLES
TNP-00198,ARP-2019,0.5133,113,0.6721,61,0.2955,335,0.2507,,,MARSAD_MAJLES
TNP-00199,ARP-2019,0.8214,112,0.9375,16,0.8090,335,0.7015,,,MARSAD_MAJLES
TNP-00200,ARP-2019,0.8407,113,0.7463,67,0.9254,335,0.8179,,,MARSAD_MAJLES
TNP-00201,ARP-2019,0.8761,113,0.9494,79,0.7791,335,0.6746,,,MARSAD_MAJLES
TNP-00202,ARP-2019,0.8761,113,0.7778,63,0.8657,335,0.7433,,,MARSAD_MAJLES
TNP-00203,ARP-2019,0.8214,112,,,0.3791,335,0.0716,,,MARSAD_MAJLES
TNP-00204,ARP-2019,0.7257,113,0.7857,56,0.6716,335,0.5910,,,MARSAD_MAJLES
TNP-00205,ARP-2019,0.9018,112,0.5862,58,0.7343,335,0.6149,,,MARSAD_MAJLES
TNP-00206,ARP-2019,0.6607,112,0.4051,79,0.6597,335,0.5642,,,MARSAD_MAJLES
TNP-00207,ARP-2019,0.7589,112,0.5652,46,0.4657,335,0.2567,,,MARSAD_MAJLES
TNP-00208,ARP-2019,0.7411,112,0.1081,37,0.5552,335,0.4806,,,MARSAD_MAJLES
TNP-00209,ARP-2019,0.6991,113,0.7273,33,0.6119,335,0.5761,,,MARSAD_MAJLES
TNP-00210,ARP-2019,0.7965,113,0.7414,58,0.6657,335,0.4537,,,MARSAD_MAJLES
TNP-00211,ARP-2019,0.6161,112,0.2121,33,0.6507,335,0.5373,,,MARSAD_MAJLES
TNP-00212,ARP-2019,0.9735,113,0.9455,55,0.8119,335,0.7075,,,MARSAD_MAJLES
TNP-00213,ARP-2019,0.6161,112,0.3143,35,0.4388,335,0.4149,,,MARSAD_MAJLES
TNP-00214,ARP-2019,0.7321,112,0.7273,33,0.8448,335,0.7731,,,MARSAD_MAJLES
TNP-00215,ARP-2019,0.8839,112,0.8448,58,0.6955,335,0.5791,,,MARSAD_MAJLES
TNP-00216,ARP-2019,0.7143,112,0.1739,23,0.4716,335,0.3582,,,MARSAD_MAJLES
TNP-00217,ARP-2019,0.8230,113,0.8154,65,0.7791,335,0.6687,,,MARSAD_MAJLES
TNP-00218,ARP-2019,0.7699,113,0.6835,79,0.4030,335,0.3731,,,MARSAD_MAJLES
TNP-00219,ARP-2019,0.8125,112,0.8226,62,0.7970,335,0.5791,,,MARSAD_MAJLES
TNP-00220,ARP-2019,0.5804,112,0.2895,76,0.2478,335,0.2269,,,MARSAD_MAJLES
TNP-00221,ARP-2019,0.7679,112,0.9077,65,0.9821,335,0.8657,,,MARSAD_MAJLES
TNP-00222,ARP-2019,0.7317,41,0.2381,21,0.9070,43,,,,MARSAD_MAJLES
TNP-00223,ARP-2019,0.8142,113,0.7975,79,0.7403,335,0.6776,,,MARSAD_MAJLES
TNP-00224,ARP-2019,0.7411,112,0.1429,49,0.7910,335,0.6925,,,MARSAD_MAJLES
TNP-00225,ARP-2019,0.6071,112,0.2899,69,0.4090,335,0.3493,,,MARSAD_MAJLES
TNP-00226,ARP-2019,0.6991,113,0.5102,49,0.6239,335,0.5493,,,MARSAD_MAJLES
TNP-00227,ARP-2019,0.7946,112,0.5091,55,0.5582,335,0.4507,,,MARSAD_MAJLES
TNP-00228,ARP-2019,0.9735,113,0.5077,65,0.8328,335,0.7254,,,MARSAD_MAJLES
TNP-00065,ARP-2019,0.9107,112,0.4889,45,0.4478,335,0.2925,,,MARSAD_MAJLES
TNP-00229,ARP-2019,0.8036,112,0.5882,51,0.8239,335,,,,MARSAD_MAJLES
TNP-00230,ARP-2019,0.8125,112,0.4545,33,0.6687,335,0.4746,,,MARSAD_MAJLES
TNP-00231,ARP-2019,0.7080,113,0.2969,64,0.7463,335,0.6985,,,MARSAD_MAJLES
TNP-00232,ARP-2019,0.8036,112,0.7606,71,0.8000,335,0.6866,,,MARSAD_MAJLES
TNP-00233,ARP-2019,0.8304,112,0.4237,59,0.7881,335,0.7075,,,MARSAD_MAJLES
TNP-00234,ARP-2019,0.8496,113,0.8906,64,0.8299,335,0.7194,,,MARSAD_MAJLES
TNP-00235,ARP-2019,0.7589,112,0.4375,32,0.4119,335,0.3224,,,MARSAD_MAJLES
TNP-00236,ARP-2019,0.8839,112,0.6250,56,0.8507,335,0.7433,,,MARSAD_MAJLES
TNP-00237,ARP-2019,0.8214,112,0.2537,67,0.7493,335,0.6657,,,MARSAD_MAJLES
TNP-00238,ARP-2019,0.7522,113,0.5745,47,0.6716,335,0.5552,,,MARSAD_MAJLES
TNP-00239,ARP-2019,0.5625,112,0.0000,45,0.5373,335,0.4478,,,MARSAD_MAJLES
TNP-00240,ARP-2019,0.6964,112,0.5479,73,0.6478,335,0.6030,,,MARSAD_MAJLES
TNP-00241,ARP-2019,0.8036,112,0.7576,33,0.8418,335,0.7343,,,MARSAD_MAJLES
TNP-00242,ARP-2019,0.7257,113,0.9697,33,0.6299,335,0.5881,,,MARSAD_MAJLES
TNP-00243,ARP-2019,0.4107,112,0.0806,62,0.1284,335,0.1224,,,MARSAD_MAJLES
TNP-00244,ARP-2019,0.8319,113,0.9286,56,0.6806,335,0.3642,,,MARSAD_MAJLES
TNP-00245,ARP-2019,0.6991,113,0.1406,64,0.5313,335,0.3552,,,MARSAD_MAJLES
TNP-00246,ARP-2019,0.8230,113,0.5000,54,0.7522,335,0.6239,,,MARSAD_MAJLES
TNP-00247,ARP-2019,0.8407,113,0.6327,49,0.7552,335,0.6507,,,MARSAD_MAJLES
TNP-00248,ARP-2019,0.6429,112,0.6462,65,0.7940,335,0.5403,,,MARSAD_MAJLES
TNP-00249,ARP-2019,0.9115,113,0.7143,49,0.5672,335,0.5104,,,MARSAD_MAJLES
TNP-00250,ARP-2019,0.8214,112,0.7885,52,0.8000,335,0.6507,,,MARSAD_MAJLES
TNP-00251,ARP-2019,0.3661,112,0.0606,33,0.2925,335,0.2746,,,MARSAD_MAJLES
TNP-00252,ARP-2019,0.7788,113,0.4464,56,0.6836,335,0.6000,,,MARSAD_MAJLES
TNP-00253,ARP-2019,0.9204,113,0.8696,23,0.6299,335,0.5075,,,MARSAD_MAJLES
TNP-00254,ARP-2019,0.8750,112,0.5294,51,0.7045,335,0.6000,,,MARSAD_MAJLES
TNP-00255,ARP-2019,0.6518,112,0.0526,19,0.1881,335,0.1254,,,MARSAD_MAJLES
TNP-00256,ARP-2019,0.5536,112,0.6769,65,0.3373,335,0.2597,,,MARSAD_MAJLES
TNP-00257,ARP-2019,0.7788,113,0.6329,79,0.7940,335,0.7493,,,MARSAD_MAJLES
TNP-00258,ARP-2019,0.4107,112,,,0.3373,335,0.3015,,,MARSAD_MAJLES
TNP-00259,ARP-2019,0.8750,112,0.8361,61,0.8000,335,0.7373,,,MARSAD_MAJLES
TNP-00260,ARP-2019,0.6786,112,0.3939,33,0.6209,335,0.5104,,,MARSAD_MAJLES
TNP-00261,ARP-2019,0.8407,113,0.3860,57,0.7672,335,0.6657,,,MARSAD_MAJLES
TNP-00262,ARP-2019,0.7589,112,0.5246,61,0.5493,335,0.4448,,,MARSAD_MAJLES
TNP-00263,ARP-2019,0.8393,112,0.8354,79,0.9403,335,0.8239,,,MARSAD_MAJLES
TNP-00264,ARP-2019,0.4643,112,0.0312,32,0.4119,335,0.3910,,,MARSAD_MAJLES
TNP-00265,ARP-2019,0.5089,112,0.2812,32,0.4716,335,0.3642,,,MARSAD_MAJLES
TNP-00266,ARP-2019,0.6786,112,0.0000,1,0.4836,335,0.0209,,,MARSAD_MAJLES
TNP-00267,ARP-2019,0.7946,112,1.0000,58,0.8000,335,0.6985,,,MARSAD_MAJLES
TNP-00268,ARP-2019,0.8850,113,0.5690,58,0.6657,335,0.3791,,,MARSAD_MAJLES
TNP-00269,ARP-2019,0.5804,112,0.2857,35,0.6090,335,0.5403,,,MARSAD_MAJLES
TNP-00270,ARP-2019,0.9018,112,0.6203,79,0.7164,335,0.6269,,,MARSAD_MAJLES
TNP-00271,ARP-2019,0.7345,113,0.8276,58,0.7701,335,0.7104,,,MARSAD_MAJLES
TNP-00272,ARP-2019,0.6250,112,0.7273,33,0.7612,335,0.7134,,,MARSAD_MAJLES
TNP-00273,ARP-2019,0.6071,112,0.1429,63,0.4328,335,0.2955,,,MARSAD_MAJLES
TNP-00274,ARP-2019,0.8839,112,0.8101,79,0.8179,335,0.7164,,,MARSAD_MAJLES
TNP-00275,ARP-2019,0.5714,112,0.3846,65,0.3493,335,0.2657,,,MARSAD_MAJLES
TNP-00276,ARP-2019,0.1339,112,0.0000,65,0.1552,335,0.1343,,,MARSAD_MAJLES
TNP-00277,ARP-2019,0.6814,113,0.6750,40,0.6687,335,0.6269,,,MARSAD_MAJLES
TNP-00278,ARP-2019,0.7411,112,0.7273,33,0.9194,335,0.8030,,,MARSAD_MAJLES
TNP-00279,ARP-2019,0.9027,113,0.9077,65,0.6478,335,0.4955,,,MARSAD_MAJLES
TNP-00280,ARP-2019,0.6875,112,0.4242,33,0.4418,335,0.3075,,,MARSAD_MAJLES
TNP-00281,ARP-2019,0.8393,112,0.6786,56,0.4985,335,0.4119,,,MARSAD_MAJLES
TNP-00282,ARP-2019,0.8661,112,0.6207,58,0.6627,335,0.5731,,,MARSAD_MAJLES
TNP-00283,ARP-2019,0.8571,112,0.5682,44,0.6448,335,0.5612,,,MARSAD_MAJLES
TNP-00284,ARP-2019,0.5982,112,0.0625,32,0.6060,335,0.5373,,,MARSAD_MAJLES
TNP-00285,ARP-2019,0.8304,112,0.8929,56,0.8687,335,0.7970,,,MARSAD_MAJLES
TNP-00286,ARP-2019,0.8673,113,0.8448,58,0.7731,335,0.6537,,,MARSAD_MAJLES
TNP-00287,ARP-2019,0.7965,113,0.8308,65,0.9493,335,0.7881,,,MARSAD_MAJLES
TNP-00288,ARP-2019,0.8393,112,0.8354,79,0.7045,335,0.4985,,,MARSAD_MAJLES
TNP-00289,ARP-2019,0.7611,113,0.6066,61,0.4209,335,0.1373,,,MARSAD_MAJLES
TNP-00290,ARP-2019,0.9167,12,1.0000,5,1.0000,7,,,,MARSAD_MAJLES
TNP-00291,ARP-2019,0.7321,112,0.6923,13,0.4358,335,,,,MARSAD_MAJLES
TNP-00292,ARP-2019,0.4911,112,0.2857,84,0.2060,335,0.1672,,,MARSAD_MAJLES
TNP-00293,ARP-2019,0.8304,112,0.8205,39,0.3463,335,0.2896,,,MARSAD_MAJLES
TNP-00294,ARP-2019,0.7589,112,0.3881,67,0.7910,335,0.6896,,,MARSAD_MAJLES
TNP-00295,ARP-2019,0.9115,113,0.4412,68,0.7493,335,0.6657,,,MARSAD_MAJLES
TNP-00296,ARP-2019,0.4690,113,0.3667,60,0.5791,335,0.5433,,,MARSAD_MAJLES
TNP-00297,ARP-2019,0.9375,112,0.9200,25,0.5493,335,0.4478,,,MARSAD_MAJLES
TNP-00298,ARP-2019,0.8036,112,0.5410,61,0.6507,335,0.5672,,,MARSAD_MAJLES
TNP-00299,ARP-2019,0.7946,112,0.5714,28,0.7672,335,0.6716,,,MARSAD_MAJLES
TNP-00300,ARP-2019,0.6637,113,0.3582,67,0.4806,335,0.4388,,,MARSAD_MAJLES
TNP-00301,ARP-2019,0.8661,112,0.9688,64,0.7821,335,0.6627,,,MARSAD_MAJLES
TNP-00302,ARP-2019,0.8407,113,0.8525,61,0.8567,335,0.6657,,,MARSAD_MAJLES
TNP-00303,ARP-2019,0.8142,113,0.4400,25,0.8239,335,0.7552,,,MARSAD_MAJLES
TNP-00304,ARP-2019,0.7589,112,0.4510,51,0.5403,335,0.2567,,,MARSAD_MAJLES
TNP-00305,ARP-2019,0.8142,113,0.7500,64,0.7731,335,0.7164,,,MARSAD_MAJLES
TNP-00306,ARP-2019,0.5000,112,0.0385,52,0.3821,335,0.3045,,,MARSAD_MAJLES
TNP-00307,ARP-2019,0.5638,94,0.2812,32,0.7186,167,0.6407,,,MARSAD_MAJLES
TNP-00308,ARP-2019,0.6786,112,0.5156,64,0.8537,335,0.7522,,,MARSAD_MAJLES
TNP-00309,ARP-2019,0.8761,113,0.3571,70,0.6836,335,0.5821,,,MARSAD_MAJLES
TNP-00310,ARP-2019,0.8214,112,0.8571,56,0.5910,335,0.4985,,,MARSAD_MAJLES
TNP-00311,ARP-2019,0.5000,112,0.2750,40,0.4149,335,0.3701,,,MARSAD_MAJLES
TNP-00312,ARP-2019,0.6460,113,0.6842,19,0.6448,335,0.4328,,,MARSAD_MAJLES
TNP-00313,ARP-2019,0.9027,113,0.1304,46,0.7194,335,0.4657,,,MARSAD_MAJLES
TNP-00314,ARP-2019,0.8482,112,0.6250,32,0.8358,335,0.7224,,,MARSAD_MAJLES
TNP-00315,ARP-2019,0.8482,112,0.7407,54,0.8657,335,0.7940,,,MARSAD_MAJLES
TNP-00316,ARP-2019,0.9381,113,,,0.3731,335,0.2955,,,MARSAD_MAJLES
TNP-00317,ARP-2019,0.3929,112,0.0189,53,0.2030,335,0.0657,,,MARSAD_MAJLES
TNP-00318,ARP-2019,0.8929,112,0.7188,64,0.8448,335,0.7313,,,MARSAD_MAJLES
TNP-00319,ARP-2019,0.5625,112,0.0000,13,0.4239,335,0.3731,,,MARSAD_MAJLES
TNP-00115,ARP-2019,0.7500,112,0.2500,32,0.4806,335,0.3791,,,MARSAD_MAJLES
TNP-00320,ARP-2019,0.8304,112,0.7800,50,0.9343,335,0.2149,,,MARSAD_MAJLES
TNP-00321,ARP-2019,0.8571,112,0.7843,51,0.8388,335,0.7522,,,MARSAD_MAJLES
TNP-00322,ARP-2019,0.7699,113,0.6087,46,0.6448,335,0.5254,,,MARSAD_MAJLES
TNP-00323,ARP-2019,0.3125,112,,,0.0597,335,,,,MARSAD_MAJLES
TNP-00324,ARP-2019,0.9286,112,0.7581,62,0.8060,335,0.6985,,,MARSAD_MAJLES
TNP-00325,ARP-2019,0.5268,112,0.2353,17,0.2776,335,0.1373,,,MARSAD_MAJLES
TNP-00326,ARP-2019,0.4779,113,,,0.1701,335,,,,MARSAD_MAJLES
TNP-00327,ARP-2019,0.8850,113,0.7551,49,0.7970,335,0.7343,,,MARSAD_MAJLES
TNP-00328,ARP-2019,0.5446,112,,,0.4030,335,0.3522,,,MARSAD_MAJLES
TNP-00329,ARP-2019,0.8085,94,0.7200,50,0.7605,167,0.6647,,,MARSAD_MAJLES
TNP-00330,ARP-2019,0.6071,112,0.8308,65,0.3433,335,,,,MARSAD_MAJLES
TNP-00331,ARP-2019,0.7788,113,0.9796,49,0.7403,335,0.6627,,,MARSAD_MAJLES
TNP-00105,ARP-2019,0.6429,112,0.3750,24,0.5642,335,0.4806,,,MARSAD_MAJLES
TNP-00332,ARP-2019,0.9469,113,1.0000,31,0.6090,335,0.5612,,,MARSAD_MAJLES
TNP-00333,ARP-2019,0.8850,113,0.5397,63,0.9343,335,0.8269,,,MARSAD_MAJLES
TNP-00334,ARP-2019,0.7768,112,0.6471,51,0.5910,335,0.4776,,,MARSAD_MAJLES
TNP-00335,ARP-2019,0.9115,113,,,0.6985,335,0.5821,,,MARSAD_MAJLES
TNP-00336,ARP-2019,0.8393,112,0.8627,51,0.9761,335,0.8657,,,MARSAD_MAJLES
TNP-00337,ARP-2019,0.7699,113,0.7812,32,0.7701,335,0.7284,,,MARSAD_MAJLES
TNP-00338,ARP-2019,0.8750,112,0.8615,65,0.9403,335,0.8239,,,MARSAD_MAJLES
TNP-00339,ARP-2019,0.8929,112,0.5574,61,0.7642,335,0.6657,,,MARSAD_MAJLES
TNP-00340,ARP-2019,0.8214,112,0.6582,79,0.6030,335,0.4925,,,MARSAD_MAJLES
TNP-00341,ARP-2019,0.6071,112,0.4923,65,0.2478,335,0.1791,,,MARSAD_MAJLES
TNP-00342,ARP-2019,0.9115,113,0.5902,61,0.4776,335,0.3343,,,MARSAD_MAJLES
TNP-00343,ARP-2019,0.7768,112,0.4625,80,0.3612,335,0.2806,,,MARSAD_MAJLES
TNP-00344,ARP-2019,0.6250,112,0.8108,37,0.4090,335,0.3313,,,MARSAD_MAJLES
TNP-00345,ARP-2019,0.7500,112,,,0.6328,335,0.4985,,,MARSAD_MAJLES
TNP-00346,ARP-2019,0.5179,112,0.2500,24,0.5612,335,0.4627,,,MARSAD_MAJLES
TNP-00347,ARP-2019,0.6518,112,0.5882,17,0.4269,335,0.3194,,,MARSAD_MAJLES
TNP-00348,ARP-2019,0.8053,113,0.5614,57,0.6955,335,0.5552,,,MARSAD_MAJLES
TNP-00349,ARP-2019,0.8496,113,0.7846,65,0.7164,335,0.5970,,,MARSAD_MAJLES
TNP-00350,ARP-2019,0.9196,112,,,0.6866,335,0.6269,,,MARSAD_MAJLES
TNP-00351,ARP-2019,0.8496,113,0.7826,69,0.8239,335,0.7104,,,MARSAD_MAJLES
TNP-00352,ARP-2019,0.7257,113,0.5949,79,0.6896,335,0.6507,,,MARSAD_MAJLES
TNP-00353,ARP-2019,0.8500,40,0.5000,18,0.6562,32,,,,MARSAD_MAJLES
TNP-00354,ARP-2019,0.8214,112,0.5714,56,0.8567,335,0.7522,,,MARSAD_MAJLES
TNP-00355,ARP-2019,0.5982,112,0.1500,60,0.5104,335,0.4567,,,MARSAD_MAJLES
TNP-00356,ARP-2019,0.7257,113,0.2603,73,0.4657,335,0.4328,,,MARSAD_MAJLES
TNP-00357,ARP-2019,0.9107,112,0.8542,48,0.8806,335,0.7672,,,MARSAD_MAJLES
TNP-00358,ARP-2019,0.7500,112,0.5472,53,0.4687,335,,,,MARSAD_MAJLES
TNP-00359,ARP-2019,0.8393,112,0.9692,65,0.4328,335,0.3045,,,MARSAD_MAJLES
TNP-00360,ARP-2019,0.6071,112,0.2500,56,0.5403,335,0.4955,,,MARSAD_MAJLES
TNP-00361,ARP-2019,0.8319,113,0.8750,16,0.8507,335,0.7403,,,MARSAD_MAJLES
TNP-00362,ARP-2019,0.5893,112,0.5102,49,0.6030,335,0.5582,,,MARSAD_MAJLES
TNP-00363,ARP-2019,0.6964,112,0.5510,49,0.2955,335,0.2090,,,MARSAD_MAJLES
TNP-00364,ARP-2019,0.7768,112,0.5250,40,0.5284,335,0.4687,,,MARSAD_MAJLES
TNP-00365,ARP-2019,0.7857,112,,,0.6478,335,0.6119,,,MARSAD_MAJLES
TNP-00366,ARP-2019,0.9027,113,0.7273,55,0.8119,335,0.5522,,,MARSAD_MAJLES
TNP-00367,NCA-2011,,,,,0.4488,,,,,MARSAD_ANC
TNP-00368,NCA-2011,,,,,0.2720,,,,,MARSAD_ANC
TNP-00369,NCA-2011,,,,,0.5490,,,,,MARSAD_ANC
TNP-00370,NCA-2011,,,,,0.5551,,,,,MARSAD_ANC
TNP-00371,NCA-2011,,,,,0.8238,,,,,MARSAD_ANC
TNP-00372,NCA-2011,,,,,0.4498,,,,,MARSAD_ANC
TNP-00373,NCA-2011,,,,,0.2551,,,,,MARSAD_ANC
TNP-00374,NCA-2011,,,,,0.6725,,,,,MARSAD_ANC
TNP-00375,NCA-2011,,,,,0.8422,,,,,MARSAD_ANC
TNP-00376,NCA-2011,,,,,0.4671,,,,,MARSAD_ANC
TNP-00377,NCA-2011,,,,,0.8370,,,,,MARSAD_ANC
TNP-00378,NCA-2011,,,,,0.8157,,,,,MARSAD_ANC
TNP-00379,NCA-2011,,,,,0.7224,,,,,MARSAD_ANC
TNP-00380,NCA-2011,,,,,0.7409,,,,,MARSAD_ANC
TNP-00381,NCA-2011,,,,,0.3300,,,,,MARSAD_ANC
TNP-00382,NCA-2011,,,,,0.5856,,,,,MARSAD_ANC
TNP-00383,NCA-2011,,,,,0.9285,,,,,MARSAD_ANC
TNP-00384,NCA-2011,,,,,0.5103,,,,,MARSAD_ANC
TNP-00385,NCA-2011,,,,,0.8660,,,,,MARSAD_ANC
TNP-00386,NCA-2011,,,,,0.4785,,,,,MARSAD_ANC
TNP-00324,NCA-2011,,,,,0.8394,,,,,MARSAD_ANC
TNP-00387,NCA-2011,,,,,0.6895,,,,,MARSAD_ANC
TNP-00389,NCA-2011,,,,,0.7383,,,,,MARSAD_ANC
TNP-00267,NCA-2011,,,,,0.5969,,,,,MARSAD_ANC
TNP-00390,NCA-2011,,,,,0.7733,,,,,MARSAD_ANC
TNP-00264,NCA-2011,,,,,0.2393,,,,,MARSAD_ANC
TNP-00391,NCA-2011,,,,,0.7914,,,,,MARSAD_ANC
TNP-00392,NCA-2011,,,,,0.4935,,,,,MARSAD_ANC
TNP-00393,NCA-2011,,,,,0.8730,,,,,MARSAD_ANC
TNP-00394,NCA-2011,,,,,0.9411,,,,,MARSAD_ANC
TNP-00395,NCA-2011,,,,,0.8394,,,,,MARSAD_ANC
TNP-00396,NCA-2011,,,,,0.7430,,,,,MARSAD_ANC
TNP-00397,NCA-2011,,,,,0.8586,,,,,MARSAD_ANC
TNP-00398,NCA-2011,,,,,0.7774,,,,,MARSAD_ANC
TNP-00399,NCA-2011,,,,,0.6252,,,,,MARSAD_ANC
TNP-00141,NCA-2011,,,,,0.6912,,,,,MARSAD_ANC
TNP-00400,NCA-2011,,,,,0.6680,,,,,MARSAD_ANC
TNP-00401,NCA-2011,,,,,0.9055,,,,,MARSAD_ANC
TNP-00402,NCA-2011,,,,,0.3141,,,,,MARSAD_ANC
TNP-00403,NCA-2011,,,,,0.9686,,,,,MARSAD_ANC
TNP-00404,NCA-2011,,,,,0.7969,,,,,MARSAD_ANC
TNP-00405,NCA-2011,,,,,0.9803,,,,,MARSAD_ANC
TNP-00406,NCA-2011,,,,,0.7911,,,,,MARSAD_ANC
TNP-00407,NCA-2011,,,,,0.3044,,,,,MARSAD_ANC
TNP-00408,NCA-2011,,,,,0.7401,,,,,MARSAD_ANC
TNP-00409,NCA-2011,,,,,0.4974,,,,,MARSAD_ANC
TNP-00410,NCA-2011,,,,,0.4824,,,,,MARSAD_ANC
TNP-00411,NCA-2011,,,,,0.7628,,,,,MARSAD_ANC
TNP-00412,NCA-2011,,,,,0.3353,,,,,MARSAD_ANC
TNP-00413,NCA-2011,,,,,0.9229,,,,,MARSAD_ANC
TNP-00414,NCA-2011,,,,,0.7887,,,,,MARSAD_ANC
TNP-00415,NCA-2011,,,,,0.4692,,,,,MARSAD_ANC
TNP-00416,NCA-2011,,,,,0.6598,,,,,MARSAD_ANC
TNP-00417,NCA-2011,,,,,0.4170,,,,,MARSAD_ANC
TNP-00418,NCA-2011,,,,,0.8904,,,,,MARSAD_ANC
TNP-00419,NCA-2011,,,,,0.6402,,,,,MARSAD_ANC
TNP-00420,NCA-2011,,,,,0.3486,,,,,MARSAD_ANC
TNP-00421,NCA-2011,,,,,0.8707,,,,,MARSAD_ANC
TNP-00422,NCA-2011,,,,,0.7836,,,,,MARSAD_ANC
TNP-00423,NCA-2011,,,,,0.8046,,,,,MARSAD_ANC
TNP-00424,NCA-2011,,,,,0.6243,,,,,MARSAD_ANC
TNP-00425,NCA-2011,,,,,0.3656,,,,,MARSAD_ANC
TNP-00426,NCA-2011,,,,,0.3813,,,,,MARSAD_ANC
TNP-00427,NCA-2011,,,,,0.5677,,,,,MARSAD_ANC
TNP-00428,NCA-2011,,,,,0.7639,,,,,MARSAD_ANC
TNP-00429,NCA-2011,,,,,0.4611,,,,,MARSAD_ANC
TNP-00430,NCA-2011,,,,,0.6451,,,,,MARSAD_ANC
TNP-00364,NCA-2011,,,,,0.6270,,,,,MARSAD_ANC
TNP-00431,NCA-2011,,,,,0.5849,,,,,MARSAD_ANC
TNP-00432,NCA-2011,,,,,0.8939,,,,,MARSAD_ANC
TNP-00433,NCA-2011,,,,,0.8419,,,,,MARSAD_ANC
TNP-00434,NCA-2011,,,,,0.3775,,,,,MARSAD_ANC
TNP-00435,NCA-2011,,,,,0.5026,,,,,MARSAD_ANC
TNP-00436,NCA-2011,,,,,0.6639,,,,,MARSAD_ANC
TNP-00437,NCA-2011,,,,,0.7831,,,,,MARSAD_ANC
TNP-00438,NCA-2011,,,,,0.5868,,,,,MARSAD_ANC
TNP-00439,NCA-2011,,,,,0.4151,,,,,MARSAD_ANC
TNP-00440,NCA-2011,,,,,0.7797,,,,,MARSAD_ANC
TNP-00441,NCA-2011,,,,,0.8817,,,,,MARSAD_ANC
TNP-00442,NCA-2011,,,,,0.8480,,,,,MARSAD_ANC
TNP-00443,NCA-2011,,,,,0.4677,,,,,MARSAD_ANC
TNP-00444,NCA-2011,,,,,0.5575,,,,,MARSAD_ANC
TNP-00445,NCA-2011,,,,,0.9171,,,,,MARSAD_ANC
TNP-00446,NCA-2011,,,,,0.9478,,,,,MARSAD_ANC
TNP-00447,NCA-2011,,,,,0.9548,,,,,MARSAD_ANC
TNP-00448,NCA-2011,,,,,0.5600,,,,,MARSAD_ANC
TNP-00449,NCA-2011,,,,,0.7528,,,,,MARSAD_ANC
TNP-00450,NCA-2011,,,,,0.4646,,,,,MARSAD_ANC
TNP-00451,NCA-2011,,,,,0.5882,,,,,MARSAD_ANC
TNP-00452,NCA-2011,,,,,0.8870,,,,,MARSAD_ANC
TNP-00453,NCA-2011,,,,,0.3814,,,,,MARSAD_ANC
TNP-00454,NCA-2011,,,,,0.9304,,,,,MARSAD_ANC
TNP-00455,NCA-2011,,,,,0.3967,,,,,MARSAD_ANC
TNP-00456,NCA-2011,,,,,0.4651,,,,,MARSAD_ANC
TNP-00457,NCA-2011,,,,,0.6007,,,,,MARSAD_ANC
TNP-00458,NCA-2011,,,,,0.9733,,,,,MARSAD_ANC
TNP-00174,NCA-2011,,,,,0.2207,,,,,MARSAD_ANC
TNP-00459,NCA-2011,,,,,0.8951,,,,,MARSAD_ANC
TNP-00460,NCA-2011,,,,,0.8137,,,,,MARSAD_ANC
TNP-00461,NCA-2011,,,,,0.9722,,,,,MARSAD_ANC
TNP-00462,NCA-2011,,,,,0.3862,,,,,MARSAD_ANC
TNP-00463,NCA-2011,,,,,0.7638,,,,,MARSAD_ANC
TNP-00464,NCA-2011,,,,,0.1674,,,,,MARSAD_ANC
TNP-00465,NCA-2011,,,,,0.4027,,,,,MARSAD_ANC
TNP-00466,NCA-2011,,,,,0.6676,,,,,MARSAD_ANC
TNP-00467,NCA-2011,,,,,0.8186,,,,,MARSAD_ANC
TNP-00468,NCA-2011,,,,,0.3699,,,,,MARSAD_ANC
TNP-00469,NCA-2011,,,,,0.4862,,,,,MARSAD_ANC
TNP-00470,NCA-2011,,,,,0.9483,,,,,MARSAD_ANC
TNP-00471,NCA-2011,,,,,0.6479,,,,,MARSAD_ANC
TNP-00472,NCA-2011,,,,,0.3543,,,,,MARSAD_ANC
TNP-00473,NCA-2011,,,,,0.5624,,,,,MARSAD_ANC
TNP-00474,NCA-2011,,,,,0.6597,,,,,MARSAD_ANC
TNP-00475,NCA-2011,,,,,0.5907,,,,,MARSAD_ANC
TNP-00476,NCA-2011,,,,,0.5137,,,,,MARSAD_ANC
TNP-00477,NCA-2011,,,,,0.7877,,,,,MARSAD_ANC
TNP-00478,NCA-2011,,,,,0.7135,,,,,MARSAD_ANC
TNP-00479,NCA-2011,,,,,0.3706,,,,,MARSAD_ANC
TNP-00480,NCA-2011,,,,,0.7377,,,,,MARSAD_ANC
TNP-00481,NCA-2011,,,,,0.4152,,,,,MARSAD_ANC
TNP-00482,NCA-2011,,,,,0.6872,,,,,MARSAD_ANC
TNP-00199,NCA-2011,,,,,0.6125,,,,,MARSAD_ANC
TNP-00483,NCA-2011,,,,,0.5827,,,,,MARSAD_ANC
TNP-00484,NCA-2011,,,,,0.7955,,,,,MARSAD_ANC
TNP-00485,NCA-2011,,,,,0.6924,,,,,MARSAD_ANC
TNP-00486,NCA-2011,,,,,0.4563,,,,,MARSAD_ANC
TNP-00487,NCA-2011,,,,,0.5240,,,,,MARSAD_ANC
TNP-00488,NCA-2011,,,,,0.5514,,,,,MARSAD_ANC
TNP-00489,NCA-2011,,,,,0.3536,,,,,MARSAD_ANC
TNP-00490,NCA-2011,,,,,0.4534,,,,,MARSAD_ANC
TNP-00491,NCA-2011,,,,,0.8371,,,,,MARSAD_ANC
TNP-00492,NCA-2011,,,,,0.8241,,,,,MARSAD_ANC
TNP-00493,NCA-2011,,,,,0.6430,,,,,MARSAD_ANC
TNP-00494,NCA-2011,,,,,0.7548,,,,,MARSAD_ANC
TNP-00495,NCA-2011,,,,,0.6642,,,,,MARSAD_ANC
TNP-00496,NCA-2011,,,,,0.7610,,,,,MARSAD_ANC
TNP-00497,NCA-2011,,,,,0.7294,,,,,MARSAD_ANC
TNP-00247,NCA-2011,,,,,0.8998,,,,,MARSAD_ANC
TNP-00498,NCA-2011,,,,,0.4071,,,,,MARSAD_ANC
TNP-00499,NCA-2011,,,,,0.6510,,,,,MARSAD_ANC
TNP-00501,NCA-2011,,,,,0.8550,,,,,MARSAD_ANC
TNP-00502,NCA-2011,,,,,0.7088,,,,,MARSAD_ANC
TNP-00503,NCA-2011,,,,,0.5926,,,,,MARSAD_ANC
TNP-00504,NCA-2011,,,,,0.2955,,,,,MARSAD_ANC
TNP-00505,NCA-2011,,,,,0.9130,,,,,MARSAD_ANC
TNP-00506,NCA-2011,,,,,0.5396,,,,,MARSAD_ANC
TNP-00507,NCA-2011,,,,,0.4509,,,,,MARSAD_ANC
TNP-00508,NCA-2011,,,,,0.5492,,,,,MARSAD_ANC
TNP-00509,NCA-2011,,,,,0.4086,,,,,MARSAD_ANC
TNP-00510,NCA-2011,,,,,0.9524,,,,,MARSAD_ANC
TNP-00511,NCA-2011,,,,,0.4466,,,,,MARSAD_ANC
TNP-00512,NCA-2011,,,,,0.4385,,,,,MARSAD_ANC
TNP-00513,NCA-2011,,,,,0.8081,,,,,MARSAD_ANC
TNP-00514,NCA-2011,,,,,0.8603,,,,,MARSAD_ANC
TNP-00515,NCA-2011,,,,,0.8200,,,,,MARSAD_ANC
TNP-00516,NCA-2011,,,,,0.5779,,,,,MARSAD_ANC
TNP-00517,NCA-2011,,,,,0.2645,,,,,MARSAD_ANC
TNP-00518,NCA-2011,,,,,0.6156,,,,,MARSAD_ANC
TNP-00519,NCA-2011,,,,,0.4840,,,,,MARSAD_ANC
TNP-00277,NCA-2011,,,,,0.5822,,,,,MARSAD_ANC
TNP-00520,NCA-2011,,,,,0.0553,,,,,MARSAD_ANC
TNP-00521,NCA-2011,,,,,0.8600,,,,,MARSAD_ANC
TNP-00522,NCA-2011,,,,,0.7301,,,,,MARSAD_ANC
TNP-00523,NCA-2011,,,,,0.9883,,,,,MARSAD_ANC
TNP-00524,NCA-2011,,,,,0.5075,,,,,MARSAD_ANC
TNP-00525,NCA-2011,,,,,0.5272,,,,,MARSAD_ANC
TNP-00527,NCA-2011,,,,,0.5291,,,,,MARSAD_ANC
TNP-00528,NCA-2011,,,,,0.9252,,,,,MARSAD_ANC
TNP-00289,NCA-2011,,,,,0.6348,,,,,MARSAD_ANC
TNP-00529,NCA-2011,,,,,0.6756,,,,,MARSAD_ANC
TNP-00530,NCA-2011,,,,,0.7570,,,,,MARSAD_ANC
TNP-00531,NCA-2011,,,,,0.8126,,,,,MARSAD_ANC
TNP-00532,NCA-2011,,,,,0.9814,,,,,MARSAD_ANC
TNP-00533,NCA-2011,,,,,0.7936,,,,,MARSAD_ANC
TNP-00534,NCA-2011,,,,,0.2200,,,,,MARSAD_ANC
TNP-00535,NCA-2011,,,,,0.5501,,,,,MARSAD_ANC
TNP-00301,NCA-2011,,,,,0.8612,,,,,MARSAD_ANC
TNP-00536,NCA-2011,,,,,0.6698,,,,,MARSAD_ANC
TNP-00537,NCA-2011,,,,,0.9511,,,,,MARSAD_ANC
TNP-00538,NCA-2011,,,,,0.8493,,,,,MARSAD_ANC
TNP-00539,NCA-2011,,,,,0.9073,,,,,MARSAD_ANC
TNP-00540,NCA-2011,,,,,0.7678,,,,,MARSAD_ANC
TNP-00541,NCA-2011,,,,,0.8676,,,,,MARSAD_ANC
TNP-00542,NCA-2011,,,,,0.3698,,,,,MARSAD_ANC
TNP-00543,NCA-2011,,,,,0.4430,,,,,MARSAD_ANC
TNP-00544,NCA-2011,,,,,0.6245,,,,,MARSAD_ANC
TNP-00545,NCA-2011,,,,,0.2265,,,,,MARSAD_ANC
TNP-00546,NCA-2011,,,,,0.5403,,,,,MARSAD_ANC
TNP-00547,NCA-2011,,,,,0.8020,,,,,MARSAD_ANC
TNP-00548,NCA-2011,,,,,0.7755,,,,,MARSAD_ANC
TNP-00007,NCA-2011,,,,,0.4567,,,,,MARSAD_ANC
TNP-00549,NCA-2011,,,,,0.8232,,,,,MARSAD_ANC
TNP-00550,NCA-2011,,,,,0.8465,,,,,MARSAD_ANC
TNP-00551,NCA-2011,,,,,0.6372,,,,,MARSAD_ANC
TNP-00357,NCA-2011,,,,,0.8857,,,,,MARSAD_ANC
TNP-00332,NCA-2011,,,,,0.7875,,,,,MARSAD_ANC
TNP-00552,NCA-2011,,,,,0.8986,,,,,MARSAD_ANC
TNP-00553,NCA-2011,,,,,0.8852,,,,,MARSAD_ANC
TNP-00554,NCA-2011,,,,,0.7446,,,,,MARSAD_ANC
TNP-00555,NCA-2011,,,,,0.8533,,,,,MARSAD_ANC
TNP-00556,NCA-2011,,,,,0.9047,,,,,MARSAD_ANC
TNP-00557,NCA-2011,,,,,0.7255,,,,,MARSAD_ANC
TNP-00558,NCA-2011,,,,,0.8404,,,,,MARSAD_ANC
TNP-00559,NCA-2011,,,,,0.8661,,,,,MARSAD_ANC
TNP-00560,NCA-2011,,,,,0.9107,,,,,MARSAD_ANC
TNP-00561,NCA-2011,,,,,0.8375,,,,,MARSAD_ANC
TNP-00562,NCA-2011,,,,,0.8346,,,,,MARSAD_ANC
TNP-00563,NCA-2011,,,,,0.9632,,,,,MARSAD_ANC
TNP-00564,NCA-2011,,,,,0.8371,,,,,MARSAD_ANC
TNP-00565,NCA-2011,,,,,0.7657,,,,,MARSAD_ANC
TNP-00285,NCA-2011,,,,,0.9848,,,,,MARSAD_ANC
TNP-00567,NCA-2011,,,,,0.7378,,,,,MARSAD_ANC
TNP-00568,NCA-2011,,,,,0.6540,,,,,MARSAD_ANC
