person_id,source_id,source_key,source_url,match_method,match_confidence
TNP-00001,ARP_ODOO,814,https://www.arp.tn/deputy/details/814,source_id,high
TNP-00002,ARP_ODOO,836,https://www.arp.tn/deputy/details/836,source_id,high
TNP-00003,ARP_ODOO,796,https://www.arp.tn/deputy/details/796,source_id,high
TNP-00004,ARP_ODOO,882,https://www.arp.tn/deputy/details/882,source_id,high
TNP-00005,ARP_ODOO,792,https://www.arp.tn/deputy/details/792,source_id,high
TNP-00006,ARP_ODOO,783,https://www.arp.tn/deputy/details/783,source_id,high
TNP-00007,ARP_ODOO,754,https://www.arp.tn/deputy/details/754,source_id,high
TNP-00007,MARSAD_ANC,4f4fbcf3bd8cb561570000d5,https://www.marsad.tn/deputes/4f4fbcf3bd8cb561570000d5,normalised_name_ar+lat,high
TNP-00008,ARP_ODOO,840,https://www.arp.tn/deputy/details/840,source_id,high
TNP-00009,ARP_ODOO,892,https://www.arp.tn/deputy/details/892,source_id,high
TNP-00010,ARP_ODOO,863,https://www.arp.tn/deputy/details/863,source_id,high
TNP-00011,ARP_ODOO,823,https://www.arp.tn/deputy/details/823,source_id,high
TNP-00012,ARP_ODOO,874,https://www.arp.tn/deputy/details/874,source_id,high
TNP-00013,ARP_ODOO,770,https://www.arp.tn/deputy/details/770,source_id,high
TNP-00014,ARP_ODOO,822,https://www.arp.tn/deputy/details/822,source_id,high
TNP-00015,ARP_ODOO,781,https://www.arp.tn/deputy/details/781,source_id,high
TNP-00016,ARP_ODOO,771,https://www.arp.tn/deputy/details/771,source_id,high
TNP-00017,ARP_ODOO,806,https://www.arp.tn/deputy/details/806,source_id,high
TNP-00018,ARP_ODOO,819,https://www.arp.tn/deputy/details/819,source_id,high
TNP-00019,ARP_ODOO,852,https://www.arp.tn/deputy/details/852,source_id,high
TNP-00020,ARP_ODOO,855,https://www.arp.tn/deputy/details/855,source_id,high
TNP-00021,ARP_ODOO,837,https://www.arp.tn/deputy/details/837,source_id,high
TNP-00022,ARP_ODOO,857,https://www.arp.tn/deputy/details/857,source_id,high
TNP-00023,ARP_ODOO,809,https://www.arp.tn/deputy/details/809,source_id,high
TNP-00024,ARP_ODOO,818,https://www.arp.tn/deputy/details/818,source_id,high
TNP-00025,ARP_ODOO,879,https://www.arp.tn/deputy/details/879,source_id,high
TNP-00026,ARP_ODOO,761,https://www.arp.tn/deputy/details/761,source_id,high
TNP-00027,ARP_ODOO,768,https://www.arp.tn/deputy/details/768,source_id,high
TNP-00028,ARP_ODOO,786,https://www.arp.tn/deputy/details/786,source_id,high
TNP-00029,ARP_ODOO,860,https://www.arp.tn/deputy/details/860,source_id,high
TNP-00030,ARP_ODOO,843,https://www.arp.tn/deputy/details/843,source_id,high
TNP-00031,ARP_ODOO,872,https://www.arp.tn/deputy/details/872,source_id,high
TNP-00032,ARP_ODOO,893,https://www.arp.tn/deputy/details/893,source_id,high
TNP-00033,ARP_ODOO,873,https://www.arp.tn/deputy/details/873,source_id,high
TNP-00034,ARP_ODOO,880,https://www.arp.tn/deputy/details/880,source_id,high
TNP-00035,ARP_ODOO,790,https://www.arp.tn/deputy/details/790,source_id,high
TNP-00036,ARP_ODOO,798,https://www.arp.tn/deputy/details/798,source_id,high
TNP-00037,ARP_ODOO,887,https://www.arp.tn/deputy/details/887,source_id,high
TNP-00038,ARP_ODOO,803,https://www.arp.tn/deputy/details/803,source_id,high
TNP-00039,ARP_ODOO,788,https://www.arp.tn/deputy/details/788,source_id,high
TNP-00040,ARP_ODOO,752,https://www.arp.tn/deputy/details/752,source_id,high
TNP-00041,ARP_ODOO,829,https://www.arp.tn/deputy/details/829,source_id,high
TNP-00042,ARP_ODOO,835,https://www.arp.tn/deputy/details/835,source_id,high
TNP-00043,ARP_ODOO,838,https://www.arp.tn/deputy/details/838,source_id,high
TNP-00044,ARP_ODOO,828,https://www.arp.tn/deputy/details/828,source_id,high
TNP-00045,ARP_ODOO,763,https://www.arp.tn/deputy/details/763,source_id,high
TNP-00046,ARP_ODOO,757,https://www.arp.tn/deputy/details/757,source_id,high
TNP-00047,ARP_ODOO,816,https://www.arp.tn/deputy/details/816,source_id,high
TNP-00048,ARP_ODOO,747,https://www.arp.tn/deputy/details/747,source_id,high
TNP-00049,ARP_ODOO,782,https://www.arp.tn/deputy/details/782,source_id,high
TNP-00050,ARP_ODOO,787,https://www.arp.tn/deputy/details/787,source_id,high
TNP-00051,ARP_ODOO,766,https://www.arp.tn/deputy/details/766,source_id,high
TNP-00052,ARP_ODOO,775,https://www.arp.tn/deputy/details/775,source_id,high
TNP-00053,ARP_ODOO,862,https://www.arp.tn/deputy/details/862,source_id,high
TNP-00054,ARP_ODOO,762,https://www.arp.tn/deputy/details/762,source_id,high
TNP-00055,ARP_ODOO,801,https://www.arp.tn/deputy/details/801,source_id,high
TNP-00056,ARP_ODOO,802,https://www.arp.tn/deputy/details/802,source_id,high
TNP-00057,ARP_ODOO,810,https://www.arp.tn/deputy/details/810,source_id,high
TNP-00058,ARP_ODOO,253,https://www.arp.tn/deputy/details/253,source_id,high
TNP-00058,MARSAD_ARP2014,Fatma_Mseddi,https://majles.marsad.tn/2014/elus/Fatma_Mseddi,normalised_name_ar+lat,high
TNP-00059,ARP_ODOO,774,https://www.arp.tn/deputy/details/774,source_id,high
TNP-00060,ARP_ODOO,877,https://www.arp.tn/deputy/details/877,source_id,high
TNP-00061,ARP_ODOO,807,https://www.arp.tn/deputy/details/807,source_id,high
TNP-00062,ARP_ODOO,799,https://www.arp.tn/deputy/details/799,source_id,high
TNP-00063,ARP_ODOO,900,https://www.arp.tn/deputy/details/900,source_id,high
TNP-00064,ARP_ODOO,789,https://www.arp.tn/deputy/details/789,source_id,high
TNP-00065,ARP_ODOO,262,https://www.arp.tn/deputy/details/262,source_id,high
TNP-00065,MARSAD_ARP2014,Imed_Ouled_Jebril,https://majles.marsad.tn/2014/elus/Imed_Ouled_Jebril,normalised_name_ar+lat,high
TNP-00065,MARSAD_MAJLES,imed-ouled-jebril,https://majles.marsad.tn/ar/person/imed-ouled-jebril,normalised_name_ar+lat,high
TNP-00066,ARP_ODOO,793,https://www.arp.tn/deputy/details/793,source_id,high
TNP-00067,ARP_ODOO,875,https://www.arp.tn/deputy/details/875,source_id,high
TNP-00068,ARP_ODOO,759,https://www.arp.tn/deputy/details/759,source_id,high
TNP-00069,ARP_ODOO,850,https://www.arp.tn/deputy/details/850,source_id,high
TNP-00070,ARP_ODOO,865,https://www.arp.tn/deputy/details/865,source_id,high
TNP-00071,ARP_ODOO,769,https://www.arp.tn/deputy/details/769,source_id,high
TNP-00072,ARP_ODOO,745,https://www.arp.tn/deputy/details/745,source_id,high
TNP-00073,ARP_ODOO,902,https://www.arp.tn/deputy/details/902,source_id,high
TNP-00074,ARP_ODOO,841,https://www.arp.tn/deputy/details/841,source_id,high
TNP-00075,ARP_ODOO,891,https://www.arp.tn/deputy/details/891,source_id,high
TNP-00076,ARP_ODOO,776,https://www.arp.tn/deputy/details/776,source_id,high
TNP-00077,ARP_ODOO,866,https://www.arp.tn/deputy/details/866,source_id,high
TNP-00078,ARP_ODOO,876,https://www.arp.tn/deputy/details/876,source_id,high
TNP-00079,ARP_ODOO,848,https://www.arp.tn/deputy/details/848,source_id,high
TNP-00080,ARP_ODOO,568,https://www.arp.tn/deputy/details/568,source_id,high
TNP-00080,MARSAD_MAJLES,abderrazek-aouidet,https://majles.marsad.tn/ar/person/abderrazek-aouidet,normalised_name_ar+lat,high
TNP-00081,ARP_ODOO,778,https://www.arp.tn/deputy/details/778,source_id,high
TNP-00082,ARP_ODOO,853,https://www.arp.tn/deputy/details/853,source_id,high
TNP-00083,ARP_ODOO,888,https://www.arp.tn/deputy/details/888,source_id,high
TNP-00084,ARP_ODOO,756,https://www.arp.tn/deputy/details/756,source_id,high
TNP-00085,ARP_ODOO,753,https://www.arp.tn/deputy/details/753,source_id,high
TNP-00086,ARP_ODOO,744,https://www.arp.tn/deputy/details/744,source_id,high
TNP-00087,ARP_ODOO,854,https://www.arp.tn/deputy/details/854,source_id,high
TNP-00088,ARP_ODOO,772,https://www.arp.tn/deputy/details/772,source_id,high
TNP-00089,ARP_ODOO,767,https://www.arp.tn/deputy/details/767,source_id,high
TNP-00090,ARP_ODOO,824,https://www.arp.tn/deputy/details/824,source_id,high
TNP-00091,ARP_ODOO,748,https://www.arp.tn/deputy/details/748,source_id,high
TNP-00092,ARP_ODOO,797,https://www.arp.tn/deputy/details/797,source_id,high
TNP-00093,ARP_ODOO,847,https://www.arp.tn/deputy/details/847,source_id,high
TNP-00094,ARP_ODOO,856,https://www.arp.tn/deputy/details/856,source_id,high
TNP-00095,ARP_ODOO,758,https://www.arp.tn/deputy/details/758,source_id,high
TNP-00096,ARP_ODOO,859,https://www.arp.tn/deputy/details/859,source_id,high
TNP-00097,ARP_ODOO,849,https://www.arp.tn/deputy/details/849,source_id,high
TNP-00098,ARP_ODOO,817,https://www.arp.tn/deputy/details/817,source_id,high
TNP-00099,ARP_ODOO,746,https://www.arp.tn/deputy/details/746,source_id,high
TNP-00100,ARP_ODOO,881,https://www.arp.tn/deputy/details/881,source_id,high
TNP-00101,ARP_ODOO,901,https://www.arp.tn/deputy/details/901,source_id,high
TNP-00102,ARP_ODOO,839,https://www.arp.tn/deputy/details/839,source_id,high
TNP-00103,ARP_ODOO,813,https://www.arp.tn/deputy/details/813,source_id,high
TNP-00104,ARP_ODOO,890,https://www.arp.tn/deputy/details/890,source_id,high
TNP-00105,ARP_ODOO,898,https://www.arp.tn/deputy/details/898,source_id,high
TNP-00105,MARSAD_MAJLES,sami-ben-abdelali,https://majles.marsad.tn/ar/person/sami-ben-abdelali,normalised_name_ar+lat,high
TNP-00106,ARP_ODOO,811,https://www.arp.tn/deputy/details/811,source_id,high
TNP-00107,ARP_ODOO,794,https://www.arp.tn/deputy/details/794,source_id,high
TNP-00108,ARP_ODOO,832,https://www.arp.tn/deputy/details/832,source_id,high
TNP-00109,ARP_ODOO,791,https://www.arp.tn/deputy/details/791,source_id,high
TNP-00110,ARP_ODOO,895,https://www.arp.tn/deputy/details/895,source_id,high
TNP-00111,ARP_ODOO,219,https://www.arp.tn/deputy/details/219,source_id,high
TNP-00111,MARSAD_ARP2014,Riadh_Jaidane,https://majles.marsad.tn/2014/elus/Riadh_Jaidane,normalised_name_ar+lat,high
TNP-00112,ARP_ODOO,800,https://www.arp.tn/deputy/details/800,source_id,high
TNP-00113,ARP_ODOO,830,https://www.arp.tn/deputy/details/830,source_id,high
TNP-00114,ARP_ODOO,821,https://www.arp.tn/deputy/details/821,source_id,high
TNP-00115,ARP_ODOO,193,https://www.arp.tn/deputy/details/193,source_id,high
TNP-00115,MARSAD_ARP2014,Ridha_Dellai,https://majles.marsad.tn/2014/elus/Ridha_Dellai,normalised_name_ar+lat,high
TNP-00115,MARSAD_MAJLES,ridha-dellai,https://majles.marsad.tn/ar/person/ridha-dellai,normalised_name_ar+lat,high
TNP-00116,ARP_ODOO,833,https://www.arp.tn/deputy/details/833,source_id,high
TNP-00117,ARP_ODOO,845,https://www.arp.tn/deputy/details/845,source_id,high
TNP-00118,ARP_ODOO,903,https://www.arp.tn/deputy/details/903,source_id,high
TNP-00119,ARP_ODOO,795,https://www.arp.tn/deputy/details/795,source_id,high
TNP-00120,ARP_ODOO,842,https://www.arp.tn/deputy/details/842,source_id,high
TNP-00121,ARP_ODOO,780,https://www.arp.tn/deputy/details/780,source_id,high
TNP-00122,ARP_ODOO,861,https://www.arp.tn/deputy/details/861,source_id,high
TNP-00123,ARP_ODOO,896,https://www.arp.tn/deputy/details/896,source_id,high
TNP-00124,ARP_ODOO,831,https://www.arp.tn/deputy/details/831,source_id,high
TNP-00125,ARP_ODOO,844,https://www.arp.tn/deputy/details/844,source_id,high
TNP-00126,ARP_ODOO,777,https://www.arp.tn/deputy/details/777,source_id,high
TNP-00127,ARP_ODOO,827,https://www.arp.tn/deputy/details/827,source_id,high
TNP-00128,ARP_ODOO,846,https://www.arp.tn/deputy/details/846,source_id,high
TNP-00129,ARP_ODOO,864,https://www.arp.tn/deputy/details/864,source_id,high
TNP-00130,ARP_ODOO,755,https://www.arp.tn/deputy/details/755,source_id,high
TNP-00131,ARP_ODOO,867,https://www.arp.tn/deputy/details/867,source_id,high
TNP-00132,ARP_ODOO,804,https://www.arp.tn/deputy/details/804,source_id,high
TNP-00133,ARP_ODOO,834,https://www.arp.tn/deputy/details/834,source_id,high
TNP-00134,ARP_ODOO,544,https://www.arp.tn/deputy/details/544,source_id,high
TNP-00134,MARSAD_MAJLES,badredine-gammoudi,https://majles.marsad.tn/ar/person/badredine-gammoudi,normalised_name_lat,medium
TNP-00135,ARP_ODOO,808,https://www.arp.tn/deputy/details/808,source_id,high
TNP-00136,ARP_ODOO,878,https://www.arp.tn/deputy/details/878,source_id,high
TNP-00137,ARP_ODOO,785,https://www.arp.tn/deputy/details/785,source_id,high
TNP-00138,ARP_ODOO,779,https://www.arp.tn/deputy/details/779,source_id,high
TNP-00139,ARP_ODOO,858,https://www.arp.tn/deputy/details/858,source_id,high
TNP-00140,ARP_ODOO,773,https://www.arp.tn/deputy/details/773,source_id,high
TNP-00141,ARP_ODOO,897,https://www.arp.tn/deputy/details/897,source_id,high
TNP-00141,MARSAD_ANC,4f4fbcf3bd8cb56157000027,https://www.marsad.tn/deputes/4f4fbcf3bd8cb56157000027,normalised_name_ar+lat,high
TNP-00142,ARP_ODOO,749,https://www.arp.tn/deputy/details/749,source_id,high
TNP-00143,ARP_ODOO,869,https://www.arp.tn/deputy/details/869,source_id,high
TNP-00144,ARP_ODOO,871,https://www.arp.tn/deputy/details/871,source_id,high
TNP-00145,ARP_ODOO,181,https://www.arp.tn/deputy/details/181,source_id,high
TNP-00145,MARSAD_ARP2014,Naceur_Channoufi,https://majles.marsad.tn/2014/elus/Naceur_Channoufi,normalised_name_ar+lat,high
TNP-00146,ARP_ODOO,820,https://www.arp.tn/deputy/details/820,source_id,high
TNP-00147,ARP_ODOO,765,https://www.arp.tn/deputy/details/765,source_id,high
TNP-00148,ARP_ODOO,894,https://www.arp.tn/deputy/details/894,source_id,high
TNP-00149,ARP_ODOO,784,https://www.arp.tn/deputy/details/784,source_id,high
TNP-00150,ARP_ODOO,870,https://www.arp.tn/deputy/details/870,source_id,high
TNP-00151,ARP_ODOO,760,https://www.arp.tn/deputy/details/760,source_id,high
TNP-00152,ARP_ODOO,815,https://www.arp.tn/deputy/details/815,source_id,high
TNP-00153,ARP_ODOO,805,https://www.arp.tn/deputy/details/805,source_id,high
TNP-00154,ARP_ODOO,851,https://www.arp.tn/deputy/details/851,source_id,high
TNP-00155,ARP_ODOO,742,https://www.arp.tn/deputy/details/742,source_id,high
TNP-00156,MARSAD_MAJLES,abdallah-hrizi,https://majles.marsad.tn/ar/person/abdallah-hrizi,source_id,high
TNP-00157,MARSAD_MAJLES,abdelhamid-marzouki,https://majles.marsad.tn/ar/person/abdelhamid-marzouki,source_id,high
TNP-00158,MARSAD_MAJLES,abdellatif-aloui,https://majles.marsad.tn/ar/person/abdellatif-aloui,source_id,high
TNP-00159,MARSAD_MAJLES,abdelmajid-ammar,https://majles.marsad.tn/ar/person/abdelmajid-ammar,source_id,high
TNP-00160,MARSAD_MAJLES,abderrazek-hosni,https://majles.marsad.tn/ar/person/abderrazek-hosni,source_id,high
TNP-00161,MARSAD_MAJLES,abdesslam-ben-amara,https://majles.marsad.tn/ar/person/abdesslam-ben-amara,source_id,high
TNP-00162,MARSAD_MAJLES,abir-moussi,https://majles.marsad.tn/ar/person/abir-moussi,source_id,high
TNP-00163,MARSAD_ARP2014,Adnane_Hajji,https://majles.marsad.tn/2014/elus/Adnane_Hajji,normalised_name_ar+lat,high
TNP-00163,MARSAD_MAJLES,adnane-hajji,https://majles.marsad.tn/ar/person/adnane-hajji,source_id,high
TNP-00164,MARSAD_MAJLES,adnene-ben-brahim,https://majles.marsad.tn/ar/person/adnene-ben-brahim,source_id,high
TNP-00165,MARSAD_MAJLES,ahmed-belgacem,https://majles.marsad.tn/ar/person/ahmed-belgacem,source_id,high
TNP-00166,MARSAD_MAJLES,ahmed-ben-ayed,https://majles.marsad.tn/ar/person/ahmed-ben-ayed,source_id,high
TNP-00167,MARSAD_MAJLES,ahmed-mouha,https://majles.marsad.tn/ar/person/ahmed-mouha,source_id,high
TNP-00168,MARSAD_MAJLES,ahmed-sghaier,https://majles.marsad.tn/ar/person/ahmed-sghaier,source_id,high
TNP-00169,MARSAD_MAJLES,ali-ben-aoun,https://majles.marsad.tn/ar/person/ali-ben-aoun,source_id,high
TNP-00170,MARSAD_MAJLES,ali-hermassi,https://majles.marsad.tn/ar/person/ali-hermassi,source_id,high
TNP-00171,MARSAD_MAJLES,ali-tayachi,https://majles.marsad.tn/ar/person/ali-tayachi,source_id,high
TNP-00172,MARSAD_MAJLES,amal-saidi,https://majles.marsad.tn/ar/person/amal-saidi,source_id,high
TNP-00173,MARSAD_MAJLES,amel-ouertatani,https://majles.marsad.tn/ar/person/amel-ouertatani,source_id,high
TNP-00174,MARSAD_ANC,4f4fbcf3bd8cb56157000069,https://www.marsad.tn/deputes/4f4fbcf3bd8cb56157000069,normalised_name_ar+lat,high
TNP-00174,MARSAD_ARP2014,Ameur_Laraiedh,https://majles.marsad.tn/2014/elus/Ameur_Laraiedh,normalised_name_ar+lat,high
TNP-00174,MARSAD_MAJLES,ameur-laraiedh,https://majles.marsad.tn/ar/person/ameur-laraiedh,source_id,high
TNP-00175,MARSAD_MAJLES,amine-missaoui,https://majles.marsad.tn/ar/person/amine-missaoui,source_id,high
TNP-00176,MARSAD_MAJLES,amira-charfedine,https://majles.marsad.tn/ar/person/amira-charfedine,source_id,high
TNP-00177,MARSAD_MAJLES,anouar-ben-chahed,https://majles.marsad.tn/ar/person/anouar-ben-chahed,source_id,high
TNP-00178,MARSAD_ARP2014,Aroua_Ben_Abbas,https://majles.marsad.tn/2014/elus/Aroua_Ben_Abbas,normalised_name_ar+lat,high
TNP-00178,MARSAD_MAJLES,aroua-ben-abbas,https://majles.marsad.tn/ar/person/aroua-ben-abbas,source_id,high
TNP-00179,MARSAD_MAJLES,awatef-ftirich,https://majles.marsad.tn/ar/person/awatef-ftirich,source_id,high
TNP-00180,MARSAD_MAJLES,awatef-griche-abid,https://majles.marsad.tn/ar/person/awatef-griche-abid,source_id,high
TNP-00181,MARSAD_MAJLES,ayachi-zammal,https://majles.marsad.tn/ar/person/ayachi-zammal,source_id,high
TNP-00182,MARSAD_MAJLES,ayatallah-hichri,https://majles.marsad.tn/ar/person/ayatallah-hichri,source_id,high
TNP-00183,MARSAD_ARP2014,Bechir_Khelifi,https://majles.marsad.tn/2014/elus/Bechir_Khelifi,normalised_name_ar+lat,high
TNP-00183,MARSAD_MAJLES,bechir-khelifi,https://majles.marsad.tn/ar/person/bechir-khelifi,source_id,high
TNP-00184,MARSAD_MAJLES,bechr-chebbi,https://majles.marsad.tn/ar/person/bechr-chebbi,source_id,high
TNP-00185,MARSAD_MAJLES,belgacem-darraji,https://majles.marsad.tn/ar/person/belgacem-darraji,source_id,high
TNP-00186,MARSAD_MAJLES,belgacem-hssan,https://majles.marsad.tn/ar/person/belgacem-hssan,source_id,high
TNP-00187,MARSAD_MAJLES,chadia-hafsouni,https://majles.marsad.tn/ar/person/chadia-hafsouni,source_id,high
TNP-00188,MARSAD_MAJLES,chiraz-chebbi,https://majles.marsad.tn/ar/person/chiraz-chebbi,source_id,high
TNP-00189,MARSAD_MAJLES,chokri-belhaj-amara,https://majles.marsad.tn/ar/person/chokri-belhaj-amara,source_id,high
TNP-00190,MARSAD_MAJLES,chokri-dhouibi,https://majles.marsad.tn/ar/person/chokri-dhouibi,source_id,high
TNP-00191,MARSAD_ARP2014,Emna_Ben_Hmayed,https://majles.marsad.tn/2014/elus/Emna_Ben_Hmayed,normalised_name_ar+lat,high
TNP-00191,MARSAD_MAJLES,emna-ben-hmayed,https://majles.marsad.tn/ar/person/emna-ben-hmayed,source_id,high
TNP-00192,MARSAD_MAJLES,ezzedine-ferjani,https://majles.marsad.tn/ar/person/ezzedine-ferjani,source_id,high
TNP-00193,MARSAD_MAJLES,fadhel-ouej,https://majles.marsad.tn/ar/person/fadhel-ouej,source_id,high
TNP-00194,MARSAD_MAJLES,faiza-bouhlel,https://majles.marsad.tn/ar/person/faiza-bouhlel,source_id,high
TNP-00195,MARSAD_MAJLES,faker-chouikhi,https://majles.marsad.tn/ar/person/faker-chouikhi,source_id,high
TNP-00196,MARSAD_MAJLES,fakhereedine-chabchoub,https://majles.marsad.tn/ar/person/fakhereedine-chabchoub,source_id,high
TNP-00197,MARSAD_MAJLES,fares-blel,https://majles.marsad.tn/ar/person/fares-blel,source_id,high
TNP-00198,MARSAD_MAJLES,farhat-rajhi,https://majles.marsad.tn/ar/person/farhat-rajhi,source_id,high
TNP-00199,MARSAD_ANC,4f4fbcf3bd8cb56157000085,https://www.marsad.tn/deputes/4f4fbcf3bd8cb56157000085,normalised_name_ar+lat,high
TNP-00199,MARSAD_ARP2014,Fathi_Ayadi,https://majles.marsad.tn/2014/elus/Fathi_Ayadi,normalised_name_ar+lat,high
TNP-00199,MARSAD_MAJLES,fathi-ayadi,https://majles.marsad.tn/ar/person/fathi-ayadi,source_id,high
TNP-00200,MARSAD_MAJLES,fathi-belgacem,https://majles.marsad.tn/ar/person/fathi-belgacem,source_id,high
TNP-00201,MARSAD_MAJLES,faycel-derbel,https://majles.marsad.tn/ar/person/faycel-derbel,source_id,high
TNP-00202,MARSAD_MAJLES,faycel-tahri,https://majles.marsad.tn/ar/person/faycel-tahri,source_id,high
TNP-00203,MARSAD_ARP2014,Faycel_Tebini,https://majles.marsad.tn/2014/elus/Faycel_Tebini,normalised_name_ar+lat,high
TNP-00203,MARSAD_MAJLES,faycel-tebini,https://majles.marsad.tn/ar/person/faycel-tebini,source_id,high
TNP-00204,MARSAD_ARP2014,Ferida_Laabidi,https://majles.marsad.tn/2014/elus/Ferida_Laabidi,normalised_name_ar+lat,high
TNP-00204,MARSAD_MAJLES,ferida-laabidi,https://majles.marsad.tn/ar/person/ferida-laabidi,source_id,high
TNP-00205,MARSAD_MAJLES,foued-thameur,https://majles.marsad.tn/ar/person/foued-thameur,source_id,high
TNP-00206,MARSAD_MAJLES,ghazi-karoui,https://majles.marsad.tn/ar/person/ghazi-karoui,source_id,high
TNP-00207,MARSAD_MAJLES,habib-ben-sid-hom,https://majles.marsad.tn/ar/person/habib-ben-sid-hom,source_id,high
TNP-00208,MARSAD_ARP2014,Hafedh_Zouari,https://majles.marsad.tn/2014/elus/Hafedh_Zouari,normalised_name_ar+lat,high
TNP-00208,MARSAD_MAJLES,hafedh-zouari,https://majles.marsad.tn/ar/person/hafedh-zouari,source_id,high
TNP-00209,MARSAD_MAJLES,hajer-naifer,https://majles.marsad.tn/ar/person/hajer-naifer,source_id,high
TNP-00210,MARSAD_MAJLES,halima-hammami,https://majles.marsad.tn/ar/person/halima-hammami,source_id,high
TNP-00211,MARSAD_MAJLES,hassen-ben-hadj-ibrahim,https://majles.marsad.tn/ar/person/hassen-ben-hadj-ibrahim,source_id,high
TNP-00212,MARSAD_ARP2014,Hassouna_Nasfi,https://majles.marsad.tn/2014/elus/Hassouna_Nasfi,normalised_name_ar+lat,high
TNP-00212,MARSAD_MAJLES,hassouna-nasfi,https://majles.marsad.tn/ar/person/hassouna-nasfi,source_id,high
TNP-00213,MARSAD_MAJLES,hatem-boubakri,https://majles.marsad.tn/ar/person/hatem-boubakri,source_id,high
TNP-00214,MARSAD_MAJLES,hatem-karoui,https://majles.marsad.tn/ar/person/hatem-karoui,source_id,high
TNP-00215,MARSAD_MAJLES,hatem-mansi,https://majles.marsad.tn/ar/person/hatem-mansi,source_id,high
TNP-00216,MARSAD_MAJLES,hatem-mliki,https://majles.marsad.tn/ar/person/hatem-mliki,source_id,high
TNP-00217,MARSAD_ARP2014,Hayet_Omri,https://majles.marsad.tn/2014/elus/Hayet_Omri,normalised_name_ar+lat,high
TNP-00217,MARSAD_MAJLES,hayet-omri,https://majles.marsad.tn/ar/person/hayet-omri,source_id,high
TNP-00218,MARSAD_MAJLES,haykel-mekki,https://majles.marsad.tn/ar/person/haykel-mekki,source_id,high
TNP-00219,MARSAD_MAJLES,haythem-brahem,https://majles.marsad.tn/ar/person/haythem-brahem,source_id,high
TNP-00220,MARSAD_MAJLES,hedi-makni,https://majles.marsad.tn/ar/person/hedi-makni,source_id,high
TNP-00221,MARSAD_ARP2014,Heger_Bouzemmi,https://majles.marsad.tn/2014/elus/Heger_Bouzemmi,normalised_name_ar+lat,high
TNP-00221,MARSAD_MAJLES,heger-bouzemmi,https://majles.marsad.tn/ar/person/heger-bouzemmi,source_id,high
TNP-00222,MARSAD_MAJLES,hejer-bouhleli,https://majles.marsad.tn/ar/person/hejer-bouhleli,source_id,high
TNP-00223,MARSAD_MAJLES,hichem-ajbouni,https://majles.marsad.tn/ar/person/hichem-ajbouni,source_id,high
TNP-00224,MARSAD_MAJLES,hichem-ben-ahmed,https://majles.marsad.tn/ar/person/hichem-ben-ahmed,source_id,high
TNP-00225,MARSAD_MAJLES,houssem-moussa,https://majles.marsad.tn/ar/person/houssem-moussa,source_id,high
TNP-00226,MARSAD_MAJLES,hussein-jenayah,https://majles.marsad.tn/ar/person/hussein-jenayah,source_id,high
TNP-00227,MARSAD_ARP2014,Ibtihej_Ben_Helal,https://majles.marsad.tn/2014/elus/Ibtihej_Ben_Helal,normalised_name_ar+lat,high
TNP-00227,MARSAD_MAJLES,ibtihej-ben-helal,https://majles.marsad.tn/ar/person/ibtihej-ben-helal,source_id,high
TNP-00228,MARSAD_ARP2014,Imed_Khemiri,https://majles.marsad.tn/2014/elus/Imed_Khemiri,normalised_name_ar+lat,high
TNP-00228,MARSAD_MAJLES,imed-khemiri,https://majles.marsad.tn/ar/person/imed-khemiri,source_id,high
TNP-00229,MARSAD_MAJLES,imen-bettaieb,https://majles.marsad.tn/ar/person/imen-bettaieb,source_id,high
TNP-00230,MARSAD_MAJLES,issam-bargougui,https://majles.marsad.tn/ar/person/issam-bargougui,source_id,high
TNP-00231,MARSAD_MAJLES,iyadh-allag,https://majles.marsad.tn/ar/person/iyadh-allag,source_id,high
TNP-00232,MARSAD_MAJLES,iyadh-elloumi,https://majles.marsad.tn/ar/person/iyadh-elloumi,source_id,high
TNP-00233,MARSAD_MAJLES,jalal-zayati,https://majles.marsad.tn/ar/person/jalal-zayati,source_id,high
TNP-00234,MARSAD_MAJLES,jamali-boudhouafi,https://majles.marsad.tn/ar/person/jamali-boudhouafi,source_id,high
TNP-00235,MARSAD_ARP2014,Jamila_Debbech,https://majles.marsad.tn/2014/elus/Jamila_Debbech,normalised_name_ar+lat,high
TNP-00235,MARSAD_MAJLES,jamila-debbech,https://majles.marsad.tn/ar/person/jamila-debbech,source_id,high
TNP-00236,MARSAD_ARP2014,Jamila_Jouini,https://majles.marsad.tn/2014/elus/Jamila_Jouini,normalised_name_ar+lat,high
TNP-00236,MARSAD_MAJLES,jamila-jouini,https://majles.marsad.tn/ar/person/jamila-jouini,source_id,high
TNP-00237,MARSAD_MAJLES,jawher-mghirbi,https://majles.marsad.tn/ar/person/jawher-mghirbi,source_id,high
TNP-00238,MARSAD_MAJLES,jedidi-sboui,https://majles.marsad.tn/ar/person/jedidi-sboui,source_id,high
TNP-00239,MARSAD_MAJLES,kamel-aouadi,https://majles.marsad.tn/ar/person/kamel-aouadi,source_id,high
TNP-00240,MARSAD_MAJLES,kamel-habib-faraj,https://majles.marsad.tn/ar/person/kamel-habib-faraj,source_id,high
TNP-00241,MARSAD_MAJLES,kenza-ajela,https://majles.marsad.tn/ar/person/kenza-ajela,source_id,high
TNP-00242,MARSAD_MAJLES,khaled-krichi,https://majles.marsad.tn/ar/person/khaled-krichi,source_id,high
TNP-00243,MARSAD_MAJLES,khaled-qsouma,https://majles.marsad.tn/ar/person/khaled-qsouma,source_id,high
TNP-00244,MARSAD_MAJLES,kheireddine-zahi,https://majles.marsad.tn/ar/person/kheireddine-zahi,source_id,high
TNP-00245,MARSAD_MAJLES,lamia-jaidane,https://majles.marsad.tn/ar/person/lamia-jaidane,source_id,high
TNP-00246,MARSAD_MAJLES,lassaad-hajlaoui,https://majles.marsad.tn/ar/person/lassaad-hajlaoui,source_id,high
TNP-00247,MARSAD_ANC,4f4fbcf3bd8cb56157000097,https://www.marsad.tn/deputes/4f4fbcf3bd8cb56157000097,normalised_name_ar+lat,high
TNP-00247,MARSAD_ARP2014,Latifa_Habachi,https://majles.marsad.tn/2014/elus/Latifa_Habachi,normalised_name_ar+lat,high
TNP-00247,MARSAD_MAJLES,latifa-habachi,https://majles.marsad.tn/ar/person/latifa-habachi,source_id,high
TNP-00248,MARSAD_MAJLES,lazher-chamli,https://majles.marsad.tn/ar/person/lazher-chamli,source_id,high
TNP-00249,MARSAD_MAJLES,leila-haddad,https://majles.marsad.tn/ar/person/leila-haddad,source_id,high
TNP-00250,MARSAD_MAJLES,lilia-bellil,https://majles.marsad.tn/ar/person/lilia-bellil,source_id,high
TNP-00251,MARSAD_ARP2014,Lotfi_Ali,https://majles.marsad.tn/2014/elus/Lotfi_Ali,normalised_name_ar+lat,high
TNP-00251,MARSAD_MAJLES,lotfi-ali,https://majles.marsad.tn/ar/person/lotfi-ali,source_id,high
TNP-00252,MARSAD_MAJLES,lotfi-ayadi,https://majles.marsad.tn/ar/person/lotfi-ayadi,source_id,high
TNP-00253,MARSAD_MAJLES,mabrouk-korchid,https://majles.marsad.tn/ar/person/mabrouk-korchid,source_id,high
TNP-00254,MARSAD_ARP2014,Mahbouba_Ben_Dhifallah,https://majles.marsad.tn/2014/elus/Mahbouba_Ben_Dhifallah,normalised_name_ar+lat,high
TNP-00254,MARSAD_MAJLES,mahbouba-ben-dhifallah,https://majles.marsad.tn/ar/person/mahbouba-ben-dhifallah,source_id,high
TNP-00255,MARSAD_ARP2014,Maher_Madhioub,https://majles.marsad.tn/2014/elus/Maher_Madhioub,normalised_name_ar+lat,high
TNP-00255,MARSAD_MAJLES,maher-madhioub,https://majles.marsad.tn/ar/person/maher-madhioub,source_id,high
TNP-00256,MARSAD_MAJLES,maher-zid,https://majles.marsad.tn/ar/person/maher-zid,source_id,high
TNP-00257,MARSAD_MAJLES,majdi-boudhina,https://majles.marsad.tn/ar/person/majdi-boudhina,source_id,high
TNP-00258,MARSAD_MAJLES,majdi-kerbai,https://majles.marsad.tn/ar/person/majdi-kerbai,source_id,high
TNP-00259,MARSAD_MAJLES,mariem-ben-belgacem,https://majles.marsad.tn/ar/person/mariem-ben-belgacem,source_id,high
TNP-00260,MARSAD_MAJLES,mariem-laghmani,https://majles.marsad.tn/ar/person/mariem-laghmani,source_id,high
TNP-00261,MARSAD_MAJLES,mariem-saidi,https://majles.marsad.tn/ar/person/mariem-saidi,source_id,high
TNP-00262,MARSAD_ARP2014,Marouan_Falfel,https://majles.marsad.tn/2014/elus/Marouan_Falfel,normalised_name_ar+lat,high
TNP-00262,MARSAD_MAJLES,marouan-falfel,https://majles.marsad.tn/ar/person/marouan-falfel,source_id,high
TNP-00263,MARSAD_MAJLES,marwa-ben-tamrout,https://majles.marsad.tn/ar/person/marwa-ben-tamrout,source_id,high
TNP-00264,MARSAD_ANC,4f4fbcf3bd8cb5615700001c,https://www.marsad.tn/deputes/4f4fbcf3bd8cb5615700001c,normalised_name_ar+lat,high
TNP-00264,MARSAD_ARP2014,Mehdi_Ben_Gharbia,https://majles.marsad.tn/2014/elus/Mehdi_Ben_Gharbia,normalised_name_ar+lat,high
TNP-00264,MARSAD_MAJLES,mehdi-ben-gharbia,https://majles.marsad.tn/ar/person/mehdi-ben-gharbia,source_id,high
TNP-00265,MARSAD_MAJLES,mekki-zaghdoud,https://majles.marsad.tn/ar/person/mekki-zaghdoud,source_id,high
TNP-00266,MARSAD_MAJLES,miled-ben-dali,https://majles.marsad.tn/ar/person/miled-ben-dali,source_id,high
TNP-00267,MARSAD_ANC,4f4fbcf3bd8cb56157000019,https://www.marsad.tn/deputes/4f4fbcf3bd8cb56157000019,normalised_name_lat,medium
TNP-00267,MARSAD_ARP2014,Moez_Belhaj_Rhouma,https://majles.marsad.tn/2014/elus/Moez_Belhaj_Rhouma,normalised_name_ar+lat,high
TNP-00267,MARSAD_MAJLES,moez-belhaj-rhouma,https://majles.marsad.tn/ar/person/moez-belhaj-rhouma,source_id,high
TNP-00268,MARSAD_MAJLES,mohamed-affas,https://majles.marsad.tn/ar/person/mohamed-affas,source_id,high
TNP-00269,MARSAD_MAJLES,mohamed-ahmed-dalhoumi,https://majles.marsad.tn/ar/person/mohamed-ahmed-dalhoumi,source_id,high
TNP-00270,MARSAD_MAJLES,mohamed-ammar,https://majles.marsad.tn/ar/person/mohamed-ammar,source_id,high
TNP-00271,MARSAD_MAJLES,mohamed-bouneni,https://majles.marsad.tn/ar/person/mohamed-bouneni,source_id,high
TNP-00272,MARSAD_MAJLES,mohamed-dhiaa-ben-omar,https://majles.marsad.tn/ar/person/mohamed-dhiaa-ben-omar,source_id,high
TNP-00273,MARSAD_MAJLES,mohamed-fateh-khlifi,https://majles.marsad.tn/ar/person/mohamed-fateh-khlifi,source_id,high
TNP-00274,MARSAD_MAJLES,mohamed-goumani,https://majles.marsad.tn/ar/person/mohamed-goumani,source_id,high
TNP-00275,MARSAD_MAJLES,mohamed-hsairi,https://majles.marsad.tn/ar/person/mohamed-hsairi,source_id,high
TNP-00276,MARSAD_ARP2014,Mohamed_Kamel_Hamzaoui,https://majles.marsad.tn/2014/elus/Mohamed_Kamel_Hamzaoui,normalised_name_ar+lat,high
TNP-00276,MARSAD_MAJLES,mohamed-kamel-hamzaoui,https://majles.marsad.tn/ar/person/mohamed-kamel-hamzaoui,source_id,high
TNP-00277,MARSAD_ANC,4f4fbcf3bd8cb561570000b4,https://www.marsad.tn/deputes/4f4fbcf3bd8cb561570000b4,normalised_name_ar+lat,high
TNP-00277,MARSAD_MAJLES,mohamed-karim-krifa,https://majles.marsad.tn/ar/person/mohamed-karim-krifa,source_id,high
TNP-00278,MARSAD_MAJLES,mohamed-lazher-rama,https://majles.marsad.tn/ar/person/mohamed-lazher-rama,source_id,high
TNP-00279,MARSAD_MAJLES,mohamed-mourad-hamzaoui,https://majles.marsad.tn/ar/person/mohamed-mourad-hamzaoui,source_id,high
TNP-00280,MARSAD_MAJLES,mohamed-naceur-bousen,https://majles.marsad.tn/ar/person/mohamed-naceur-bousen,source_id,high
TNP-00281,MARSAD_MAJLES,mohamed-sadok-kahbich,https://majles.marsad.tn/ar/person/mohamed-sadok-kahbich,source_id,high
TNP-00282,MARSAD_MAJLES,mohamed-saleh-ltifi,https://majles.marsad.tn/ar/person/mohamed-saleh-ltifi,source_id,high
TNP-00283,MARSAD_MAJLES,mohamed-skhiri,https://majles.marsad.tn/ar/person/mohamed-skhiri,source_id,high
TNP-00284,MARSAD_MAJLES,mohamed-zaabi,https://majles.marsad.tn/ar/person/mohamed-zaabi,source_id,high
TNP-00285,MARSAD_ANC,52bdd52412bdaa7f9b90f157,https://www.marsad.tn/deputes/52bdd52412bdaa7f9b90f157,normalised_name_lat,medium
TNP-00285,MARSAD_ARP2014,Mohamed_Zrig,https://majles.marsad.tn/2014/elus/Mohamed_Zrig,normalised_name_ar+lat,high
TNP-00285,MARSAD_MAJLES,mohamed-zrig,https://majles.marsad.tn/ar/person/mohamed-zrig,source_id,high
TNP-00286,MARSAD_MAJLES,mohsen-arfaoui,https://majles.marsad.tn/ar/person/mohsen-arfaoui,source_id,high
TNP-00287,MARSAD_MAJLES,moncef-boughattas,https://majles.marsad.tn/ar/person/moncef-boughattas,source_id,high
TNP-00288,MARSAD_MAJLES,mondher-ben-attia,https://majles.marsad.tn/ar/person/mondher-ben-attia,source_id,high
TNP-00289,MARSAD_ANC,4f4fbcf3bd8cb561570000be,https://www.marsad.tn/deputes/4f4fbcf3bd8cb561570000be,normalised_name_ar+lat,high
TNP-00289,MARSAD_ARP2014,Mongi_Rahoui,https://majles.marsad.tn/2014/elus/Mongi_Rahoui,normalised_name_ar+lat,high
TNP-00289,MARSAD_MAJLES,mongi-rahoui,https://majles.marsad.tn/ar/person/mongi-rahoui,source_id,high
TNP-00290,MARSAD_MAJLES,monjia-boughanmi,https://majles.marsad.tn/ar/person/monjia-boughanmi,source_id,high
TNP-00291,MARSAD_MAJLES,mouadh-ben-dhiaf,https://majles.marsad.tn/ar/person/mouadh-ben-dhiaf,source_id,high
TNP-00292,MARSAD_MAJLES,mounir-balti-hamdi,https://majles.marsad.tn/ar/person/mounir-balti-hamdi,source_id,high
TNP-00293,MARSAD_MAJLES,mounira-ayari,https://majles.marsad.tn/ar/person/mounira-ayari,source_id,high
TNP-00294,MARSAD_MAJLES,moussa-ben-ahmed,https://majles.marsad.tn/ar/person/moussa-ben-ahmed,source_id,high
TNP-00295,MARSAD_ARP2014,Mustapha_Ben_Ahmed,https://majles.marsad.tn/2014/elus/Mustapha_Ben_Ahmed,normalised_name_ar+lat,high
TNP-00295,MARSAD_MAJLES,mustapha-ben-ahmed,https://majles.marsad.tn/ar/person/mustapha-ben-ahmed,source_id,high
TNP-00296,MARSAD_MAJLES,mustapha-gharbi,https://majles.marsad.tn/ar/person/mustapha-gharbi,source_id,high
TNP-00297,MARSAD_MAJLES,nabil-hajji,https://majles.marsad.tn/ar/person/nabil-hajji,source_id,high
TNP-00298,MARSAD_MAJLES,naima-mansouri,https://majles.marsad.tn/ar/person/naima-mansouri,source_id,high
TNP-00299,MARSAD_ARP2014,Naoufel_Jammali,https://majles.marsad.tn/2014/elus/Naoufel_Jammali,normalised_name_ar+lat,high
TNP-00299,MARSAD_MAJLES,naoufel-jammali,https://majles.marsad.tn/ar/person/naoufel-jammali,source_id,high
TNP-00300,MARSAD_MAJLES,neji-jarahi,https://majles.marsad.tn/ar/person/neji-jarahi,source_id,high
TNP-00301,MARSAD_ANC,4f4fbcf3bd8cb561570000c6,https://www.marsad.tn/deputes/4f4fbcf3bd8cb561570000c6,normalised_name_ar+lat,high
TNP-00301,MARSAD_ARP2014,Neji_Jmal,https://majles.marsad.tn/2014/elus/Neji_Jmal,normalised_name_ar+lat,high
TNP-00301,MARSAD_MAJLES,neji-jmal,https://majles.marsad.tn/ar/person/neji-jmal,source_id,high
TNP-00302,MARSAD_MAJLES,nejmeddine-ben-salem,https://majles.marsad.tn/ar/person/nejmeddine-ben-salem,source_id,high
TNP-00303,MARSAD_ARP2014,Nesrine_Laamari,https://majles.marsad.tn/2014/elus/Nesrine_Laamari,normalised_name_ar+lat,high
TNP-00303,MARSAD_MAJLES,nesrine-laamari,https://majles.marsad.tn/ar/person/nesrine-laamari,source_id,high
TNP-00304,MARSAD_MAJLES,nidhal-saoudi,https://majles.marsad.tn/ar/person/nidhal-saoudi,source_id,high
TNP-00305,MARSAD_ARP2014,Noomane_El_Euch,https://majles.marsad.tn/2014/elus/Noomane_El_Euch,normalised_name_ar+lat,high
TNP-00305,MARSAD_MAJLES,noomane-el-euch,https://majles.marsad.tn/ar/person/noomane-el-euch,source_id,high
TNP-00306,MARSAD_MAJLES,nouha-aissaoui,https://majles.marsad.tn/ar/person/nouha-aissaoui,source_id,high
TNP-00307,MARSAD_MAJLES,nouha-jallabi,https://majles.marsad.tn/ar/person/nouha-jallabi,source_id,high
TNP-00308,MARSAD_MAJLES,noureddine-arbaoui,https://majles.marsad.tn/ar/person/noureddine-arbaoui,source_id,high
TNP-00309,MARSAD_ARP2014,Noureddine_Bhiri,https://majles.marsad.tn/2014/elus/Noureddine_Bhiri,normalised_name_ar+lat,high
TNP-00309,MARSAD_MAJLES,noureddine-bhiri,https://majles.marsad.tn/ar/person/noureddine-bhiri,source_id,high
TNP-00310,MARSAD_MAJLES,noussaiba-ben-ali,https://majles.marsad.tn/ar/person/noussaiba-ben-ali,source_id,high
TNP-00311,MARSAD_MAJLES,olfa-terras,https://majles.marsad.tn/ar/person/olfa-terras,source_id,high
TNP-00312,MARSAD_MAJLES,omar-ghribi,https://majles.marsad.tn/ar/person/omar-ghribi,source_id,high
TNP-00313,MARSAD_MAJLES,oussama-khlifi,https://majles.marsad.tn/ar/person/oussama-khlifi,source_id,high
TNP-00314,MARSAD_MAJLES,oussama-sghaier,https://majles.marsad.tn/ar/person/oussama-sghaier,source_id,high
TNP-00315,MARSAD_MAJLES,rabeb-ben-letaief,https://majles.marsad.tn/ar/person/rabeb-ben-letaief,source_id,high
TNP-00316,MARSAD_MAJLES,rached-ghannouchi,https://majles.marsad.tn/ar/person/rached-ghannouchi,source_id,high
TNP-00317,MARSAD_MAJLES,rached-khiari,https://majles.marsad.tn/ar/person/rached-khiari,source_id,high
TNP-00318,MARSAD_MAJLES,rafik-amara,https://majles.marsad.tn/ar/person/rafik-amara,source_id,high
TNP-00319,MARSAD_ARP2014,Ridha_Charfeddine,https://majles.marsad.tn/2014/elus/Ridha_Charfeddine,normalised_name_ar+lat,high
TNP-00319,MARSAD_MAJLES,ridha-charfeddine,https://majles.marsad.tn/ar/person/ridha-charfeddine,source_id,high
TNP-00320,MARSAD_MAJLES,ridha-jaouadi,https://majles.marsad.tn/ar/person/ridha-jaouadi,source_id,high
TNP-00321,MARSAD_MAJLES,ridha-zaghmi,https://majles.marsad.tn/ar/person/ridha-zaghmi,source_id,high
TNP-00322,MARSAD_MAJLES,safa-ghribi,https://majles.marsad.tn/ar/person/safa-ghribi,source_id,high
TNP-00323,MARSAD_MAJLES,safi-said,https://majles.marsad.tn/ar/person/safi-said,source_id,high
TNP-00324,MARSAD_ANC,4f4fbcf3bd8cb56157000015,https://www.marsad.tn/deputes/4f4fbcf3bd8cb56157000015,normalised_name_ar+lat,high
TNP-00324,MARSAD_ARP2014,Sahbi_Atig,https://majles.marsad.tn/2014/elus/Sahbi_Atig,normalised_name_ar+lat,high
TNP-00324,MARSAD_MAJLES,sahbi-atig,https://majles.marsad.tn/ar/person/sahbi-atig,source_id,high
TNP-00325,MARSAD_MAJLES,sahbi-smara,https://majles.marsad.tn/ar/person/sahbi-smara,source_id,high
TNP-00326,MARSAD_MAJLES,said-jaziri,https://majles.marsad.tn/ar/person/said-jaziri,source_id,high
TNP-00327,MARSAD_MAJLES,salem-ketata,https://majles.marsad.tn/ar/person/salem-ketata,source_id,high
TNP-00328,MARSAD_ARP2014,Salem_Labiadh,https://majles.marsad.tn/2014/elus/Salem_Labiadh,normalised_name_ar+lat,high
TNP-00328,MARSAD_MAJLES,salem-labiadh,https://majles.marsad.tn/ar/person/salem-labiadh,source_id,high
TNP-00329,MARSAD_MAJLES,salma-maalej,https://majles.marsad.tn/ar/person/salma-maalej,source_id,high
TNP-00330,MARSAD_MAJLES,salwa-ben-aicha,https://majles.marsad.tn/ar/person/salwa-ben-aicha,source_id,high
TNP-00331,MARSAD_ARP2014,Sameh_Dammak,https://majles.marsad.tn/2014/elus/Sameh_Dammak,normalised_name_ar+lat,high
TNP-00331,MARSAD_MAJLES,sameh-dammak,https://majles.marsad.tn/ar/person/sameh-dammak,source_id,high
TNP-00332,MARSAD_ANC,4f798b24b197de7f0c000000,https://www.marsad.tn/deputes/4f798b24b197de7f0c000000,normalised_name_ar+lat,high
TNP-00332,MARSAD_ARP2014,Samia_Abbou,https://majles.marsad.tn/2014/elus/Samia_Abbou,normalised_name_ar+lat,high
TNP-00332,MARSAD_MAJLES,samia-abbou,https://majles.marsad.tn/ar/person/samia-abbou,source_id,high
TNP-00333,MARSAD_ARP2014,Samir_Dilou,https://majles.marsad.tn/2014/elus/Samir_Dilou,normalised_name_ar+lat,high
TNP-00333,MARSAD_MAJLES,samir-dilou,https://majles.marsad.tn/ar/person/samir-dilou,source_id,high
TNP-00334,MARSAD_MAJLES,samira-bizig,https://majles.marsad.tn/ar/person/samira-bizig,source_id,high
TNP-00335,MARSAD_MAJLES,samira-chaouachi,https://majles.marsad.tn/ar/person/samira-chaouachi,source_id,high
TNP-00336,MARSAD_MAJLES,samira-hmida,https://majles.marsad.tn/ar/person/samira-hmida,source_id,high
TNP-00337,MARSAD_MAJLES,samira-sayhi,https://majles.marsad.tn/ar/person/samira-sayhi,source_id,high
TNP-00338,MARSAD_MAJLES,samira-smii,https://majles.marsad.tn/ar/person/samira-smii,source_id,high
TNP-00339,MARSAD_MAJLES,sayed-ferjani,https://majles.marsad.tn/ar/person/sayed-ferjani,source_id,high
TNP-00340,MARSAD_ARP2014,Sayida_Ounissi,https://majles.marsad.tn/2014/elus/Sayida_Ounissi,normalised_name_ar+lat,high
TNP-00340,MARSAD_MAJLES,sayida-ounissi,https://majles.marsad.tn/ar/person/sayida-ounissi,source_id,high
TNP-00341,MARSAD_MAJLES,seifeddine-mergheni,https://majles.marsad.tn/ar/person/seifeddine-mergheni,source_id,high
TNP-00342,MARSAD_MAJLES,seifedine-makhlouf,https://majles.marsad.tn/ar/person/seifedine-makhlouf,source_id,high
TNP-00343,MARSAD_MAJLES,sihem-chrigui,https://majles.marsad.tn/ar/person/sihem-chrigui,source_id,high
TNP-00344,MARSAD_MAJLES,sofien-makhloufi,https://majles.marsad.tn/ar/person/sofien-makhloufi,source_id,high
TNP-00345,MARSAD_ARP2014,Sofien_Toubel,https://majles.marsad.tn/2014/elus/Sofien_Toubel,normalised_name_ar+lat,high
TNP-00345,MARSAD_MAJLES,sofien-toubel,https://majles.marsad.tn/ar/person/sofien-toubel,source_id,high
TNP-00346,MARSAD_MAJLES,sonia-lekhchine,https://majles.marsad.tn/ar/person/sonia-lekhchine,source_id,high
TNP-00347,MARSAD_MAJLES,souhaib-ouadhan,https://majles.marsad.tn/ar/person/souhaib-ouadhan,source_id,high
TNP-00348,MARSAD_MAJLES,souhir-askri,https://majles.marsad.tn/ar/person/souhir-askri,source_id,high
TNP-00349,MARSAD_MAJLES,tarek-brahmi,https://majles.marsad.tn/ar/person/tarek-brahmi,source_id,high
TNP-00350,MARSAD_ARP2014,Tarek_Fetiti,https://majles.marsad.tn/2014/elus/Tarek_Fetiti,normalised_name_ar+lat,high
TNP-00350,MARSAD_MAJLES,tarek-fetiti,https://majles.marsad.tn/ar/person/tarek-fetiti,source_id,high
TNP-00351,MARSAD_MAJLES,tawfik-zairi,https://majles.marsad.tn/ar/person/tawfik-zairi,source_id,high
TNP-00352,MARSAD_MAJLES,thameur-saad,https://majles.marsad.tn/ar/person/thameur-saad,source_id,high
TNP-00353,MARSAD_MAJLES,toumi-hamrouni,https://majles.marsad.tn/ar/person/toumi-hamrouni,source_id,high
TNP-00354,MARSAD_ARP2014,Wafa_Attia,https://majles.marsad.tn/2014/elus/Wafa_Attia,normalised_name_ar+lat,high
TNP-00354,MARSAD_MAJLES,wafa-attia,https://majles.marsad.tn/ar/person/wafa-attia,source_id,high
TNP-00355,MARSAD_ARP2014,Walid_Jalled,https://majles.marsad.tn/2014/elus/Walid_Jalled,normalised_name_ar+lat,high
TNP-00355,MARSAD_MAJLES,walid-jalled,https://majles.marsad.tn/ar/person/walid-jalled,source_id,high
TNP-00356,MARSAD_MAJLES,wissem-chaari,https://majles.marsad.tn/ar/person/wissem-chaari,source_id,high
TNP-00357,MARSAD_ANC,4f4fbcf3bd8cb561570000d9,https://www.marsad.tn/deputes/4f4fbcf3bd8cb561570000d9,normalised_name_ar+lat,high
TNP-00357,MARSAD_ARP2014,Yamina_Zoghlami,https://majles.marsad.tn/2014/elus/Yamina_Zoghlami,normalised_name_ar+lat,high
TNP-00357,MARSAD_MAJLES,yamina-zoghlami,https://majles.marsad.tn/ar/person/yamina-zoghlami,source_id,high
TNP-00358,MARSAD_ARP2014,Yassine_Ayari,https://majles.marsad.tn/2014/elus/Yassine_Ayari,normalised_name_ar+lat,high
TNP-00358,MARSAD_MAJLES,yassine-ayari,https://majles.marsad.tn/ar/person/yassine-ayari,source_id,high
TNP-00359,MARSAD_MAJLES,yosri-dali,https://majles.marsad.tn/ar/person/yosri-dali,source_id,high
TNP-00360,MARSAD_MAJLES,zaineb-safari,https://majles.marsad.tn/ar/person/zaineb-safari,source_id,high
TNP-00361,MARSAD_ARP2014,Zeineb_Brahmi,https://majles.marsad.tn/2014/elus/Zeineb_Brahmi,normalised_name_ar+lat,high
TNP-00361,MARSAD_MAJLES,zeineb-brahmi,https://majles.marsad.tn/ar/person/zeineb-brahmi,source_id,high
TNP-00362,MARSAD_MAJLES,zied-ghanney,https://majles.marsad.tn/ar/person/zied-ghanney,source_id,high
TNP-00363,MARSAD_MAJLES,zied-hechmi,https://majles.marsad.tn/ar/person/zied-hechmi,source_id,high
TNP-00364,MARSAD_ANC,4f4fbcf3bd8cb5615700004a,https://www.marsad.tn/deputes/4f4fbcf3bd8cb5615700004a,normalised_name_ar+lat,high
TNP-00364,MARSAD_ARP2014,Zied_Laadhari,https://majles.marsad.tn/2014/elus/Zied_Laadhari,normalised_name_ar+lat,high
TNP-00364,MARSAD_MAJLES,zied-laadhari,https://majles.marsad.tn/ar/person/zied-laadhari,source_id,high
TNP-00365,MARSAD_ARP2014,Zouhair_Maghzaoui,https://majles.marsad.tn/2014/elus/Zouhair_Maghzaoui,normalised_name_ar+lat,high
TNP-00365,MARSAD_MAJLES,zouhair-maghzaoui,https://majles.marsad.tn/ar/person/zouhair-maghzaoui,source_id,high
TNP-00366,MARSAD_MAJLES,zouhair-makhlouf,https://majles.marsad.tn/ar/person/zouhair-makhlouf,source_id,high
TNP-00367,MARSAD_ANC,4f4fbcf3bd8cb56157000001,https://www.marsad.tn/deputes/4f4fbcf3bd8cb56157000001,source_id,high
TNP-00368,MARSAD_ANC,4f4fbcf3bd8cb56157000002,https://www.marsad.tn/deputes/4f4fbcf3bd8cb56157000002,source_id,high
TNP-00369,MARSAD_ANC,4f4fbcf3bd8cb56157000003,https://www.marsad.tn/deputes/4f4fbcf3bd8cb56157000003,source_id,high
TNP-00369,MARSAD_ARP2014,Ahmed_Mechergui,https://majles.marsad.tn/2014/elus/Ahmed_Mechergui,normalised_name_lat,medium
TNP-00370,MARSAD_ANC,4f4fbcf3bd8cb56157000004,https://www.marsad.tn/deputes/4f4fbcf3bd8cb56157000004,source_id,high
TNP-00371,MARSAD_ANC,4f4fbcf3bd8cb56157000005,https://www.marsad.tn/deputes/4f4fbcf3bd8cb56157000005,source_id,high
TNP-00372,MARSAD_ANC,4f4fbcf3bd8cb56157000006,https://www.marsad.tn/deputes/4f4fbcf3bd8cb56157000006,source_id,high
TNP-00373,MARSAD_ANC,4f4fbcf3bd8cb56157000007,https://www.marsad.tn/deputes/4f4fbcf3bd8cb56157000007,source_id,high
TNP-00374,MARSAD_ANC,4f4fbcf3bd8cb56157000008,https://www.marsad.tn/deputes/4f4fbcf3bd8cb56157000008,source_id,high
TNP-00375,MARSAD_ANC,4f4fbcf3bd8cb56157000009,https://www.marsad.tn/deputes/4f4fbcf3bd8cb56157000009,source_id,high
TNP-00375,MARSAD_ARP2014,Oussama_Al_Saghir,https://majles.marsad.tn/2014/elus/Oussama_Al_Saghir,normalised_name_ar+lat,high
TNP-00376,MARSAD_ANC,4f4fbcf3bd8cb5615700000a,https://www.marsad.tn/deputes/4f4fbcf3bd8cb5615700000a,source_id,high
TNP-00377,MARSAD_ANC,4f4fbcf3bd8cb5615700000b,https://www.marsad.tn/deputes/4f4fbcf3bd8cb5615700000b,source_id,high
TNP-00378,MARSAD_ANC,4f4fbcf3bd8cb5615700000c,https://www.marsad.tn/deputes/4f4fbcf3bd8cb5615700000c,source_id,high
TNP-00379,MARSAD_ANC,4f4fbcf3bd8cb5615700000d,https://www.marsad.tn/deputes/4f4fbcf3bd8cb5615700000d,source_id,high
TNP-00380,MARSAD_ANC,4f4fbcf3bd8cb5615700000e,https://www.marsad.tn/deputes/4f4fbcf3bd8cb5615700000e,source_id,high
TNP-00381,MARSAD_ANC,4f4fbcf3bd8cb5615700000f,https://www.marsad.tn/deputes/4f4fbcf3bd8cb5615700000f,source_id,high
TNP-00382,MARSAD_ANC,4f4fbcf3bd8cb56157000010,https://www.marsad.tn/deputes/4f4fbcf3bd8cb56157000010,source_id,high
TNP-00383,MARSAD_ANC,4f4fbcf3bd8cb56157000011,https://www.marsad.tn/deputes/4f4fbcf3bd8cb56157000011,source_id,high
TNP-00383,MARSAD_ARP2014,Habib_Khedher,https://majles.marsad.tn/2014/elus/Habib_Khedher,normalised_name_ar+lat,high
TNP-00384,MARSAD_ANC,4f4fbcf3bd8cb56157000012,https://www.marsad.tn/deputes/4f4fbcf3bd8cb56157000012,source_id,high
TNP-00385,MARSAD_ANC,4f4fbcf3bd8cb56157000013,https://www.marsad.tn/deputes/4f4fbcf3bd8cb56157000013,source_id,high
TNP-00386,MARSAD_ANC,4f4fbcf3bd8cb56157000014,https://www.marsad.tn/deputes/4f4fbcf3bd8cb56157000014,source_id,high
TNP-00387,MARSAD_ANC,4f4fbcf3bd8cb56157000016,https://www.marsad.tn/deputes/4f4fbcf3bd8cb56157000016,source_id,high
TNP-00388,MARSAD_ANC,4f4fbcf3bd8cb56157000017,https://www.marsad.tn/deputes/4f4fbcf3bd8cb56157000017,source_id,high
TNP-00389,MARSAD_ANC,4f4fbcf3bd8cb56157000018,https://www.marsad.tn/deputes/4f4fbcf3bd8cb56157000018,source_id,high
TNP-00390,MARSAD_ANC,4f4fbcf3bd8cb5615700001a,https://www.marsad.tn/deputes/4f4fbcf3bd8cb5615700001a,source_id,high
TNP-00391,MARSAD_ANC,4f4fbcf3bd8cb5615700001d,https://www.marsad.tn/deputes/4f4fbcf3bd8cb5615700001d,source_id,high
TNP-00392,MARSAD_ANC,4f4fbcf3bd8cb5615700001e,https://www.marsad.tn/deputes/4f4fbcf3bd8cb5615700001e,source_id,high
TNP-00393,MARSAD_ANC,4f4fbcf3bd8cb5615700001f,https://www.marsad.tn/deputes/4f4fbcf3bd8cb5615700001f,source_id,high
TNP-00394,MARSAD_ANC,4f4fbcf3bd8cb56157000020,https://www.marsad.tn/deputes/4f4fbcf3bd8cb56157000020,source_id,high
TNP-00394,MARSAD_ARP2014,Hedi_Ben_Braham,https://majles.marsad.tn/2014/elus/Hedi_Ben_Braham,normalised_name_ar+lat,high
TNP-00395,MARSAD_ANC,4f4fbcf3bd8cb56157000021,https://www.marsad.tn/deputes/4f4fbcf3bd8cb56157000021,source_id,high
TNP-00396,MARSAD_ANC,4f4fbcf3bd8cb56157000023,https://www.marsad.tn/deputes/4f4fbcf3bd8cb56157000023,source_id,high
TNP-00397,MARSAD_ANC,4f4fbcf3bd8cb56157000024,https://www.marsad.tn/deputes/4f4fbcf3bd8cb56157000024,source_id,high
TNP-00398,MARSAD_ANC,4f4fbcf3bd8cb56157000025,https://www.marsad.tn/deputes/4f4fbcf3bd8cb56157000025,source_id,high
TNP-00399,MARSAD_ANC,4f4fbcf3bd8cb56157000026,https://www.marsad.tn/deputes/4f4fbcf3bd8cb56157000026,source_id,high
TNP-00400,MARSAD_ANC,4f4fbcf3bd8cb56157000028,https://www.marsad.tn/deputes/4f4fbcf3bd8cb56157000028,source_id,high
TNP-00401,MARSAD_ANC,4f4fbcf3bd8cb56157000029,https://www.marsad.tn/deputes/4f4fbcf3bd8cb56157000029,source_id,high
TNP-00401,MARSAD_ARP2014,Imen_Ben_Mhamed,https://majles.marsad.tn/2014/elus/Imen_Ben_Mhamed,normalised_name_ar+lat,high
TNP-00402,MARSAD_ANC,4f4fbcf3bd8cb5615700002a,https://www.marsad.tn/deputes/4f4fbcf3bd8cb5615700002a,source_id,high
TNP-00403,MARSAD_ANC,4f4fbcf3bd8cb5615700002b,https://www.marsad.tn/deputes/4f4fbcf3bd8cb5615700002b,source_id,high
TNP-00404,MARSAD_ANC,4f4fbcf3bd8cb5615700002c,https://www.marsad.tn/deputes/4f4fbcf3bd8cb5615700002c,source_id,high
TNP-00404,MARSAD_ARP2014,Basma_Jebali,https://majles.marsad.tn/2014/elus/Basma_Jebali,normalised_name_ar+lat,high
TNP-00405,MARSAD_ANC,4f4fbcf3bd8cb5615700002d,https://www.marsad.tn/deputes/4f4fbcf3bd8cb5615700002d,source_id,high
TNP-00406,MARSAD_ANC,4f4fbcf3bd8cb5615700002e,https://www.marsad.tn/deputes/4f4fbcf3bd8cb5615700002e,source_id,high
TNP-00407,MARSAD_ANC,4f4fbcf3bd8cb5615700002f,https://www.marsad.tn/deputes/4f4fbcf3bd8cb5615700002f,source_id,high
TNP-00408,MARSAD_ANC,4f4fbcf3bd8cb56157000030,https://www.marsad.tn/deputes/4f4fbcf3bd8cb56157000030,source_id,high
TNP-00409,MARSAD_ANC,4f4fbcf3bd8cb56157000031,https://www.marsad.tn/deputes/4f4fbcf3bd8cb56157000031,source_id,high
TNP-00410,MARSAD_ANC,4f4fbcf3bd8cb56157000032,https://www.marsad.tn/deputes/4f4fbcf3bd8cb56157000032,source_id,high
TNP-00411,MARSAD_ANC,4f4fbcf3bd8cb56157000033,https://www.marsad.tn/deputes/4f4fbcf3bd8cb56157000033,source_id,high
TNP-00412,MARSAD_ANC,4f4fbcf3bd8cb56157000034,https://www.marsad.tn/deputes/4f4fbcf3bd8cb56157000034,source_id,high
TNP-00413,MARSAD_ANC,4f4fbcf3bd8cb56157000035,https://www.marsad.tn/deputes/4f4fbcf3bd8cb56157000035,source_id,high
TNP-00414,MARSAD_ANC,4f4fbcf3bd8cb56157000036,https://www.marsad.tn/deputes/4f4fbcf3bd8cb56157000036,source_id,high
TNP-00415,MARSAD_ANC,4f4fbcf3bd8cb56157000037,https://www.marsad.tn/deputes/4f4fbcf3bd8cb56157000037,source_id,high
TNP-00416,MARSAD_ANC,4f4fbcf3bd8cb56157000038,https://www.marsad.tn/deputes/4f4fbcf3bd8cb56157000038,source_id,high
TNP-00417,MARSAD_ANC,4f4fbcf3bd8cb56157000039,https://www.marsad.tn/deputes/4f4fbcf3bd8cb56157000039,source_id,high
TNP-00418,MARSAD_ANC,4f4fbcf3bd8cb5615700003a,https://www.marsad.tn/deputes/4f4fbcf3bd8cb5615700003a,source_id,high
TNP-00419,MARSAD_ANC,4f4fbcf3bd8cb5615700003d,https://www.marsad.tn/deputes/4f4fbcf3bd8cb5615700003d,source_id,high
TNP-00420,MARSAD_ANC,4f4fbcf3bd8cb5615700003f,https://www.marsad.tn/deputes/4f4fbcf3bd8cb5615700003f,source_id,high
TNP-00421,MARSAD_ANC,4f4fbcf3bd8cb56157000040,https://www.marsad.tn/deputes/4f4fbcf3bd8cb56157000040,source_id,high
TNP-00422,MARSAD_ANC,4f4fbcf3bd8cb56157000041,https://www.marsad.tn/deputes/4f4fbcf3bd8cb56157000041,source_id,high
TNP-00422,MARSAD_ARP2014,Dalila_Babba,https://majles.marsad.tn/2014/elus/Dalila_Babba,normalised_name_ar+lat,high
TNP-00423,MARSAD_ANC,4f4fbcf3bd8cb56157000042,https://www.marsad.tn/deputes/4f4fbcf3bd8cb56157000042,source_id,high
TNP-00424,MARSAD_ANC,4f4fbcf3bd8cb56157000043,https://www.marsad.tn/deputes/4f4fbcf3bd8cb56157000043,source_id,high
TNP-00425,MARSAD_ANC,4f4fbcf3bd8cb56157000044,https://www.marsad.tn/deputes/4f4fbcf3bd8cb56157000044,source_id,high
TNP-00426,MARSAD_ANC,4f4fbcf3bd8cb56157000045,https://www.marsad.tn/deputes/4f4fbcf3bd8cb56157000045,source_id,high
TNP-00427,MARSAD_ANC,4f4fbcf3bd8cb56157000046,https://www.marsad.tn/deputes/4f4fbcf3bd8cb56157000046,source_id,high
TNP-00428,MARSAD_ANC,4f4fbcf3bd8cb56157000047,https://www.marsad.tn/deputes/4f4fbcf3bd8cb56157000047,source_id,high
TNP-00429,MARSAD_ANC,4f4fbcf3bd8cb56157000048,https://www.marsad.tn/deputes/4f4fbcf3bd8cb56157000048,source_id,high
TNP-00429,MARSAD_ARP2014,Rim_Thairi,https://majles.marsad.tn/2014/elus/Rim_Thairi,normalised_name_ar+lat,high
TNP-00430,MARSAD_ANC,4f4fbcf3bd8cb56157000049,https://www.marsad.tn/deputes/4f4fbcf3bd8cb56157000049,source_id,high
TNP-00430,MARSAD_ARP2014,Rim_Mahjoub,https://majles.marsad.tn/2014/elus/Rim_Mahjoub,normalised_name_ar+lat,high
TNP-00431,MARSAD_ANC,4f4fbcf3bd8cb5615700004b,https://www.marsad.tn/deputes/4f4fbcf3bd8cb5615700004b,source_id,high
TNP-00432,MARSAD_ANC,4f4fbcf3bd8cb5615700004c,https://www.marsad.tn/deputes/4f4fbcf3bd8cb5615700004c,source_id,high
TNP-00433,MARSAD_ANC,4f4fbcf3bd8cb5615700004d,https://www.marsad.tn/deputes/4f4fbcf3bd8cb5615700004d,source_id,high
TNP-00434,MARSAD_ANC,4f4fbcf3bd8cb5615700004e,https://www.marsad.tn/deputes/4f4fbcf3bd8cb5615700004e,source_id,high
TNP-00435,MARSAD_ANC,4f4fbcf3bd8cb56157000050,https://www.marsad.tn/deputes/4f4fbcf3bd8cb56157000050,source_id,high
TNP-00436,MARSAD_ANC,4f4fbcf3bd8cb56157000051,https://www.marsad.tn/deputes/4f4fbcf3bd8cb56157000051,source_id,high
TNP-00437,MARSAD_ANC,4f4fbcf3bd8cb56157000052,https://www.marsad.tn/deputes/4f4fbcf3bd8cb56157000052,source_id,high
TNP-00438,MARSAD_ANC,4f4fbcf3bd8cb56157000053,https://www.marsad.tn/deputes/4f4fbcf3bd8cb56157000053,source_id,high
TNP-00439,MARSAD_ANC,4f4fbcf3bd8cb56157000054,https://www.marsad.tn/deputes/4f4fbcf3bd8cb56157000054,source_id,high
TNP-00440,MARSAD_ANC,4f4fbcf3bd8cb56157000055,https://www.marsad.tn/deputes/4f4fbcf3bd8cb56157000055,source_id,high
TNP-00441,MARSAD_ANC,4f4fbcf3bd8cb56157000056,https://www.marsad.tn/deputes/4f4fbcf3bd8cb56157000056,source_id,high
TNP-00442,MARSAD_ANC,4f4fbcf3bd8cb56157000057,https://www.marsad.tn/deputes/4f4fbcf3bd8cb56157000057,source_id,high
TNP-00443,MARSAD_ANC,4f4fbcf3bd8cb56157000059,https://www.marsad.tn/deputes/4f4fbcf3bd8cb56157000059,source_id,high
TNP-00444,MARSAD_ANC,4f4fbcf3bd8cb5615700005a,https://www.marsad.tn/deputes/4f4fbcf3bd8cb5615700005a,source_id,high
TNP-00445,MARSAD_ANC,4f4fbcf3bd8cb5615700005b,https://www.marsad.tn/deputes/4f4fbcf3bd8cb5615700005b,source_id,high
TNP-00445,MARSAD_ARP2014,Sana_Mersni,https://majles.marsad.tn/2014/elus/Sana_Mersni,normalised_name_ar+lat,high
TNP-00446,MARSAD_ANC,4f4fbcf3bd8cb5615700005c,https://www.marsad.tn/deputes/4f4fbcf3bd8cb5615700005c,source_id,high
TNP-00447,MARSAD_ANC,4f4fbcf3bd8cb5615700005d,https://www.marsad.tn/deputes/4f4fbcf3bd8cb5615700005d,source_id,high
TNP-00448,MARSAD_ANC,4f4fbcf3bd8cb5615700005e,https://www.marsad.tn/deputes/4f4fbcf3bd8cb5615700005e,source_id,high
TNP-00449,MARSAD_ANC,4f4fbcf3bd8cb5615700005f,https://www.marsad.tn/deputes/4f4fbcf3bd8cb5615700005f,source_id,high
TNP-00450,MARSAD_ANC,4f4fbcf3bd8cb56157000060,https://www.marsad.tn/deputes/4f4fbcf3bd8cb56157000060,source_id,high
TNP-00451,MARSAD_ANC,4f4fbcf3bd8cb56157000061,https://www.marsad.tn/deputes/4f4fbcf3bd8cb56157000061,source_id,high
TNP-00452,MARSAD_ANC,4f4fbcf3bd8cb56157000062,https://www.marsad.tn/deputes/4f4fbcf3bd8cb56157000062,source_id,high
TNP-00453,MARSAD_ANC,4f4fbcf3bd8cb56157000063,https://www.marsad.tn/deputes/4f4fbcf3bd8cb56157000063,source_id,high
TNP-00454,MARSAD_ANC,4f4fbcf3bd8cb56157000064,https://www.marsad.tn/deputes/4f4fbcf3bd8cb56157000064,source_id,high
TNP-00455,MARSAD_ANC,4f4fbcf3bd8cb56157000065,https://www.marsad.tn/deputes/4f4fbcf3bd8cb56157000065,source_id,high
TNP-00456,MARSAD_ANC,4f4fbcf3bd8cb56157000066,https://www.marsad.tn/deputes/4f4fbcf3bd8cb56157000066,source_id,high
TNP-00457,MARSAD_ANC,4f4fbcf3bd8cb56157000067,https://www.marsad.tn/deputes/4f4fbcf3bd8cb56157000067,source_id,high
TNP-00458,MARSAD_ANC,4f4fbcf3bd8cb56157000068,https://www.marsad.tn/deputes/4f4fbcf3bd8cb56157000068,source_id,high
TNP-00459,MARSAD_ANC,4f4fbcf3bd8cb5615700006a,https://www.marsad.tn/deputes/4f4fbcf3bd8cb5615700006a,source_id,high
TNP-00460,MARSAD_ANC,4f4fbcf3bd8cb5615700006b,https://www.marsad.tn/deputes/4f4fbcf3bd8cb5615700006b,source_id,high
TNP-00461,MARSAD_ANC,4f4fbcf3bd8cb5615700006c,https://www.marsad.tn/deputes/4f4fbcf3bd8cb5615700006c,source_id,high
TNP-00462,MARSAD_ANC,4f4fbcf3bd8cb5615700006d,https://www.marsad.tn/deputes/4f4fbcf3bd8cb5615700006d,source_id,high
TNP-00463,MARSAD_ANC,4f4fbcf3bd8cb5615700006e,https://www.marsad.tn/deputes/4f4fbcf3bd8cb5615700006e,source_id,high
TNP-00464,MARSAD_ANC,4f4fbcf3bd8cb5615700006f,https://www.marsad.tn/deputes/4f4fbcf3bd8cb5615700006f,source_id,high
TNP-00465,MARSAD_ANC,4f4fbcf3bd8cb56157000070,https://www.marsad.tn/deputes/4f4fbcf3bd8cb56157000070,source_id,high
TNP-00466,MARSAD_ANC,4f4fbcf3bd8cb56157000071,https://www.marsad.tn/deputes/4f4fbcf3bd8cb56157000071,source_id,high
TNP-00467,MARSAD_ANC,4f4fbcf3bd8cb56157000072,https://www.marsad.tn/deputes/4f4fbcf3bd8cb56157000072,source_id,high
TNP-00468,MARSAD_ANC,4f4fbcf3bd8cb56157000073,https://www.marsad.tn/deputes/4f4fbcf3bd8cb56157000073,source_id,high
TNP-00468,MARSAD_ARP2014,Abdelaziz_Kotti,https://majles.marsad.tn/2014/elus/Abdelaziz_Kotti,normalised_name_ar+lat,high
TNP-00469,MARSAD_ANC,4f4fbcf3bd8cb56157000074,https://www.marsad.tn/deputes/4f4fbcf3bd8cb56157000074,source_id,high
TNP-00470,MARSAD_ANC,4f4fbcf3bd8cb56157000075,https://www.marsad.tn/deputes/4f4fbcf3bd8cb56157000075,source_id,high
TNP-00471,MARSAD_ANC,4f4fbcf3bd8cb56157000078,https://www.marsad.tn/deputes/4f4fbcf3bd8cb56157000078,source_id,high
TNP-00472,MARSAD_ANC,4f4fbcf3bd8cb56157000079,https://www.marsad.tn/deputes/4f4fbcf3bd8cb56157000079,source_id,high
TNP-00473,MARSAD_ANC,4f4fbcf3bd8cb5615700007a,https://www.marsad.tn/deputes/4f4fbcf3bd8cb5615700007a,source_id,high
TNP-00474,MARSAD_ANC,4f4fbcf3bd8cb5615700007b,https://www.marsad.tn/deputes/4f4fbcf3bd8cb5615700007b,source_id,high
TNP-00475,MARSAD_ANC,4f4fbcf3bd8cb5615700007c,https://www.marsad.tn/deputes/4f4fbcf3bd8cb5615700007c,source_id,high
TNP-00476,MARSAD_ANC,4f4fbcf3bd8cb5615700007d,https://www.marsad.tn/deputes/4f4fbcf3bd8cb5615700007d,source_id,high
TNP-00477,MARSAD_ANC,4f4fbcf3bd8cb5615700007e,https://www.marsad.tn/deputes/4f4fbcf3bd8cb5615700007e,source_id,high
TNP-00478,MARSAD_ANC,4f4fbcf3bd8cb56157000080,https://www.marsad.tn/deputes/4f4fbcf3bd8cb56157000080,source_id,high
TNP-00479,MARSAD_ANC,4f4fbcf3bd8cb56157000081,https://www.marsad.tn/deputes/4f4fbcf3bd8cb56157000081,source_id,high
TNP-00480,MARSAD_ANC,4f4fbcf3bd8cb56157000082,https://www.marsad.tn/deputes/4f4fbcf3bd8cb56157000082,source_id,high
TNP-00481,MARSAD_ANC,4f4fbcf3bd8cb56157000083,https://www.marsad.tn/deputes/4f4fbcf3bd8cb56157000083,source_id,high
TNP-00482,MARSAD_ANC,4f4fbcf3bd8cb56157000084,https://www.marsad.tn/deputes/4f4fbcf3bd8cb56157000084,source_id,high
TNP-00483,MARSAD_ANC,4f4fbcf3bd8cb56157000086,https://www.marsad.tn/deputes/4f4fbcf3bd8cb56157000086,source_id,high
TNP-00484,MARSAD_ANC,4f4fbcf3bd8cb56157000088,https://www.marsad.tn/deputes/4f4fbcf3bd8cb56157000088,source_id,high
TNP-00485,MARSAD_ANC,4f4fbcf3bd8cb56157000089,https://www.marsad.tn/deputes/4f4fbcf3bd8cb56157000089,source_id,high
TNP-00486,MARSAD_ANC,4f4fbcf3bd8cb5615700008a,https://www.marsad.tn/deputes/4f4fbcf3bd8cb5615700008a,source_id,high
TNP-00487,MARSAD_ANC,4f4fbcf3bd8cb5615700008b,https://www.marsad.tn/deputes/4f4fbcf3bd8cb5615700008b,source_id,high
TNP-00488,MARSAD_ANC,4f4fbcf3bd8cb5615700008c,https://www.marsad.tn/deputes/4f4fbcf3bd8cb5615700008c,source_id,high
TNP-00489,MARSAD_ANC,4f4fbcf3bd8cb5615700008d,https://www.marsad.tn/deputes/4f4fbcf3bd8cb5615700008d,source_id,high
TNP-00490,MARSAD_ANC,4f4fbcf3bd8cb5615700008f,https://www.marsad.tn/deputes/4f4fbcf3bd8cb5615700008f,source_id,high
TNP-00491,MARSAD_ANC,4f4fbcf3bd8cb56157000090,https://www.marsad.tn/deputes/4f4fbcf3bd8cb56157000090,source_id,high
TNP-00492,MARSAD_ANC,4f4fbcf3bd8cb56157000091,https://www.marsad.tn/deputes/4f4fbcf3bd8cb56157000091,source_id,high
TNP-00492,MARSAD_ARP2014,Kalthoum_Badreddine,https://majles.marsad.tn/2014/elus/Kalthoum_Badreddine,normalised_name_lat,medium
TNP-00493,MARSAD_ANC,4f4fbcf3bd8cb56157000092,https://www.marsad.tn/deputes/4f4fbcf3bd8cb56157000092,source_id,high
TNP-00494,MARSAD_ANC,4f4fbcf3bd8cb56157000093,https://www.marsad.tn/deputes/4f4fbcf3bd8cb56157000093,source_id,high
TNP-00495,MARSAD_ANC,4f4fbcf3bd8cb56157000094,https://www.marsad.tn/deputes/4f4fbcf3bd8cb56157000094,source_id,high
TNP-00496,MARSAD_ANC,4f4fbcf3bd8cb56157000095,https://www.marsad.tn/deputes/4f4fbcf3bd8cb56157000095,source_id,high
TNP-00497,MARSAD_ANC,4f4fbcf3bd8cb56157000096,https://www.marsad.tn/deputes/4f4fbcf3bd8cb56157000096,source_id,high
TNP-00498,MARSAD_ANC,4f4fbcf3bd8cb56157000098,https://www.marsad.tn/deputes/4f4fbcf3bd8cb56157000098,source_id,high
TNP-00498,MARSAD_ARP2014,Mabrouk_Hrizi,https://majles.marsad.tn/2014/elus/Mabrouk_Hrizi,normalised_name_ar+lat,high
TNP-00499,MARSAD_ANC,4f4fbcf3bd8cb56157000099,https://www.marsad.tn/deputes/4f4fbcf3bd8cb56157000099,source_id,high
TNP-00500,MARSAD_ANC,4f4fbcf3bd8cb5615700009a,https://www.marsad.tn/deputes/4f4fbcf3bd8cb5615700009a,source_id,high
TNP-00500,MARSAD_ARP2014,Meherzia_Laabidi,https://majles.marsad.tn/2014/elus/Meherzia_Laabidi,normalised_name_ar+lat,high
TNP-00501,MARSAD_ANC,4f4fbcf3bd8cb5615700009b,https://www.marsad.tn/deputes/4f4fbcf3bd8cb5615700009b,source_id,high
TNP-00502,MARSAD_ANC,4f4fbcf3bd8cb5615700009c,https://www.marsad.tn/deputes/4f4fbcf3bd8cb5615700009c,source_id,high
TNP-00503,MARSAD_ANC,4f4fbcf3bd8cb5615700009e,https://www.marsad.tn/deputes/4f4fbcf3bd8cb5615700009e,source_id,high
TNP-00504,MARSAD_ANC,4f4fbcf3bd8cb5615700009f,https://www.marsad.tn/deputes/4f4fbcf3bd8cb5615700009f,source_id,high
TNP-00505,MARSAD_ANC,4f4fbcf3bd8cb561570000a0,https://www.marsad.tn/deputes/4f4fbcf3bd8cb561570000a0,source_id,high
TNP-00506,MARSAD_ANC,4f4fbcf3bd8cb561570000a1,https://www.marsad.tn/deputes/4f4fbcf3bd8cb561570000a1,source_id,high
TNP-00507,MARSAD_ANC,4f4fbcf3bd8cb561570000a2,https://www.marsad.tn/deputes/4f4fbcf3bd8cb561570000a2,source_id,high
TNP-00508,MARSAD_ANC,4f4fbcf3bd8cb561570000a4,https://www.marsad.tn/deputes/4f4fbcf3bd8cb561570000a4,source_id,high
TNP-00509,MARSAD_ANC,4f4fbcf3bd8cb561570000a6,https://www.marsad.tn/deputes/4f4fbcf3bd8cb561570000a6,source_id,high
TNP-00510,MARSAD_ANC,4f4fbcf3bd8cb561570000a7,https://www.marsad.tn/deputes/4f4fbcf3bd8cb561570000a7,source_id,high
TNP-00511,MARSAD_ANC,4f4fbcf3bd8cb561570000a9,https://www.marsad.tn/deputes/4f4fbcf3bd8cb561570000a9,source_id,high
TNP-00512,MARSAD_ANC,4f4fbcf3bd8cb561570000aa,https://www.marsad.tn/deputes/4f4fbcf3bd8cb561570000aa,source_id,high
TNP-00513,MARSAD_ANC,4f4fbcf3bd8cb561570000ac,https://www.marsad.tn/deputes/4f4fbcf3bd8cb561570000ac,source_id,high
TNP-00514,MARSAD_ANC,4f4fbcf3bd8cb561570000ad,https://www.marsad.tn/deputes/4f4fbcf3bd8cb561570000ad,source_id,high
TNP-00515,MARSAD_ANC,4f4fbcf3bd8cb561570000ae,https://www.marsad.tn/deputes/4f4fbcf3bd8cb561570000ae,source_id,high
TNP-00516,MARSAD_ANC,4f4fbcf3bd8cb561570000b0,https://www.marsad.tn/deputes/4f4fbcf3bd8cb561570000b0,source_id,high
TNP-00517,MARSAD_ANC,4f4fbcf3bd8cb561570000b1,https://www.marsad.tn/deputes/4f4fbcf3bd8cb561570000b1,source_id,high
TNP-00518,MARSAD_ANC,4f4fbcf3bd8cb561570000b2,https://www.marsad.tn/deputes/4f4fbcf3bd8cb561570000b2,source_id,high
TNP-00519,MARSAD_ANC,4f4fbcf3bd8cb561570000b3,https://www.marsad.tn/deputes/4f4fbcf3bd8cb561570000b3,source_id,high
TNP-00520,MARSAD_ANC,4f4fbcf3bd8cb561570000b5,https://www.marsad.tn/deputes/4f4fbcf3bd8cb561570000b5,source_id,high
TNP-00521,MARSAD_ANC,4f4fbcf3bd8cb561570000b6,https://www.marsad.tn/deputes/4f4fbcf3bd8cb561570000b6,source_id,high
TNP-00522,MARSAD_ANC,4f4fbcf3bd8cb561570000b7,https://www.marsad.tn/deputes/4f4fbcf3bd8cb561570000b7,source_id,high
TNP-00523,MARSAD_ANC,4f4fbcf3bd8cb561570000b8,https://www.marsad.tn/deputes/4f4fbcf3bd8cb561570000b8,source_id,high
TNP-00523,MARSAD_ARP2014,Mahmoud_Gouiaa,https://majles.marsad.tn/2014/elus/Mahmoud_Gouiaa,normalised_name_ar+lat,high
TNP-00524,MARSAD_ANC,4f4fbcf3bd8cb561570000b9,https://www.marsad.tn/deputes/4f4fbcf3bd8cb561570000b9,source_id,high
TNP-00525,MARSAD_ANC,4f4fbcf3bd8cb561570000ba,https://www.marsad.tn/deputes/4f4fbcf3bd8cb561570000ba,source_id,high
TNP-00526,MARSAD_ANC,4f4fbcf3bd8cb561570000bb,https://www.marsad.tn/deputes/4f4fbcf3bd8cb561570000bb,source_id,high
TNP-00527,MARSAD_ANC,4f4fbcf3bd8cb561570000bc,https://www.marsad.tn/deputes/4f4fbcf3bd8cb561570000bc,source_id,high
TNP-00528,MARSAD_ANC,4f4fbcf3bd8cb561570000bd,https://www.marsad.tn/deputes/4f4fbcf3bd8cb561570000bd,source_id,high
TNP-00529,MARSAD_ANC,4f4fbcf3bd8cb561570000bf,https://www.marsad.tn/deputes/4f4fbcf3bd8cb561570000bf,source_id,high
TNP-00530,MARSAD_ANC,4f4fbcf3bd8cb561570000c0,https://www.marsad.tn/deputes/4f4fbcf3bd8cb561570000c0,source_id,high
TNP-00531,MARSAD_ANC,4f4fbcf3bd8cb561570000c1,https://www.marsad.tn/deputes/4f4fbcf3bd8cb561570000c1,source_id,high
TNP-00532,MARSAD_ANC,4f4fbcf3bd8cb561570000c2,https://www.marsad.tn/deputes/4f4fbcf3bd8cb561570000c2,source_id,high
TNP-00533,MARSAD_ANC,4f4fbcf3bd8cb561570000c3,https://www.marsad.tn/deputes/4f4fbcf3bd8cb561570000c3,source_id,high
TNP-00534,MARSAD_ANC,4f4fbcf3bd8cb561570000c4,https://www.marsad.tn/deputes/4f4fbcf3bd8cb561570000c4,source_id,high
TNP-00535,MARSAD_ANC,4f4fbcf3bd8cb561570000c5,https://www.marsad.tn/deputes/4f4fbcf3bd8cb561570000c5,source_id,high
TNP-00536,MARSAD_ANC,4f4fbcf3bd8cb561570000c7,https://www.marsad.tn/deputes/4f4fbcf3bd8cb561570000c7,source_id,high
TNP-00537,MARSAD_ANC,4f4fbcf3bd8cb561570000c8,https://www.marsad.tn/deputes/4f4fbcf3bd8cb561570000c8,source_id,high
TNP-00538,MARSAD_ANC,4f4fbcf3bd8cb561570000c9,https://www.marsad.tn/deputes/4f4fbcf3bd8cb561570000c9,source_id,high
TNP-00539,MARSAD_ANC,4f4fbcf3bd8cb561570000ca,https://www.marsad.tn/deputes/4f4fbcf3bd8cb561570000ca,source_id,high
TNP-00540,MARSAD_ANC,4f4fbcf3bd8cb561570000cb,https://www.marsad.tn/deputes/4f4fbcf3bd8cb561570000cb,source_id,high
TNP-00541,MARSAD_ANC,4f4fbcf3bd8cb561570000cc,https://www.marsad.tn/deputes/4f4fbcf3bd8cb561570000cc,source_id,high
TNP-00542,MARSAD_ANC,4f4fbcf3bd8cb561570000cd,https://www.marsad.tn/deputes/4f4fbcf3bd8cb561570000cd,source_id,high
TNP-00543,MARSAD_ANC,4f4fbcf3bd8cb561570000ce,https://www.marsad.tn/deputes/4f4fbcf3bd8cb561570000ce,source_id,high
TNP-00543,MARSAD_ARP2014,Noomane_Fehri,https://majles.marsad.tn/2014/elus/Noomane_Fehri,normalised_name_ar+lat,high
TNP-00544,MARSAD_ANC,4f4fbcf3bd8cb561570000d0,https://www.marsad.tn/deputes/4f4fbcf3bd8cb561570000d0,source_id,high
TNP-00544,MARSAD_ARP2014,Noureddine_Mrabti,https://majles.marsad.tn/2014/elus/Noureddine_Mrabti,normalised_name_lat,medium
TNP-00545,MARSAD_ANC,4f4fbcf3bd8cb561570000d1,https://www.marsad.tn/deputes/4f4fbcf3bd8cb561570000d1,source_id,high
TNP-00546,MARSAD_ANC,4f4fbcf3bd8cb561570000d2,https://www.marsad.tn/deputes/4f4fbcf3bd8cb561570000d2,source_id,high
TNP-00547,MARSAD_ANC,4f4fbcf3bd8cb561570000d3,https://www.marsad.tn/deputes/4f4fbcf3bd8cb561570000d3,source_id,high
TNP-00548,MARSAD_ANC,4f4fbcf3bd8cb561570000d4,https://www.marsad.tn/deputes/4f4fbcf3bd8cb561570000d4,source_id,high
TNP-00548,MARSAD_ARP2014,Hela_Hammi,https://majles.marsad.tn/2014/elus/Hela_Hammi,normalised_name_ar+lat,high
TNP-00549,MARSAD_ANC,4f4fbcf3bd8cb561570000d6,https://www.marsad.tn/deputes/4f4fbcf3bd8cb561570000d6,source_id,high
TNP-00550,MARSAD_ANC,4f4fbcf3bd8cb561570000d7,https://www.marsad.tn/deputes/4f4fbcf3bd8cb561570000d7,source_id,high
TNP-00551,MARSAD_ANC,4f4fbcf3bd8cb561570000d8,https://www.marsad.tn/deputes/4f4fbcf3bd8cb561570000d8,source_id,high
TNP-00552,MARSAD_ANC,4f7f3988b197de213b000003,https://www.marsad.tn/deputes/4f7f3988b197de213b000003,source_id,high
TNP-00553,MARSAD_ANC,4f84a385b197de213c000049,https://www.marsad.tn/deputes/4f84a385b197de213c000049,source_id,high
TNP-00553,MARSAD_ARP2014,Soulef_Ksantini,https://majles.marsad.tn/2014/elus/Soulef_Ksantini,normalised_name_ar+lat,high
TNP-00554,MARSAD_ANC,4f85977fb197de213c00005b,https://www.marsad.tn/deputes/4f85977fb197de213c00005b,source_id,high
TNP-00555,MARSAD_ANC,4f919d21b197de4933000001,https://www.marsad.tn/deputes/4f919d21b197de4933000001,source_id,high
TNP-00556,MARSAD_ANC,4f919df2b197de4933000003,https://www.marsad.tn/deputes/4f919df2b197de4933000003,source_id,high
TNP-00557,MARSAD_ANC,4faa7f5eb197de23e5000005,https://www.marsad.tn/deputes/4faa7f5eb197de23e5000005,source_id,high
TNP-00558,MARSAD_ANC,4faa8028b197de23e5000006,https://www.marsad.tn/deputes/4faa8028b197de23e5000006,source_id,high
TNP-00559,MARSAD_ANC,50093988b197de15b5000005,https://www.marsad.tn/deputes/50093988b197de15b5000005,source_id,high
TNP-00560,MARSAD_ANC,50093ad2b197de15b5000006,https://www.marsad.tn/deputes/50093ad2b197de15b5000006,source_id,high
TNP-00561,MARSAD_ANC,50093c17b197de15b5000007,https://www.marsad.tn/deputes/50093c17b197de15b5000007,source_id,high
TNP-00562,MARSAD_ANC,50abb3efb197de0efdf02b8f,https://www.marsad.tn/deputes/50abb3efb197de0efdf02b8f,source_id,high
TNP-00563,MARSAD_ANC,514507f4b197de08259e59c2,https://www.marsad.tn/deputes/514507f4b197de08259e59c2,source_id,high
TNP-00564,MARSAD_ANC,51caff6d7ea2c47c3f3672ac,https://www.marsad.tn/deputes/51caff6d7ea2c47c3f3672ac,source_id,high
TNP-00565,MARSAD_ANC,524d4e027ea2c42e8eceeb46,https://www.marsad.tn/deputes/524d4e027ea2c42e8eceeb46,source_id,high
TNP-00566,MARSAD_ANC,528d2e937ea2c433c00d3641,https://www.marsad.tn/deputes/528d2e937ea2c433c00d3641,source_id,high
TNP-00567,MARSAD_ANC,5310718012bdaa6c2fc00dca,https://www.marsad.tn/deputes/5310718012bdaa6c2fc00dca,source_id,high
TNP-00568,MARSAD_ANC,535fc27e12bdaa078ab824d7,https://www.marsad.tn/deputes/535fc27e12bdaa078ab824d7,source_id,high
TNP-00569,WIKI_AR_ANC1956,المنجي سليم,https://ar.wikipedia.org/wiki/المنجي_سليم,source_id,high
TNP-00570,WIKI_AR_ANC1956,ألبير بسيس,https://ar.wikipedia.org/wiki/ألبير_بسيس,source_id,high
TNP-00571,WIKI_AR_ANC1956,أحمد المستيري,https://ar.wikipedia.org/wiki/أحمد_المستيري,source_id,high
TNP-00572,WIKI_AR_ANC1956,الطاهر بن عمار,https://ar.wikipedia.org/wiki/الطاهر_بن_عمار,source_id,high
TNP-00573,WIKI_AR_ANC1956,العزيز الجلولي,https://ar.wikipedia.org/wiki/العزيز_الجلولي,source_id,high
TNP-00574,WIKI_AR_ANC1956,anc1956-seat-006,https://ar.wikipedia.org/wiki/المجلس_القومي_التأسيسي_التونسي_1956,source_id,high
TNP-00575,WIKI_AR_ANC1956,الهادي نويرة,https://ar.wikipedia.org/wiki/الهادي_نويرة,source_id,high
TNP-00576,WIKI_AR_ANC1956,anc1956-seat-008,https://ar.wikipedia.org/wiki/المجلس_القومي_التأسيسي_التونسي_1956,source_id,high
TNP-00577,WIKI_AR_ANC1956,anc1956-seat-009,https://ar.wikipedia.org/wiki/المجلس_القومي_التأسيسي_التونسي_1956,source_id,high
TNP-00578,WIKI_AR_ANC1956,anc1956-seat-010,https://ar.wikipedia.org/wiki/المجلس_القومي_التأسيسي_التونسي_1956,source_id,high
TNP-00579,WIKI_AR_ANC1956,anc1956-seat-011,https://ar.wikipedia.org/wiki/المجلس_القومي_التأسيسي_التونسي_1956,source_id,high
TNP-00580,WIKI_AR_ANC1956,anc1956-seat-012,https://ar.wikipedia.org/wiki/المجلس_القومي_التأسيسي_التونسي_1956,source_id,high
TNP-00581,REFERENCE,speaker-Jallouli Fares,,normalised_name_ar,medium
TNP-00581,WIKI_AR_ANC1956,الجلولي فارس,https://ar.wikipedia.org/wiki/الجلولي_فارس,source_id,high
TNP-00582,WIKI_AR_ANC1956,anc1956-seat-014,https://ar.wikipedia.org/wiki/المجلس_القومي_التأسيسي_التونسي_1956,source_id,high
TNP-00583,WIKI_AR_ANC1956,anc1956-seat-015,https://ar.wikipedia.org/wiki/المجلس_القومي_التأسيسي_التونسي_1956,source_id,high
TNP-00584,WIKI_AR_ANC1956,anc1956-seat-016,https://ar.wikipedia.org/wiki/المجلس_القومي_التأسيسي_التونسي_1956,source_id,high
TNP-00585,WIKI_AR_ANC1956,anc1956-seat-017,https://ar.wikipedia.org/wiki/المجلس_القومي_التأسيسي_التونسي_1956,source_id,high
TNP-00586,WIKI_AR_ANC1956,مصطفى الفيلالي,https://ar.wikipedia.org/wiki/مصطفى_الفيلالي,source_id,high
TNP-00587,WIKI_AR_ANC1956,anc1956-seat-019,https://ar.wikipedia.org/wiki/المجلس_القومي_التأسيسي_التونسي_1956,source_id,high
TNP-00588,WIKI_AR_ANC1956,anc1956-seat-020,https://ar.wikipedia.org/wiki/المجلس_القومي_التأسيسي_التونسي_1956,source_id,high
TNP-00589,WIKI_AR_ANC1956,anc1956-seat-021,https://ar.wikipedia.org/wiki/المجلس_القومي_التأسيسي_التونسي_1956,source_id,high
TNP-00590,WIKI_AR_ANC1956,anc1956-seat-022,https://ar.wikipedia.org/wiki/المجلس_القومي_التأسيسي_التونسي_1956,source_id,high
TNP-00591,WIKI_AR_ANC1956,anc1956-seat-023,https://ar.wikipedia.org/wiki/المجلس_القومي_التأسيسي_التونسي_1956,source_id,high
TNP-00592,WIKI_AR_ANC1956,عز الدين العباسي,https://ar.wikipedia.org/wiki/عز_الدين_العباسي,source_id,high
TNP-00593,WIKI_AR_ANC1956,anc1956-seat-025,https://ar.wikipedia.org/wiki/المجلس_القومي_التأسيسي_التونسي_1956,source_id,high
TNP-00594,WIKI_AR_ANC1956,anc1956-seat-026,https://ar.wikipedia.org/wiki/المجلس_القومي_التأسيسي_التونسي_1956,source_id,high
TNP-00595,WIKI_AR_ANC1956,anc1956-seat-027,https://ar.wikipedia.org/wiki/المجلس_القومي_التأسيسي_التونسي_1956,source_id,high
TNP-00596,WIKI_AR_ANC1956,anc1956-seat-028,https://ar.wikipedia.org/wiki/المجلس_القومي_التأسيسي_التونسي_1956,source_id,high
TNP-00597,WIKI_AR_ANC1956,محمد المصمودي,https://ar.wikipedia.org/wiki/محمد_المصمودي,source_id,high
TNP-00598,WIKI_AR_ANC1956,anc1956-seat-030,https://ar.wikipedia.org/wiki/المجلس_القومي_التأسيسي_التونسي_1956,source_id,high
TNP-00599,WIKI_AR_ANC1956,anc1956-seat-031,https://ar.wikipedia.org/wiki/المجلس_القومي_التأسيسي_التونسي_1956,source_id,high
TNP-00600,WIKI_AR_ANC1956,anc1956-seat-032,https://ar.wikipedia.org/wiki/المجلس_القومي_التأسيسي_التونسي_1956,source_id,high
TNP-00601,WIKI_AR_ANC1956,محمد الجدي,https://ar.wikipedia.org/wiki/محمد_الجدي,source_id,high
TNP-00602,WIKI_AR_ANC1956,anc1956-seat-034,https://ar.wikipedia.org/wiki/المجلس_القومي_التأسيسي_التونسي_1956,source_id,high
TNP-00603,WIKI_AR_ANC1956,anc1956-seat-035,https://ar.wikipedia.org/wiki/المجلس_القومي_التأسيسي_التونسي_1956,source_id,high
TNP-00604,WIKI_AR_ANC1956,anc1956-seat-036,https://ar.wikipedia.org/wiki/المجلس_القومي_التأسيسي_التونسي_1956,source_id,high
TNP-00605,WIKI_AR_ANC1956,محمد شنيق,https://ar.wikipedia.org/wiki/محمد_شنيق,source_id,high
TNP-00606,WIKI_AR_ANC1956,anc1956-seat-038,https://ar.wikipedia.org/wiki/المجلس_القومي_التأسيسي_التونسي_1956,source_id,high
TNP-00607,WIKI_AR_ANC1956,anc1956-seat-039,https://ar.wikipedia.org/wiki/المجلس_القومي_التأسيسي_التونسي_1956,source_id,high
TNP-00608,WIKI_AR_ANC1956,anc1956-seat-040,https://ar.wikipedia.org/wiki/المجلس_القومي_التأسيسي_التونسي_1956,source_id,high
TNP-00609,WIKI_AR_ANC1956,الحبيب بورقيبة,https://ar.wikipedia.org/wiki/الحبيب_بورقيبة,source_id,high
TNP-00610,WIKI_AR_ANC1956,anc1956-seat-042,https://ar.wikipedia.org/wiki/المجلس_القومي_التأسيسي_التونسي_1956,source_id,high
TNP-00611,WIKI_AR_ANC1956,anc1956-seat-043,https://ar.wikipedia.org/wiki/المجلس_القومي_التأسيسي_التونسي_1956,source_id,high
TNP-00612,WIKI_AR_ANC1956,الطيب المهيري,https://ar.wikipedia.org/wiki/الطيب_المهيري,source_id,high
TNP-00613,WIKI_AR_ANC1956,anc1956-seat-045,https://ar.wikipedia.org/wiki/المجلس_القومي_التأسيسي_التونسي_1956,source_id,high
TNP-00614,WIKI_AR_ANC1956,anc1956-seat-046,https://ar.wikipedia.org/wiki/المجلس_القومي_التأسيسي_التونسي_1956,source_id,high
TNP-00615,WIKI_AR_ANC1956,الصادق بوصفارة,https://ar.wikipedia.org/wiki/الصادق_بوصفارة,source_id,high
TNP-00616,WIKI_AR_ANC1956,anc1956-seat-048,https://ar.wikipedia.org/wiki/المجلس_القومي_التأسيسي_التونسي_1956,source_id,high
TNP-00617,WIKI_AR_ANC1956,anc1956-seat-049,https://ar.wikipedia.org/wiki/المجلس_القومي_التأسيسي_التونسي_1956,source_id,high
TNP-00618,WIKI_AR_ANC1956,anc1956-seat-050,https://ar.wikipedia.org/wiki/المجلس_القومي_التأسيسي_التونسي_1956,source_id,high
TNP-00619,WIKI_AR_ANC1956,أحمد بن صالح,https://ar.wikipedia.org/wiki/أحمد_بن_صالح,source_id,high
TNP-00620,WIKI_AR_ANC1956,anc1956-seat-052,https://ar.wikipedia.org/wiki/المجلس_القومي_التأسيسي_التونسي_1956,source_id,high
TNP-00621,WIKI_AR_ANC1956,محمود الخياري,https://ar.wikipedia.org/wiki/محمود_الخياري,source_id,high
TNP-00622,WIKI_AR_ANC1956,anc1956-seat-054,https://ar.wikipedia.org/wiki/المجلس_القومي_التأسيسي_التونسي_1956,source_id,high
TNP-00623,WIKI_AR_ANC1956,anc1956-seat-055,https://ar.wikipedia.org/wiki/المجلس_القومي_التأسيسي_التونسي_1956,source_id,high
TNP-00624,WIKI_AR_ANC1956,anc1956-seat-056,https://ar.wikipedia.org/wiki/المجلس_القومي_التأسيسي_التونسي_1956,source_id,high
TNP-00625,WIKI_AR_ANC1956,anc1956-seat-057,https://ar.wikipedia.org/wiki/المجلس_القومي_التأسيسي_التونسي_1956,source_id,high
TNP-00626,WIKI_AR_ANC1956,الفرجاني بالحاج عمار,https://ar.wikipedia.org/wiki/الفرجاني_بالحاج_عمار,source_id,high
TNP-00627,WIKI_AR_ANC1956,anc1956-seat-059,https://ar.wikipedia.org/wiki/المجلس_القومي_التأسيسي_التونسي_1956,source_id,high
TNP-00628,WIKI_AR_ANC1956,الحبيب عاشور,https://ar.wikipedia.org/wiki/الحبيب_عاشور,source_id,high
TNP-00629,WIKI_AR_ANC1956,anc1956-seat-061,https://ar.wikipedia.org/wiki/المجلس_القومي_التأسيسي_التونسي_1956,source_id,high
TNP-00630,WIKI_AR_ANC1956,anc1956-seat-062,https://ar.wikipedia.org/wiki/المجلس_القومي_التأسيسي_التونسي_1956,source_id,high
TNP-00631,WIKI_AR_ANC1956,anc1956-seat-063,https://ar.wikipedia.org/wiki/المجلس_القومي_التأسيسي_التونسي_1956,source_id,high
TNP-00632,WIKI_AR_ANC1956,anc1956-seat-064,https://ar.wikipedia.org/wiki/المجلس_القومي_التأسيسي_التونسي_1956,source_id,high
TNP-00633,WIKI_AR_ANC1956,anc1956-seat-065,https://ar.wikipedia.org/wiki/المجلس_القومي_التأسيسي_التونسي_1956,source_id,high
TNP-00634,WIKI_AR_ANC1956,anc1956-seat-066,https://ar.wikipedia.org/wiki/المجلس_القومي_التأسيسي_التونسي_1956,source_id,high
TNP-00635,WIKI_AR_ANC1956,أحمد التليلي,https://ar.wikipedia.org/wiki/أحمد_التليلي,source_id,high
TNP-00636,WIKI_AR_ANC1956,anc1956-seat-068,https://ar.wikipedia.org/wiki/المجلس_القومي_التأسيسي_التونسي_1956,source_id,high
TNP-00637,WIKI_AR_ANC1956,anc1956-seat-069,https://ar.wikipedia.org/wiki/المجلس_القومي_التأسيسي_التونسي_1956,source_id,high
TNP-00638,WIKI_AR_ANC1956,محمد الأمين الشابي,https://ar.wikipedia.org/wiki/محمد_الأمين_الشابي,source_id,high
TNP-00639,WIKI_AR_ANC1956,anc1956-seat-071,https://ar.wikipedia.org/wiki/المجلس_القومي_التأسيسي_التونسي_1956,source_id,high
TNP-00640,WIKI_AR_ANC1956,anc1956-seat-072,https://ar.wikipedia.org/wiki/المجلس_القومي_التأسيسي_التونسي_1956,source_id,high
TNP-00641,WIKI_AR_ANC1956,anc1956-seat-073,https://ar.wikipedia.org/wiki/المجلس_القومي_التأسيسي_التونسي_1956,source_id,high
TNP-00642,WIKI_AR_ANC1956,anc1956-seat-074,https://ar.wikipedia.org/wiki/المجلس_القومي_التأسيسي_التونسي_1956,source_id,high
TNP-00643,WIKI_AR_ANC1956,anc1956-seat-075,https://ar.wikipedia.org/wiki/المجلس_القومي_التأسيسي_التونسي_1956,source_id,high
TNP-00644,WIKI_AR_ANC1956,anc1956-seat-076,https://ar.wikipedia.org/wiki/المجلس_القومي_التأسيسي_التونسي_1956,source_id,high
TNP-00645,WIKI_AR_ANC1956,anc1956-seat-077,https://ar.wikipedia.org/wiki/المجلس_القومي_التأسيسي_التونسي_1956,source_id,high
TNP-00646,REFERENCE,speaker-Sadok Mokaddem,,normalised_name_ar,medium
TNP-00646,WIKI_AR_ANC1956,الصادق المقدم,https://ar.wikipedia.org/wiki/الصادق_المقدم,source_id,high
TNP-00647,WIKI_AR_ANC1956,anc1956-seat-079,https://ar.wikipedia.org/wiki/المجلس_القومي_التأسيسي_التونسي_1956,source_id,high
TNP-00648,WIKI_AR_ANC1956,anc1956-seat-080,https://ar.wikipedia.org/wiki/المجلس_القومي_التأسيسي_التونسي_1956,source_id,high
TNP-00649,WIKI_AR_ANC1956,anc1956-seat-081,https://ar.wikipedia.org/wiki/المجلس_القومي_التأسيسي_التونسي_1956,source_id,high
TNP-00650,WIKI_AR_ANC1956,عبد الله فرحات,https://ar.wikipedia.org/wiki/عبد_الله_فرحات,source_id,high
TNP-00651,WIKI_AR_ANC1956,anc1956-seat-083,https://ar.wikipedia.org/wiki/المجلس_القومي_التأسيسي_التونسي_1956,source_id,high
TNP-00652,WIKI_AR_ANC1956,anc1956-seat-084,https://ar.wikipedia.org/wiki/المجلس_القومي_التأسيسي_التونسي_1956,source_id,high
TNP-00653,WIKI_AR_ANC1956,محمد بن للونة,https://ar.wikipedia.org/wiki/محمد_بن_للونة,source_id,high
TNP-00654,WIKI_AR_ANC1956,علي البلهوان,https://ar.wikipedia.org/wiki/علي_البلهوان,source_id,high
TNP-00655,WIKI_AR_ANC1956,الحبيب الشطي,https://ar.wikipedia.org/wiki/الحبيب_الشطي,source_id,high
TNP-00656,WIKI_AR_ANC1956,anc1956-seat-088,https://ar.wikipedia.org/wiki/المجلس_القومي_التأسيسي_التونسي_1956,source_id,high
TNP-00657,WIKI_AR_ANC1956,anc1956-seat-089,https://ar.wikipedia.org/wiki/المجلس_القومي_التأسيسي_التونسي_1956,source_id,high
TNP-00658,WIKI_AR_ANC1956,الباهي الأدغم,https://ar.wikipedia.org/wiki/الباهي_الأدغم,source_id,high
TNP-00659,WIKI_AR_ANC1956,محمد الشاذلي النيفر,https://ar.wikipedia.org/wiki/محمد_الشاذلي_النيفر,source_id,high
TNP-00660,WIKI_AR_ANC1956,محمود الماطري,https://ar.wikipedia.org/wiki/محمود_الماطري,source_id,high
TNP-00661,WIKI_AR_ANC1956,anc1956-seat-093,https://ar.wikipedia.org/wiki/المجلس_القومي_التأسيسي_التونسي_1956,source_id,high
TNP-00662,WIKI_AR_ANC1956,anc1956-seat-094,https://ar.wikipedia.org/wiki/المجلس_القومي_التأسيسي_التونسي_1956,source_id,high
TNP-00663,WIKI_AR_ANC1956,الطيب السحباني,https://ar.wikipedia.org/wiki/الطيب_السحباني,source_id,high
TNP-00664,WIKI_AR_ANC1956,anc1956-seat-096,https://ar.wikipedia.org/wiki/المجلس_القومي_التأسيسي_التونسي_1956,source_id,high
TNP-00665,WIKI_AR_ANC1956,عزوز الرباعي,https://ar.wikipedia.org/wiki/عزوز_الرباعي,source_id,high
TNP-00666,WIKI_AR_ANC1956,anc1956-seat-098,https://ar.wikipedia.org/wiki/المجلس_القومي_التأسيسي_التونسي_1956,source_id,high
TNP-00667,WIKI_AR_ANC1956,anc1956-by-الطيب الميلادي,https://ar.wikipedia.org/wiki/المجلس_القومي_التأسيسي_التونسي_1956,source_id,high
TNP-00668,WIKI_AR_ANC1956,anc1956-by-توفيق بن براهيم,https://ar.wikipedia.org/wiki/المجلس_القومي_التأسيسي_التونسي_1956,source_id,high
TNP-00669,WIKI_AR_ANC1956,الرشيد إدريس,https://ar.wikipedia.org/wiki/الرشيد_إدريس,source_id,high
TNP-00670,WIKI_AR_ANC1956,anc1956-by-أحمد عمارة,https://ar.wikipedia.org/wiki/المجلس_القومي_التأسيسي_التونسي_1956,source_id,high
TNP-00671,WIKI_AR_ANC1956,anc1956-by-محمد النفطي,https://ar.wikipedia.org/wiki/المجلس_القومي_التأسيسي_التونسي_1956,source_id,high
TNP-00672,WIKI_AR_ANC1956,anc1956-by-البحري بربوش,https://ar.wikipedia.org/wiki/المجلس_القومي_التأسيسي_التونسي_1956,source_id,high
TNP-00673,WIKI_AR_ANC1956,anc1956-by-صادق غرمازي,https://ar.wikipedia.org/wiki/المجلس_القومي_التأسيسي_التونسي_1956,source_id,high
TNP-00674,WIKI_AR_ANC1956,anc1956-by-صادق خلف الله,https://ar.wikipedia.org/wiki/المجلس_القومي_التأسيسي_التونسي_1956,source_id,high
TNP-00675,WIKI_AR_ANC1956,anc1956-by-أحمد السنوسي,https://ar.wikipedia.org/wiki/المجلس_القومي_التأسيسي_التونسي_1956,source_id,high
TNP-00676,WIKI_AR_ANC1956,anc1956-by-محمد عجيلي,https://ar.wikipedia.org/wiki/المجلس_القومي_التأسيسي_التونسي_1956,source_id,high
TNP-00677,MARSAD_ARP2014,Abada_Kefi,https://majles.marsad.tn/2014/elus/Abada_Kefi,source_id,high
TNP-00678,MARSAD_ARP2014,Abdelfattah_Mourou,https://majles.marsad.tn/2014/elus/Abdelfattah_Mourou,source_id,high
TNP-00679,MARSAD_ARP2014,Abdelkader_Ben_Dhifallah,https://majles.marsad.tn/2014/elus/Abdelkader_Ben_Dhifallah,source_id,high
TNP-00680,MARSAD_ARP2014,Abdellatif_Mekki,https://majles.marsad.tn/2014/elus/Abdellatif_Mekki,source_id,high
TNP-00681,MARSAD_ARP2014,Abdelmoumen_Belanes,https://majles.marsad.tn/2014/elus/Abdelmoumen_Belanes,source_id,high
TNP-00682,MARSAD_ARP2014,Abdelouahab_Ouerfelli,https://majles.marsad.tn/2014/elus/Abdelouahab_Ouerfelli,source_id,high
TNP-00683,MARSAD_ARP2014,Abdennaceur_Chouikh,https://majles.marsad.tn/2014/elus/Abdennaceur_Chouikh,source_id,high
TNP-00684,MARSAD_ARP2014,Abderraouf_Chebbi,https://majles.marsad.tn/2014/elus/Abderraouf_Chebbi,source_id,high
TNP-00685,MARSAD_ARP2014,Abderraouf_Cherif,https://majles.marsad.tn/2014/elus/Abderraouf_Cherif,source_id,high
TNP-00686,MARSAD_ARP2014,Abderraouf_El_May,https://majles.marsad.tn/2014/elus/Abderraouf_El_May,source_id,high
TNP-00687,MARSAD_ARP2014,Abderrazak_Chraiet,https://majles.marsad.tn/2014/elus/Abderrazak_Chraiet,source_id,high
TNP-00688,MARSAD_ARP2014,Abir_Abdelli,https://majles.marsad.tn/2014/elus/Abir_Abdelli,source_id,high
TNP-00689,MARSAD_ARP2014,Ahmed_Ameri,https://majles.marsad.tn/2014/elus/Ahmed_Ameri,source_id,high
TNP-00690,MARSAD_ARP2014,Ahmed_Saidi,https://majles.marsad.tn/2014/elus/Ahmed_Saidi,source_id,high
TNP-00691,MARSAD_ARP2014,Ahmed_Seddik,https://majles.marsad.tn/2014/elus/Ahmed_Seddik,source_id,high
TNP-00692,MARSAD_ARP2014,Ali_Belakhoua,https://majles.marsad.tn/2014/elus/Ali_Belakhoua,source_id,high
TNP-00693,MARSAD_ARP2014,Ali_Ben_Salem,https://majles.marsad.tn/2014/elus/Ali_Ben_Salem,source_id,high
TNP-00694,MARSAD_ARP2014,Ali_Bennour,https://majles.marsad.tn/2014/elus/Ali_Bennour,source_id,high
TNP-00695,MARSAD_ARP2014,Ali_Laraiedh,https://majles.marsad.tn/2014/elus/Ali_Laraiedh,source_id,high
TNP-00696,MARSAD_ARP2014,Amal_Souid,https://majles.marsad.tn/2014/elus/Amal_Souid,source_id,high
TNP-00697,MARSAD_ARP2014,Amira_Zoukari,https://majles.marsad.tn/2014/elus/Amira_Zoukari,source_id,high
TNP-00698,MARSAD_ARP2014,Ammar_Amroussia,https://majles.marsad.tn/2014/elus/Ammar_Amroussia,source_id,high
TNP-00699,MARSAD_ARP2014,Asma_Bou_Hana,https://majles.marsad.tn/2014/elus/Asma_Bou_Hana,source_id,high
TNP-00700,MARSAD_ARP2014,Aymen_Aloui,https://majles.marsad.tn/2014/elus/Aymen_Aloui,source_id,high
TNP-00701,MARSAD_ARP2014,Badreddine_Abdelkefi,https://majles.marsad.tn/2014/elus/Badreddine_Abdelkefi,source_id,high
TNP-00702,MARSAD_ARP2014,Bechir_Ben_Amor,https://majles.marsad.tn/2014/elus/Bechir_Ben_Amor,source_id,high
TNP-00703,MARSAD_ARP2014,Bechir_Ellazzem,https://majles.marsad.tn/2014/elus/Bechir_Ellazzem,source_id,high
TNP-00704,MARSAD_ARP2014,Belgacem_Dkhili,https://majles.marsad.tn/2014/elus/Belgacem_Dkhili,source_id,high
TNP-00705,MARSAD_ARP2014,Bochra_Belhaj_Hamida,https://majles.marsad.tn/2014/elus/Bochra_Belhaj_Hamida,source_id,high
TNP-00706,MARSAD_ARP2014,Boutheina_Ben_Yaghlane,https://majles.marsad.tn/2014/elus/Boutheina_Ben_Yaghlane,source_id,high
TNP-00707,MARSAD_ARP2014,Brahim_Nacef,https://majles.marsad.tn/2014/elus/Brahim_Nacef,source_id,high
TNP-00708,MARSAD_ARP2014,Chafik_Ayadi,https://majles.marsad.tn/2014/elus/Chafik_Ayadi,source_id,high
TNP-00709,MARSAD_ARP2014,Chahida_Fraj,https://majles.marsad.tn/2014/elus/Chahida_Fraj,source_id,high
TNP-00710,MARSAD_ARP2014,Chaker_Ayadi,https://majles.marsad.tn/2014/elus/Chaker_Ayadi,source_id,high
TNP-00711,MARSAD_ARP2014,Chakib_Bani,https://majles.marsad.tn/2014/elus/Chakib_Bani,source_id,high
TNP-00712,MARSAD_ARP2014,Dorra_Yaacoubi,https://majles.marsad.tn/2014/elus/Dorra_Yaacoubi,source_id,high
TNP-00713,MARSAD_ARP2014,El_Khansa_Ben_Harrath,https://majles.marsad.tn/2014/elus/El_Khansa_Ben_Harrath,source_id,high
TNP-00714,MARSAD_ARP2014,Faouzia_Ben_Fodha,https://majles.marsad.tn/2014/elus/Faouzia_Ben_Fodha,source_id,high
TNP-00715,MARSAD_ARP2014,Faten_Oueslati,https://majles.marsad.tn/2014/elus/Faten_Oueslati,source_id,high
TNP-00716,MARSAD_ARP2014,Fathi_Chamkhi,https://majles.marsad.tn/2014/elus/Fathi_Chamkhi,source_id,high
TNP-00717,MARSAD_ARP2014,Faycel_Khelifa,https://majles.marsad.tn/2014/elus/Faycel_Khelifa,source_id,high
TNP-00718,MARSAD_ARP2014,Ghazi_Chaouachi,https://majles.marsad.tn/2014/elus/Ghazi_Chaouachi,source_id,high
TNP-00719,MARSAD_ARP2014,Hager_Triki,https://majles.marsad.tn/2014/elus/Hager_Triki,source_id,high
TNP-00720,MARSAD_ARP2014,Hamdi_Guezguez,https://majles.marsad.tn/2014/elus/Hamdi_Guezguez,source_id,high
TNP-00721,MARSAD_ARP2014,Hatem_Ferjani,https://majles.marsad.tn/2014/elus/Hatem_Ferjani,source_id,high
TNP-00722,MARSAD_ARP2014,Hayet_Kebaier,https://majles.marsad.tn/2014/elus/Hayet_Kebaier,source_id,high
TNP-00723,MARSAD_ARP2014,Haykel_Belgacem,https://majles.marsad.tn/2014/elus/Haykel_Belgacem,source_id,high
TNP-00724,MARSAD_ARP2014,Hedi_Soula,https://majles.marsad.tn/2014/elus/Hedi_Soula,source_id,high
TNP-00725,MARSAD_ARP2014,Heger_Ben_Cheikh_Ahmed,https://majles.marsad.tn/2014/elus/Heger_Ben_Cheikh_Ahmed,source_id,high
TNP-00726,MARSAD_ARP2014,Heger_Laaroussi,https://majles.marsad.tn/2014/elus/Heger_Laaroussi,source_id,high
TNP-00727,MARSAD_ARP2014,Hela_Omrane,https://majles.marsad.tn/2014/elus/Hela_Omrane,source_id,high
TNP-00728,MARSAD_ARP2014,Hmed_Khaskhoussi,https://majles.marsad.tn/2014/elus/Hmed_Khaskhoussi,source_id,high
TNP-00729,MARSAD_ARP2014,Houcine_Jaziri,https://majles.marsad.tn/2014/elus/Houcine_Jaziri,source_id,high
TNP-00730,MARSAD_ARP2014,Houda_Slim,https://majles.marsad.tn/2014/elus/Houda_Slim,source_id,high
TNP-00731,MARSAD_ARP2014,Houda_Tekaya,https://majles.marsad.tn/2014/elus/Houda_Tekaya,source_id,high
TNP-00732,MARSAD_ARP2014,Houssem_Bounenni,https://majles.marsad.tn/2014/elus/Houssem_Bounenni,source_id,high
TNP-00733,MARSAD_ARP2014,Hssan_Amri,https://majles.marsad.tn/2014/elus/Hssan_Amri,source_id,high
TNP-00734,MARSAD_ARP2014,Hssine_Yahyaoui,https://majles.marsad.tn/2014/elus/Hssine_Yahyaoui,source_id,high
TNP-00735,MARSAD_ARP2014,Ibrahim_Ben_Said,https://majles.marsad.tn/2014/elus/Ibrahim_Ben_Said,source_id,high
TNP-00736,MARSAD_ARP2014,Ibtissem_Jebabli,https://majles.marsad.tn/2014/elus/Ibtissem_Jebabli,source_id,high
TNP-00737,MARSAD_ARP2014,Ikram_Moulahi,https://majles.marsad.tn/2014/elus/Ikram_Moulahi,source_id,high
TNP-00738,MARSAD_ARP2014,Imed_Daimi,https://majles.marsad.tn/2014/elus/Imed_Daimi,source_id,high
TNP-00739,MARSAD_ARP2014,Ismail_Ben_Mahmoud,https://majles.marsad.tn/2014/elus/Ismail_Ben_Mahmoud,source_id,high
TNP-00740,MARSAD_ARP2014,Issam_Matoussi,https://majles.marsad.tn/2014/elus/Issam_Matoussi,source_id,high
TNP-00741,MARSAD_ARP2014,Iyad_Dahmani,https://majles.marsad.tn/2014/elus/Iyad_Dahmani,source_id,high
TNP-00742,MARSAD_ARP2014,Jihen_Aouichi,https://majles.marsad.tn/2014/elus/Jihen_Aouichi,source_id,high
TNP-00743,MARSAD_ARP2014,Jihene_Abadi,https://majles.marsad.tn/2014/elus/Jihene_Abadi,source_id,high
TNP-00744,MARSAD_ARP2014,Jilani_Hammami,https://majles.marsad.tn/2014/elus/Jilani_Hammami,source_id,high
TNP-00745,MARSAD_ARP2014,Kamel_Dhaouadi,https://majles.marsad.tn/2014/elus/Kamel_Dhaouadi,source_id,high
TNP-00746,MARSAD_ARP2014,Kamel_Harraghi,https://majles.marsad.tn/2014/elus/Kamel_Harraghi,source_id,high
TNP-00747,MARSAD_ARP2014,Karim_Helali,https://majles.marsad.tn/2014/elus/Karim_Helali,source_id,high
TNP-00748,MARSAD_ARP2014,Karima_Taggaz,https://majles.marsad.tn/2014/elus/Karima_Taggaz,source_id,high
TNP-00749,MARSAD_ARP2014,Khaled_Chouket,https://majles.marsad.tn/2014/elus/Khaled_Chouket,source_id,high
TNP-00750,MARSAD_ARP2014,Khaoula_Ben_Aicha,https://majles.marsad.tn/2014/elus/Khaoula_Ben_Aicha,source_id,high
TNP-00751,MARSAD_ARP2014,Khemais_Ksila,https://majles.marsad.tn/2014/elus/Khemais_Ksila,source_id,high
TNP-00752,MARSAD_ARP2014,Lajmi_Lourimi,https://majles.marsad.tn/2014/elus/Lajmi_Lourimi,source_id,high
TNP-00753,MARSAD_ARP2014,Lakhdhar_Belhouchat,https://majles.marsad.tn/2014/elus/Lakhdhar_Belhouchat,source_id,high
TNP-00754,MARSAD_ARP2014,Lamia_Dridi,https://majles.marsad.tn/2014/elus/Lamia_Dridi,source_id,high
TNP-00755,MARSAD_ARP2014,Lamia_Gharbi,https://majles.marsad.tn/2014/elus/Lamia_Gharbi,source_id,high
TNP-00756,MARSAD_ARP2014,Lamia_Mlayah,https://majles.marsad.tn/2014/elus/Lamia_Mlayah,source_id,high
TNP-00757,MARSAD_ARP2014,Leila_%D9%90Chettaoui_Bougatef,https://majles.marsad.tn/2014/elus/Leila_%D9%90Chettaoui_Bougatef,source_id,high
TNP-00758,MARSAD_ARP2014,Leila_Bougatef,https://majles.marsad.tn/2014/elus/Leila_Bougatef,source_id,high
TNP-00759,MARSAD_ARP2014,Leila_Hamrouni,https://majles.marsad.tn/2014/elus/Leila_Hamrouni,source_id,high
TNP-00760,MARSAD_ARP2014,Leila_Oueslati,https://majles.marsad.tn/2014/elus/Leila_Oueslati,source_id,high
TNP-00761,MARSAD_ARP2014,Leila_Ouled_Ali,https://majles.marsad.tn/2014/elus/Leila_Ouled_Ali,source_id,high
TNP-00762,MARSAD_ARP2014,Leila_Zahaf,https://majles.marsad.tn/2014/elus/Leila_Zahaf,source_id,high
TNP-00763,MARSAD_ARP2014,Lilia_Younes_Ksibi,https://majles.marsad.tn/2014/elus/Lilia_Younes_Ksibi,source_id,high
TNP-00764,MARSAD_ARP2014,Lotfi_Nabli,https://majles.marsad.tn/2014/elus/Lotfi_Nabli,source_id,high
TNP-00765,MARSAD_ARP2014,Mahmoud_Kahri,https://majles.marsad.tn/2014/elus/Mahmoud_Kahri,source_id,high
TNP-00766,MARSAD_ARP2014,Maroua_Bouazzi,https://majles.marsad.tn/2014/elus/Maroua_Bouazzi,source_id,high
TNP-00767,MARSAD_ARP2014,Marouan_Felfel,https://majles.marsad.tn/2014/elus/Marouan_Felfel,source_id,high
TNP-00768,MARSAD_ARP2014,Mbarka_Aouania,https://majles.marsad.tn/2014/elus/Mbarka_Aouania,source_id,high
TNP-00769,MARSAD_ARP2014,Meriem_Boujbel,https://majles.marsad.tn/2014/elus/Meriem_Boujbel,source_id,high
TNP-00770,MARSAD_ARP2014,Mohamed_Abdellaoui,https://majles.marsad.tn/2014/elus/Mohamed_Abdellaoui,source_id,high
TNP-00771,MARSAD_ARP2014,Mohamed_Ali_Bedoui,https://majles.marsad.tn/2014/elus/Mohamed_Ali_Bedoui,source_id,high
TNP-00772,MARSAD_ARP2014,Mohamed_Amine_Kahloul,https://majles.marsad.tn/2014/elus/Mohamed_Amine_Kahloul,source_id,high
TNP-00773,MARSAD_ARP2014,Mohamed_Anouar_Adhar,https://majles.marsad.tn/2014/elus/Mohamed_Anouar_Adhar,source_id,high
TNP-00774,MARSAD_ARP2014,Mohamed_Ben_Salem,https://majles.marsad.tn/2014/elus/Mohamed_Ben_Salem,source_id,high
TNP-00775,MARSAD_ARP2014,Mohamed_Ben_Souf,https://majles.marsad.tn/2014/elus/Mohamed_Ben_Souf,source_id,high
TNP-00776,MARSAD_ARP2014,Mohamed_El_Hamdi,https://majles.marsad.tn/2014/elus/Mohamed_El_Hamdi,source_id,high
TNP-00777,MARSAD_ARP2014,Mohamed_Ennaceur,https://majles.marsad.tn/2014/elus/Mohamed_Ennaceur,source_id,high
TNP-00778,MARSAD_ARP2014,Mohamed_Ennaceur_Jbira,https://majles.marsad.tn/2014/elus/Mohamed_Ennaceur_Jbira,source_id,high
TNP-00779,MARSAD_ARP2014,Mohamed_Fadhel_Ben_Omrane,https://majles.marsad.tn/2014/elus/Mohamed_Fadhel_Ben_Omrane,source_id,high
TNP-00780,MARSAD_ARP2014,Mohamed_Frikha,https://majles.marsad.tn/2014/elus/Mohamed_Frikha,source_id,high
TNP-00781,MARSAD_ARP2014,Mohamed_Ghannem,https://majles.marsad.tn/2014/elus/Mohamed_Ghannem,source_id,high
TNP-00782,MARSAD_ARP2014,Mohamed_Hedi_Gueddich,https://majles.marsad.tn/2014/elus/Mohamed_Hedi_Gueddich,source_id,high
TNP-00783,MARSAD_ARP2014,Mohamed_Jalel_Ghedira,https://majles.marsad.tn/2014/elus/Mohamed_Jalel_Ghedira,source_id,high
TNP-00784,MARSAD_ARP2014,Mohamed_Kamel_Besbes,https://majles.marsad.tn/2014/elus/Mohamed_Kamel_Besbes,source_id,high
TNP-00785,MARSAD_ARP2014,Mohamed_Lakhdhar_Lajili,https://majles.marsad.tn/2014/elus/Mohamed_Lakhdhar_Lajili,source_id,high
TNP-00786,MARSAD_ARP2014,Mohamed_Lazhar_Akremi,https://majles.marsad.tn/2014/elus/Mohamed_Lazhar_Akremi,source_id,high
TNP-00787,MARSAD_ARP2014,Mohamed_Mahjoub,https://majles.marsad.tn/2014/elus/Mohamed_Mahjoub,source_id,high
TNP-00788,MARSAD_ARP2014,Mohamed_Mohsen_Soudani,https://majles.marsad.tn/2014/elus/Mohamed_Mohsen_Soudani,source_id,high
TNP-00789,MARSAD_ARP2014,Mohamed_Nejib_Torjmane,https://majles.marsad.tn/2014/elus/Mohamed_Nejib_Torjmane,source_id,high
TNP-00790,MARSAD_ARP2014,Mohamed_Rachdi,https://majles.marsad.tn/2014/elus/Mohamed_Rachdi,source_id,high
TNP-00791,MARSAD_ARP2014,Mohamed_Rachdi_Bouguerra,https://majles.marsad.tn/2014/elus/Mohamed_Rachdi_Bouguerra,source_id,high
TNP-00792,MARSAD_ARP2014,Mohamed_Ramzi_Khmiss,https://majles.marsad.tn/2014/elus/Mohamed_Ramzi_Khmiss,source_id,high
TNP-00793,MARSAD_ARP2014,Mohamed_Saidane,https://majles.marsad.tn/2014/elus/Mohamed_Saidane,source_id,high
TNP-00794,MARSAD_ARP2014,Mohamed_Sidhom,https://majles.marsad.tn/2014/elus/Mohamed_Sidhom,source_id,high
TNP-00795,MARSAD_ARP2014,Mohamed_Troudi,https://majles.marsad.tn/2014/elus/Mohamed_Troudi,source_id,high
TNP-00796,MARSAD_ARP2014,Mohsen_Hssan,https://majles.marsad.tn/2014/elus/Mohsen_Hssan,source_id,high
TNP-00797,MARSAD_ARP2014,Moncef_Sellami,https://majles.marsad.tn/2014/elus/Moncef_Sellami,source_id,high
TNP-00798,MARSAD_ARP2014,Mondher_Belhaj_Ali,https://majles.marsad.tn/2014/elus/Mondher_Belhaj_Ali,source_id,high
TNP-00799,MARSAD_ARP2014,Mongi_Harbaoui,https://majles.marsad.tn/2014/elus/Mongi_Harbaoui,source_id,high
TNP-00800,MARSAD_ARP2014,Monia_Brahim,https://majles.marsad.tn/2014/elus/Monia_Brahim,source_id,high
TNP-00801,MARSAD_ARP2014,Mounir_Hamdi,https://majles.marsad.tn/2014/elus/Mounir_Hamdi,source_id,high
TNP-00802,MARSAD_ARP2014,Mourad_Hamaidi,https://majles.marsad.tn/2014/elus/Mourad_Hamaidi,source_id,high
TNP-00803,MARSAD_ARP2014,Nadhir_Ben_Ammou,https://majles.marsad.tn/2014/elus/Nadhir_Ben_Ammou,source_id,high
TNP-00804,MARSAD_ARP2014,Nadia_Zangar,https://majles.marsad.tn/2014/elus/Nadia_Zangar,source_id,high
TNP-00805,MARSAD_ARP2014,Najia_Ben_Abdelhafidh,https://majles.marsad.tn/2014/elus/Najia_Ben_Abdelhafidh,source_id,high
TNP-00806,MARSAD_ARP2014,Najla_Saadaoui,https://majles.marsad.tn/2014/elus/Najla_Saadaoui,source_id,high
TNP-00807,MARSAD_ARP2014,Nawel_Tayech,https://majles.marsad.tn/2014/elus/Nawel_Tayech,source_id,high
TNP-00808,MARSAD_ARP2014,Nizar_Amami,https://majles.marsad.tn/2014/elus/Nizar_Amami,source_id,high
TNP-00809,MARSAD_ARP2014,Noura_Amri,https://majles.marsad.tn/2014/elus/Noura_Amri,source_id,high
TNP-00810,MARSAD_ARP2014,Noureddine_Ben_Achour,https://majles.marsad.tn/2014/elus/Noureddine_Ben_Achour,source_id,high
TNP-00811,MARSAD_ARP2014,Nozha_Biaoui,https://majles.marsad.tn/2014/elus/Nozha_Biaoui,source_id,high
TNP-00812,MARSAD_ARP2014,Olfa_Jouini,https://majles.marsad.tn/2014/elus/Olfa_Jouini,source_id,high
TNP-00813,MARSAD_ARP2014,Olfa_Soukri,https://majles.marsad.tn/2014/elus/Olfa_Soukri,source_id,high
TNP-00814,MARSAD_ARP2014,Ons_Hattab,https://majles.marsad.tn/2014/elus/Ons_Hattab,source_id,high
TNP-00815,MARSAD_ARP2014,Oussama_Al_Sghaier,https://majles.marsad.tn/2014/elus/Oussama_Al_Sghaier,source_id,high
TNP-00816,MARSAD_ARP2014,Rabha_Ben_Hassine,https://majles.marsad.tn/2014/elus/Rabha_Ben_Hassine,source_id,high
TNP-00817,MARSAD_ARP2014,Radhia_Toumi,https://majles.marsad.tn/2014/elus/Radhia_Toumi,source_id,high
TNP-00818,MARSAD_ARP2014,Ramzi_Ben_Fraj,https://majles.marsad.tn/2014/elus/Ramzi_Ben_Fraj,source_id,high
TNP-00819,MARSAD_ARP2014,Riadh_Mouakhar,https://majles.marsad.tn/2014/elus/Riadh_Mouakhar,source_id,high
TNP-00820,MARSAD_ARP2014,Ridha_Zghondi,https://majles.marsad.tn/2014/elus/Ridha_Zghondi,source_id,high
TNP-00821,MARSAD_ARP2014,Sabri_Dekhil,https://majles.marsad.tn/2014/elus/Sabri_Dekhil,source_id,high
TNP-00822,MARSAD_ARP2014,Sabrine_Goubantini,https://majles.marsad.tn/2014/elus/Sabrine_Goubantini,source_id,high
TNP-00823,MARSAD_ARP2014,Safia_Khalfi,https://majles.marsad.tn/2014/elus/Safia_Khalfi,source_id,high
TNP-00824,MARSAD_ARP2014,Sahbi_Ben_Fraj,https://majles.marsad.tn/2014/elus/Sahbi_Ben_Fraj,source_id,high
TNP-00825,MARSAD_ARP2014,Said_Aidi,https://majles.marsad.tn/2014/elus/Said_Aidi,source_id,high
TNP-00826,MARSAD_ARP2014,Salah_Bargaoui,https://majles.marsad.tn/2014/elus/Salah_Bargaoui,source_id,high
TNP-00827,MARSAD_ARP2014,Salem_Hamdi,https://majles.marsad.tn/2014/elus/Salem_Hamdi,source_id,high
TNP-00828,MARSAD_ARP2014,Salma_Elloumi,https://majles.marsad.tn/2014/elus/Salma_Elloumi,source_id,high
TNP-00829,MARSAD_ARP2014,Sameh_Bouhaouel,https://majles.marsad.tn/2014/elus/Sameh_Bouhaouel,source_id,high
TNP-00830,MARSAD_ARP2014,Sami_Fetnassi,https://majles.marsad.tn/2014/elus/Sami_Fetnassi,source_id,high
TNP-00831,MARSAD_ARP2014,Sana_Salhi,https://majles.marsad.tn/2014/elus/Sana_Salhi,source_id,high
TNP-00832,MARSAD_ARP2014,Slim_Besbes,https://majles.marsad.tn/2014/elus/Slim_Besbes,source_id,high
TNP-00833,MARSAD_ARP2014,Souad_Bayouli,https://majles.marsad.tn/2014/elus/Souad_Bayouli,source_id,high
TNP-00834,MARSAD_ARP2014,Souad_Zaouali,https://majles.marsad.tn/2014/elus/Souad_Zaouali,source_id,high
TNP-00835,MARSAD_ARP2014,Souhail_Alouini,https://majles.marsad.tn/2014/elus/Souhail_Alouini,source_id,high
TNP-00836,MARSAD_ARP2014,Tahar_Fdhil,https://majles.marsad.tn/2014/elus/Tahar_Fdhil,source_id,high
TNP-00837,MARSAD_ARP2014,Taher_Battikh,https://majles.marsad.tn/2014/elus/Taher_Battikh,source_id,high
TNP-00838,MARSAD_ARP2014,Taieb_Medni,https://majles.marsad.tn/2014/elus/Taieb_Medni,source_id,high
TNP-00839,MARSAD_ARP2014,Taoufik_Jemli,https://majles.marsad.tn/2014/elus/Taoufik_Jemli,source_id,high
TNP-00840,MARSAD_ARP2014,Taoufik_Ouali,https://majles.marsad.tn/2014/elus/Taoufik_Ouali,source_id,high
TNP-00841,MARSAD_ARP2014,Tarek_Barrak,https://majles.marsad.tn/2014/elus/Tarek_Barrak,source_id,high
TNP-00842,MARSAD_ARP2014,Touhami_Abdouli,https://majles.marsad.tn/2014/elus/Touhami_Abdouli,source_id,high
TNP-00843,MARSAD_ARP2014,Wafa_Makhlouf,https://majles.marsad.tn/2014/elus/Wafa_Makhlouf,source_id,high
TNP-00844,MARSAD_ARP2014,Walid_Banneni,https://majles.marsad.tn/2014/elus/Walid_Banneni,source_id,high
TNP-00845,MARSAD_ARP2014,Yassine_Brahim,https://majles.marsad.tn/2014/elus/Yassine_Brahim,source_id,high
TNP-00846,MARSAD_ARP2014,Youssef_Jouini,https://majles.marsad.tn/2014/elus/Youssef_Jouini,source_id,high
TNP-00847,MARSAD_ARP2014,Zied_Lakhdhar,https://majles.marsad.tn/2014/elus/Zied_Lakhdhar,source_id,high
TNP-00848,MARSAD_ARP2014,Zohra_Idriss,https://majles.marsad.tn/2014/elus/Zohra_Idriss,source_id,high
TNP-00849,MARSAD_ARP2014,Zouhair_Rejbi,https://majles.marsad.tn/2014/elus/Zouhair_Rejbi,source_id,high
TNP-00850,MARSAD_ARP2014,Zouheir_Rajbi,https://majles.marsad.tn/2014/elus/Zouheir_Rajbi,source_id,high
TNP-00851,REFERENCE,speaker-Mahmoud Messadi,,source_id,high
TNP-00852,REFERENCE,speaker-Rachid Sfar,,source_id,high
TNP-00853,REFERENCE,speaker-Salah Eddine Baly,,source_id,high
TNP-00854,REFERENCE,speaker-Beji Caid Essebsi,,source_id,high
TNP-00855,REFERENCE,speaker-Habib Boularès,,source_id,high
TNP-00856,REFERENCE,speaker-Fouad Mebazaa,,source_id,high
