person_id,bloc_id,bloc_name_ar,assembly_id,role,start_date,end_date
TNP-00001,BLC-f20b0575249e,كتلة الخط الوطني السيادي,ARP-2023,bloc_vice_chair,2024-10-29,
TNP-00001,BLC-f20b0575249e,كتلة الخط الوطني السيادي,ARP-2023,bloc_vice_chair,2023-10-17,2025-11-07
TNP-00001,BLC-f20b0575249e,كتلة الخط الوطني السيادي,ARP-2023,bloc_chair,2023-05-11,2023-10-16
TNP-00002,BLC-139983161a87,كتلة الأحرار,ARP-2023,unknown,2023-05-11,
TNP-00003,BLC-139983161a87,كتلة الأحرار,ARP-2023,unknown,2023-05-11,
TNP-00004,BLC-06a0c0449bb5,كتلة الوطنية المستقلة,ARP-2023,unknown,2023-05-11,
TNP-00005,BLC-f20b0575249e,كتلة الخط الوطني السيادي,ARP-2023,unknown,2023-05-11,
TNP-00006,BLC-139983161a87,كتلة الأحرار,ARP-2023,unknown,2023-05-11,
TNP-00007,BLC-b8dae4f6e993,غير المنتمين إلى كتل,ARP-2023,unknown,2023-05-30,
TNP-00008,BLC-139983161a87,كتلة الأحرار,ARP-2023,unknown,2023-05-11,
TNP-00009,BLC-06a0c0449bb5,كتلة الوطنية المستقلة,ARP-2023,unknown,2023-05-11,
TNP-00010,BLC-ae732a4efe54,كتلة الأمانة والعمل,ARP-2023,bloc_chair,2025-12-16,
TNP-00010,BLC-ae732a4efe54,كتلة الأمانة والعمل,ARP-2023,bloc_vice_chair,2023-05-11,2025-12-15
TNP-00011,BLC-ac812da9c161,كتلة صوت الجمهورية,ARP-2023,unknown,2023-05-11,
TNP-00012,BLC-2f472b0a03ed,كتلة لينتصر الشعب,ARP-2023,unknown,2023-05-11,
TNP-00013,BLC-139983161a87,كتلة الأحرار,ARP-2023,unknown,2023-05-11,
TNP-00014,BLC-ac812da9c161,كتلة صوت الجمهورية,ARP-2023,unknown,2023-05-11,2025-05-09
TNP-00015,BLC-ac812da9c161,كتلة صوت الجمهورية,ARP-2023,unknown,2023-05-11,
TNP-00016,BLC-139983161a87,كتلة الأحرار,ARP-2023,unknown,2023-05-11,
TNP-00017,BLC-b8dae4f6e993,غير المنتمين إلى كتل,ARP-2023,unknown,2023-05-30,
TNP-00018,BLC-ae732a4efe54,كتلة الأمانة والعمل,ARP-2023,unknown,2023-05-11,
TNP-00019,BLC-ae732a4efe54,كتلة الأمانة والعمل,ARP-2023,unknown,2024-12-10,
TNP-00019,BLC-b8dae4f6e993,غير المنتمين إلى كتل,ARP-2023,unknown,2023-05-30,2024-12-09
TNP-00020,BLC-ac812da9c161,كتلة صوت الجمهورية,ARP-2023,unknown,2023-05-11,
TNP-00021,BLC-ae732a4efe54,كتلة الأمانة والعمل,ARP-2023,unknown,2023-05-11,
TNP-00022,BLC-139983161a87,كتلة الأحرار,ARP-2023,unknown,2023-05-11,
TNP-00023,BLC-06a0c0449bb5,كتلة الوطنية المستقلة,ARP-2023,unknown,2023-05-11,
TNP-00024,BLC-06a0c0449bb5,كتلة الوطنية المستقلة,ARP-2023,bloc_vice_chair,2025-12-16,
TNP-00024,BLC-06a0c0449bb5,كتلة الوطنية المستقلة,ARP-2023,unknown,2023-05-11,2025-12-15
TNP-00025,BLC-f20b0575249e,كتلة الخط الوطني السيادي,ARP-2023,unknown,2023-05-11,
TNP-00026,BLC-b8dae4f6e993,غير المنتمين إلى كتل,ARP-2023,unknown,2024-12-10,
TNP-00026,BLC-ac812da9c161,كتلة صوت الجمهورية,ARP-2023,unknown,2023-05-11,2024-12-09
TNP-00027,BLC-ae732a4efe54,كتلة الأمانة والعمل,ARP-2023,unknown,2023-05-11,
TNP-00028,BLC-b8dae4f6e993,غير المنتمين إلى كتل,ARP-2023,unknown,2023-05-30,
TNP-00029,BLC-f20b0575249e,كتلة الخط الوطني السيادي,ARP-2023,unknown,2024-12-10,
TNP-00029,BLC-b8dae4f6e993,غير المنتمين إلى كتل,ARP-2023,unknown,2023-05-30,2024-12-09
TNP-00030,BLC-b8dae4f6e993,غير المنتمين إلى كتل,ARP-2023,unknown,2023-05-30,
TNP-00031,BLC-2f472b0a03ed,كتلة لينتصر الشعب,ARP-2023,unknown,2023-05-11,
TNP-00032,BLC-06a0c0449bb5,كتلة الوطنية المستقلة,ARP-2023,unknown,2023-05-11,
TNP-00033,BLC-f20b0575249e,كتلة الخط الوطني السيادي,ARP-2023,unknown,2024-12-10,
TNP-00033,BLC-b8dae4f6e993,غير المنتمين إلى كتل,ARP-2023,unknown,2024-10-29,2024-12-09
TNP-00033,BLC-f20b0575249e,كتلة الخط الوطني السيادي,ARP-2023,unknown,2023-05-11,2024-10-28
TNP-00034,BLC-2f472b0a03ed,كتلة لينتصر الشعب,ARP-2023,unknown,2026-01-19,
TNP-00034,BLC-2f472b0a03ed,كتلة لينتصر الشعب,ARP-2023,unknown,2024-12-20,2026-01-19
TNP-00034,BLC-2f472b0a03ed,كتلة لينتصر الشعب,ARP-2023,unknown,2023-05-11,2024-12-19
TNP-00035,BLC-2f472b0a03ed,كتلة لينتصر الشعب,ARP-2023,unknown,2023-05-11,
TNP-00036,BLC-ae732a4efe54,كتلة الأمانة والعمل,ARP-2023,unknown,2024-10-29,
TNP-00036,BLC-b8dae4f6e993,غير المنتمين إلى كتل,ARP-2023,unknown,2023-05-30,2024-10-28
TNP-00037,BLC-06a0c0449bb5,كتلة الوطنية المستقلة,ARP-2023,unknown,2023-05-11,
TNP-00038,BLC-b8dae4f6e993,غير المنتمين إلى كتل,ARP-2023,unknown,2023-05-30,
TNP-00039,BLC-ac812da9c161,كتلة صوت الجمهورية,ARP-2023,unknown,2023-05-11,
TNP-00040,BLC-ac812da9c161,كتلة صوت الجمهورية,ARP-2023,unknown,2023-05-11,
TNP-00041,BLC-ae732a4efe54,كتلة الأمانة والعمل,ARP-2023,unknown,2023-07-21,
TNP-00041,BLC-b8dae4f6e993,غير المنتمين إلى كتل,ARP-2023,unknown,2023-05-30,2023-07-21
TNP-00042,BLC-2f472b0a03ed,كتلة لينتصر الشعب,ARP-2023,unknown,2023-05-11,
TNP-00043,BLC-ac812da9c161,كتلة صوت الجمهورية,ARP-2023,unknown,2023-05-11,
TNP-00044,BLC-ac812da9c161,كتلة صوت الجمهورية,ARP-2023,unknown,2023-05-10,
TNP-00045,BLC-b8dae4f6e993,غير المنتمين إلى كتل,ARP-2023,unknown,2023-05-30,
TNP-00046,BLC-139983161a87,كتلة الأحرار,ARP-2023,unknown,2023-05-11,
TNP-00047,BLC-ac812da9c161,كتلة صوت الجمهورية,ARP-2023,unknown,2024-10-29,
TNP-00047,BLC-b8dae4f6e993,غير المنتمين إلى كتل,ARP-2023,unknown,2023-05-30,2024-10-28
TNP-00048,BLC-ae732a4efe54,كتلة الأمانة والعمل,ARP-2023,unknown,2023-05-11,
TNP-00049,BLC-2f472b0a03ed,كتلة لينتصر الشعب,ARP-2023,unknown,2026-02-12,
TNP-00049,BLC-2f472b0a03ed,كتلة لينتصر الشعب,ARP-2023,bloc_vice_chair,2023-05-11,2026-02-11
TNP-00050,BLC-139983161a87,كتلة الأحرار,ARP-2023,unknown,2023-05-11,
TNP-00051,BLC-ae732a4efe54,كتلة الأمانة والعمل,ARP-2023,unknown,2023-05-11,
TNP-00052,BLC-06a0c0449bb5,كتلة الوطنية المستقلة,ARP-2023,unknown,2023-05-11,
TNP-00053,BLC-b8dae4f6e993,غير المنتمين إلى كتل,ARP-2023,unknown,2023-05-30,
TNP-00054,BLC-ae732a4efe54,كتلة الأمانة والعمل,ARP-2023,unknown,2025-12-16,
TNP-00054,BLC-ae732a4efe54,كتلة الأمانة والعمل,ARP-2023,bloc_chair,2023-05-11,2025-12-15
TNP-00055,BLC-06a0c0449bb5,كتلة الوطنية المستقلة,ARP-2023,unknown,2023-05-11,
TNP-00056,BLC-06a0c0449bb5,كتلة الوطنية المستقلة,ARP-2023,unknown,2023-05-11,
TNP-00057,BLC-ae732a4efe54,كتلة الأمانة والعمل,ARP-2023,unknown,2024-10-29,
TNP-00057,BLC-b8dae4f6e993,غير المنتمين إلى كتل,ARP-2023,unknown,2023-05-30,2024-10-28
TNP-00058,BLC-b8dae4f6e993,غير المنتمين إلى كتل,ARP-2023,unknown,2023-05-30,
TNP-00059,BLC-ac812da9c161,كتلة صوت الجمهورية,ARP-2023,unknown,2023-05-11,
TNP-00060,BLC-139983161a87,كتلة الأحرار,ARP-2023,unknown,2023-07-17,
TNP-00060,BLC-b8dae4f6e993,غير المنتمين إلى كتل,ARP-2023,unknown,2023-05-30,2023-07-17
TNP-00061,BLC-b8dae4f6e993,غير المنتمين إلى كتل,ARP-2023,unknown,2023-05-30,
TNP-00062,BLC-139983161a87,كتلة الأحرار,ARP-2023,unknown,2023-05-11,
TNP-00063,BLC-b8dae4f6e993,غير المنتمين إلى كتل,ARP-2023,unknown,2023-05-30,
TNP-00064,BLC-2f472b0a03ed,كتلة لينتصر الشعب,ARP-2023,unknown,2023-05-11,
TNP-00065,BLC-06a0c0449bb5,كتلة الوطنية المستقلة,ARP-2023,unknown,2025-12-16,
TNP-00065,BLC-06a0c0449bb5,كتلة الوطنية المستقلة,ARP-2023,bloc_chair,2023-05-11,2025-12-15
TNP-00066,BLC-ac812da9c161,كتلة صوت الجمهورية,ARP-2023,unknown,2023-05-11,
TNP-00067,BLC-2f472b0a03ed,كتلة لينتصر الشعب,ARP-2023,unknown,2024-12-20,
TNP-00067,BLC-2f472b0a03ed,كتلة لينتصر الشعب,ARP-2023,bloc_chair,2023-05-11,2024-12-19
TNP-00068,BLC-f20b0575249e,كتلة الخط الوطني السيادي,ARP-2023,unknown,2023-05-11,
TNP-00069,BLC-139983161a87,كتلة الأحرار,ARP-2023,unknown,2023-05-11,
TNP-00070,BLC-b8dae4f6e993,غير المنتمين إلى كتل,ARP-2023,unknown,2026-01-19,
TNP-00070,BLC-ae732a4efe54,كتلة الأمانة والعمل,ARP-2023,unknown,2023-05-11,2026-01-18
TNP-00071,BLC-ae732a4efe54,كتلة الأمانة والعمل,ARP-2023,unknown,2023-05-11,
TNP-00072,BLC-ac812da9c161,كتلة صوت الجمهورية,ARP-2023,unknown,2023-05-11,
TNP-00073,BLC-ae732a4efe54,كتلة الأمانة والعمل,ARP-2023,unknown,2026-01-19,
TNP-00073,BLC-b8dae4f6e993,غير المنتمين إلى كتل,ARP-2023,unknown,2025-10-07,2026-01-18
TNP-00074,BLC-ae732a4efe54,كتلة الأمانة والعمل,ARP-2023,unknown,2023-05-11,
TNP-00075,BLC-139983161a87,كتلة الأحرار,ARP-2023,unknown,2023-07-05,
TNP-00075,BLC-b8dae4f6e993,غير المنتمين إلى كتل,ARP-2023,unknown,2023-05-30,2023-07-04
TNP-00076,BLC-ac812da9c161,كتلة صوت الجمهورية,ARP-2023,unknown,2023-05-11,
TNP-00077,BLC-2f472b0a03ed,كتلة لينتصر الشعب,ARP-2023,bloc_chair,2026-01-19,
TNP-00077,BLC-2f472b0a03ed,كتلة لينتصر الشعب,ARP-2023,unknown,2023-05-11,2026-01-18
TNP-00078,BLC-f20b0575249e,كتلة الخط الوطني السيادي,ARP-2023,unknown,2023-05-11,
TNP-00079,BLC-ae732a4efe54,كتلة الأمانة والعمل,ARP-2023,unknown,2023-05-11,
TNP-00080,BLC-f20b0575249e,كتلة الخط الوطني السيادي,ARP-2023,bloc_chair,2024-10-29,
TNP-00080,BLC-f20b0575249e,كتلة الخط الوطني السيادي,ARP-2023,bloc_chair,2023-10-17,2024-10-28
TNP-00080,BLC-f20b0575249e,كتلة الخط الوطني السيادي,ARP-2023,bloc_chair,2023-05-11,2024-10-23
TNP-00081,BLC-b8dae4f6e993,غير المنتمين إلى كتل,ARP-2023,unknown,2023-05-30,
TNP-00082,BLC-ac812da9c161,كتلة صوت الجمهورية,ARP-2023,unknown,2023-05-10,
TNP-00083,BLC-06a0c0449bb5,كتلة الوطنية المستقلة,ARP-2023,unknown,2023-05-11,
TNP-00084,BLC-ac812da9c161,كتلة صوت الجمهورية,ARP-2023,unknown,2023-05-11,
TNP-00085,BLC-2f472b0a03ed,كتلة لينتصر الشعب,ARP-2023,unknown,2023-05-11,
TNP-00086,BLC-b8dae4f6e993,غير المنتمين إلى كتل,ARP-2023,unknown,2024-10-29,
TNP-00086,BLC-06a0c0449bb5,كتلة الوطنية المستقلة,ARP-2023,unknown,2023-05-11,2024-10-28
TNP-00087,BLC-139983161a87,كتلة الأحرار,ARP-2023,unknown,2023-05-11,
TNP-00088,BLC-06a0c0449bb5,كتلة الوطنية المستقلة,ARP-2023,bloc_chair,2025-12-16,
TNP-00088,BLC-06a0c0449bb5,كتلة الوطنية المستقلة,ARP-2023,unknown,2023-05-11,2025-12-15
TNP-00089,BLC-f20b0575249e,كتلة الخط الوطني السيادي,ARP-2023,unknown,2023-05-11,
TNP-00090,BLC-ae732a4efe54,كتلة الأمانة والعمل,ARP-2023,unknown,2023-05-11,
TNP-00091,BLC-ae732a4efe54,كتلة الأمانة والعمل,ARP-2023,unknown,2023-05-11,2026-03-09
TNP-00092,BLC-ae732a4efe54,كتلة الأمانة والعمل,ARP-2023,unknown,2024-10-29,
TNP-00092,BLC-b8dae4f6e993,غير المنتمين إلى كتل,ARP-2023,unknown,2023-05-30,2024-10-28
TNP-00093,BLC-ac812da9c161,كتلة صوت الجمهورية,ARP-2023,unknown,2023-05-11,
TNP-00094,BLC-139983161a87,كتلة الأحرار,ARP-2023,bloc_chair,2023-05-11,
TNP-00095,BLC-ae732a4efe54,كتلة الأمانة والعمل,ARP-2023,unknown,2023-05-11,
TNP-00096,BLC-b8dae4f6e993,غير المنتمين إلى كتل,ARP-2023,unknown,2023-05-30,
TNP-00097,BLC-2f472b0a03ed,كتلة لينتصر الشعب,ARP-2023,unknown,2023-05-11,
TNP-00098,BLC-ac812da9c161,كتلة صوت الجمهورية,ARP-2023,unknown,2024-10-29,
TNP-00098,BLC-b8dae4f6e993,غير المنتمين إلى كتل,ARP-2023,unknown,2023-05-30,2024-10-28
TNP-00099,BLC-139983161a87,كتلة الأحرار,ARP-2023,unknown,2023-05-11,
TNP-00100,BLC-139983161a87,كتلة الأحرار,ARP-2023,unknown,2023-05-11,
TNP-00101,BLC-ae732a4efe54,كتلة الأمانة والعمل,ARP-2023,unknown,2023-05-11,
TNP-00102,BLC-ae732a4efe54,كتلة الأمانة والعمل,ARP-2023,unknown,2023-05-11,
TNP-00103,BLC-ae732a4efe54,كتلة الأمانة والعمل,ARP-2023,bloc_vice_chair,2025-12-16,
TNP-00103,BLC-ae732a4efe54,كتلة الأمانة والعمل,ARP-2023,unknown,2023-05-11,2025-12-15
TNP-00104,BLC-06a0c0449bb5,كتلة الوطنية المستقلة,ARP-2023,unknown,2025-12-16,
TNP-00104,BLC-06a0c0449bb5,كتلة الوطنية المستقلة,ARP-2023,bloc_vice_chair,2025-01-08,2025-12-15
TNP-00104,BLC-06a0c0449bb5,كتلة الوطنية المستقلة,ARP-2023,unknown,2023-05-11,2025-01-07
TNP-00105,BLC-06a0c0449bb5,كتلة الوطنية المستقلة,ARP-2023,unknown,2023-05-11,
TNP-00106,BLC-ae732a4efe54,كتلة الأمانة والعمل,ARP-2023,unknown,2024-10-29,2025-03-13
TNP-00106,BLC-b8dae4f6e993,غير المنتمين إلى كتل,ARP-2023,unknown,2023-05-30,2024-10-28
TNP-00107,BLC-b8dae4f6e993,غير المنتمين إلى كتل,ARP-2023,unknown,2023-05-30,
TNP-00108,BLC-ae732a4efe54,كتلة الأمانة والعمل,ARP-2023,unknown,2024-11-10,
TNP-00108,BLC-b8dae4f6e993,غير المنتمين إلى كتل,ARP-2023,unknown,2023-05-30,2024-11-09
TNP-00109,BLC-ac812da9c161,كتلة صوت الجمهورية,ARP-2023,unknown,2023-05-11,
TNP-00110,BLC-b8dae4f6e993,غير المنتمين إلى كتل,ARP-2023,unknown,2023-05-30,
TNP-00111,BLC-b8dae4f6e993,غير المنتمين إلى كتل,ARP-2023,unknown,2023-05-30,
TNP-00112,BLC-139983161a87,كتلة الأحرار,ARP-2023,unknown,2023-05-11,
TNP-00113,BLC-2f472b0a03ed,كتلة لينتصر الشعب,ARP-2023,unknown,2023-05-11,
TNP-00114,BLC-b8dae4f6e993,غير المنتمين إلى كتل,ARP-2023,unknown,2026-01-19,
TNP-00114,BLC-ae732a4efe54,كتلة الأمانة والعمل,ARP-2023,unknown,2023-05-11,2026-01-18
TNP-00115,BLC-f20b0575249e,كتلة الخط الوطني السيادي,ARP-2023,unknown,2023-05-11,
TNP-00116,BLC-2f472b0a03ed,كتلة لينتصر الشعب,ARP-2023,unknown,2024-10-29,
TNP-00116,BLC-b8dae4f6e993,غير المنتمين إلى كتل,ARP-2023,unknown,2023-05-30,2024-10-28
TNP-00117,BLC-ae732a4efe54,كتلة الأمانة والعمل,ARP-2023,unknown,2023-05-11,
TNP-00118,BLC-ac812da9c161,كتلة صوت الجمهورية,ARP-2023,unknown,2025-12-16,
TNP-00118,BLC-b8dae4f6e993,غير المنتمين إلى كتل,ARP-2023,unknown,2025-10-07,2025-12-15
TNP-00119,BLC-06a0c0449bb5,كتلة الوطنية المستقلة,ARP-2023,unknown,2023-05-11,
TNP-00120,BLC-b8dae4f6e993,غير المنتمين إلى كتل,ARP-2023,unknown,2023-05-30,
TNP-00121,BLC-b8dae4f6e993,غير المنتمين إلى كتل,ARP-2023,unknown,2024-07-30,
TNP-00121,BLC-ac812da9c161,كتلة صوت الجمهورية,ARP-2023,bloc_vice_chair,2023-05-11,2024-07-29
TNP-00122,BLC-139983161a87,كتلة الأحرار,ARP-2023,unknown,2023-05-11,
TNP-00123,BLC-139983161a87,كتلة الأحرار,ARP-2023,unknown,2023-07-21,
TNP-00123,BLC-b8dae4f6e993,غير المنتمين إلى كتل,ARP-2023,unknown,2023-05-30,2023-07-21
TNP-00124,BLC-ac812da9c161,كتلة صوت الجمهورية,ARP-2023,bloc_vice_chair,2024-10-29,
TNP-00124,BLC-ac812da9c161,كتلة صوت الجمهورية,ARP-2023,unknown,2023-05-11,2024-10-28
TNP-00125,BLC-ae732a4efe54,كتلة الأمانة والعمل,ARP-2023,unknown,2023-05-11,
TNP-00126,BLC-ac812da9c161,كتلة صوت الجمهورية,ARP-2023,unknown,2023-05-11,
TNP-00127,BLC-ac812da9c161,كتلة صوت الجمهورية,ARP-2023,unknown,2023-05-11,
TNP-00128,BLC-ac812da9c161,كتلة صوت الجمهورية,ARP-2023,unknown,2023-05-11,
TNP-00129,BLC-f20b0575249e,كتلة الخط الوطني السيادي,ARP-2023,unknown,2023-05-11,
TNP-00130,BLC-b8dae4f6e993,غير المنتمين إلى كتل,ARP-2023,unknown,2024-10-29,
TNP-00130,BLC-06a0c0449bb5,كتلة الوطنية المستقلة,ARP-2023,unknown,2023-05-11,2024-10-28
TNP-00131,BLC-f20b0575249e,كتلة الخط الوطني السيادي,ARP-2023,unknown,2023-05-11,
TNP-00132,BLC-b8dae4f6e993,غير المنتمين إلى كتل,ARP-2023,unknown,2023-05-30,
TNP-00133,BLC-2f472b0a03ed,كتلة لينتصر الشعب,ARP-2023,bloc_vice_chair,2026-02-12,
TNP-00133,BLC-2f472b0a03ed,كتلة لينتصر الشعب,ARP-2023,unknown,2025-02-03,2026-02-11
TNP-00133,BLC-b8dae4f6e993,غير المنتمين إلى كتل,ARP-2023,unknown,2023-05-30,2025-02-03
TNP-00134,BLC-b8dae4f6e993,غير المنتمين إلى كتل,ARP-2023,unknown,2024-12-10,
TNP-00134,BLC-f20b0575249e,كتلة الخط الوطني السيادي,ARP-2023,unknown,2023-05-11,2024-12-09
TNP-00135,BLC-f20b0575249e,كتلة الخط الوطني السيادي,ARP-2023,unknown,2023-05-11,
TNP-00136,BLC-139983161a87,كتلة الأحرار,ARP-2023,bloc_vice_chair,2023-07-17,
TNP-00136,BLC-b8dae4f6e993,غير المنتمين إلى كتل,ARP-2023,unknown,2023-05-30,2023-07-17
TNP-00137,BLC-ac812da9c161,كتلة صوت الجمهورية,ARP-2023,unknown,2023-05-11,
TNP-00138,BLC-06a0c0449bb5,كتلة الوطنية المستقلة,ARP-2023,unknown,2025-01-08,
TNP-00138,BLC-06a0c0449bb5,كتلة الوطنية المستقلة,ARP-2023,bloc_vice_chair,2023-05-11,2025-01-07
TNP-00139,BLC-b8dae4f6e993,غير المنتمين إلى كتل,ARP-2023,unknown,2023-05-30,
TNP-00140,BLC-2f472b0a03ed,كتلة لينتصر الشعب,ARP-2023,unknown,2023-05-11,
TNP-00141,BLC-06a0c0449bb5,كتلة الوطنية المستقلة,ARP-2023,unknown,2023-05-11,
TNP-00142,BLC-ac812da9c161,كتلة صوت الجمهورية,ARP-2023,bloc_chair,2023-05-11,
TNP-00143,BLC-139983161a87,كتلة الأحرار,ARP-2023,unknown,2023-05-11,
TNP-00144,BLC-2f472b0a03ed,كتلة لينتصر الشعب,ARP-2023,unknown,2023-05-11,
TNP-00145,BLC-ac812da9c161,كتلة صوت الجمهورية,ARP-2023,unknown,2023-05-11,
TNP-00146,BLC-2f472b0a03ed,كتلة لينتصر الشعب,ARP-2023,unknown,2023-05-11,
TNP-00147,BLC-b8dae4f6e993,غير المنتمين إلى كتل,ARP-2023,unknown,2024-02-28,
TNP-00147,BLC-06a0c0449bb5,كتلة الوطنية المستقلة,ARP-2023,unknown,2023-05-11,2024-02-27
TNP-00148,BLC-06a0c0449bb5,كتلة الوطنية المستقلة,ARP-2023,unknown,2023-05-11,
TNP-00149,BLC-2f472b0a03ed,كتلة لينتصر الشعب,ARP-2023,unknown,2024-10-29,
TNP-00149,BLC-b8dae4f6e993,غير المنتمين إلى كتل,ARP-2023,unknown,2023-05-30,2024-10-28
TNP-00150,BLC-f20b0575249e,كتلة الخط الوطني السيادي,ARP-2023,unknown,2023-05-11,
TNP-00151,BLC-ae732a4efe54,كتلة الأمانة والعمل,ARP-2023,unknown,2025-02-25,
TNP-00151,BLC-b8dae4f6e993,غير المنتمين إلى كتل,ARP-2023,unknown,2023-05-30,2025-02-24
TNP-00152,BLC-f20b0575249e,كتلة الخط الوطني السيادي,ARP-2023,unknown,2023-05-11,
TNP-00153,BLC-139983161a87,كتلة الأحرار,ARP-2023,unknown,2023-05-11,
TNP-00154,BLC-b8dae4f6e993,غير المنتمين إلى كتل,ARP-2023,unknown,2023-05-30,
TNP-00155,BLC-b8dae4f6e993,غير المنتمين إلى كتل,ARP-2023,unknown,2023-05-30,
TNP-00156,BLC-0e7903100c2b,كتلة حركة النهضة (2019),ARP-2019,unknown,2019-11-13,
TNP-00157,BLC-96b9db640002,كتلة حزب قلب تونس (2019),ARP-2019,unknown,2019-11-13,
TNP-00158,BLC-ed7ba04997c5,كتلة ائتلاف الكرامة (2019),ARP-2019,unknown,2019-11-13,
TNP-00159,BLC-0e7903100c2b,كتلة حركة النهضة (2019),ARP-2019,unknown,2019-11-13,
TNP-00080,BLC-6814972dda22,الكتلة الديمقراطية (2019),ARP-2019,unknown,2019-11-13,
TNP-00160,BLC-30ebf47cb8e2,كتلة الحزب الدستوري الحر (2019),ARP-2019,unknown,2019-11-13,
TNP-00161,BLC-6814972dda22,الكتلة الديمقراطية (2019),ARP-2019,unknown,2019-11-13,
TNP-00162,BLC-30ebf47cb8e2,كتلة الحزب الدستوري الحر (2019),ARP-2019,unknown,2019-11-13,
TNP-00163,BLC-761b155c0ff5,مستقل,ARP-2019,unknown,2019-11-13,
TNP-00164,BLC-761b155c0ff5,مستقل,ARP-2019,unknown,2019-11-13,
TNP-00165,BLC-0e7903100c2b,كتلة حركة النهضة (2019),ARP-2019,unknown,2019-11-13,
TNP-00166,BLC-ed7ba04997c5,كتلة ائتلاف الكرامة (2019),ARP-2019,unknown,2019-11-13,
TNP-00167,BLC-ed7ba04997c5,كتلة ائتلاف الكرامة (2019),ARP-2019,unknown,2019-11-13,
TNP-00168,BLC-30ebf47cb8e2,كتلة الحزب الدستوري الحر (2019),ARP-2019,unknown,2019-11-13,
TNP-00169,BLC-6814972dda22,الكتلة الديمقراطية (2019),ARP-2019,unknown,2019-11-13,
TNP-00170,BLC-8b6a6f827cc8,كتلة الاصلاح (2019),ARP-2019,unknown,2019-11-13,
TNP-00171,BLC-30ebf47cb8e2,كتلة الحزب الدستوري الحر (2019),ARP-2019,unknown,2019-11-13,
TNP-00172,BLC-6814972dda22,الكتلة الديمقراطية (2019),ARP-2019,unknown,2019-11-13,
TNP-00173,BLC-96b9db640002,كتلة حزب قلب تونس (2019),ARP-2019,unknown,2019-11-13,
TNP-00174,BLC-0e7903100c2b,كتلة حركة النهضة (2019),ARP-2019,unknown,2019-11-13,
TNP-00175,BLC-ed7ba04997c5,كتلة ائتلاف الكرامة (2019),ARP-2019,unknown,2019-11-13,
TNP-00176,BLC-a7a13cef4e0d,الكتلة الوطنية (2020),ARP-2019,unknown,2020-01-01,
TNP-00177,BLC-6814972dda22,الكتلة الديمقراطية (2019),ARP-2019,unknown,2019-11-13,
TNP-00178,BLC-0e7903100c2b,كتلة حركة النهضة (2019),ARP-2019,unknown,2019-11-13,
TNP-00179,BLC-ed7ba04997c5,كتلة ائتلاف الكرامة (2019),ARP-2019,unknown,2019-11-13,
TNP-00180,BLC-30ebf47cb8e2,كتلة الحزب الدستوري الحر (2019),ARP-2019,unknown,2019-11-13,
TNP-00181,BLC-a7a13cef4e0d,الكتلة الوطنية (2020),ARP-2019,unknown,2020-01-01,
TNP-00182,BLC-761b155c0ff5,مستقل,ARP-2019,unknown,2019-11-13,
TNP-00134,BLC-6814972dda22,الكتلة الديمقراطية (2019),ARP-2019,unknown,2019-11-13,
TNP-00183,BLC-0e7903100c2b,كتلة حركة النهضة (2019),ARP-2019,unknown,2019-11-13,
TNP-00184,BLC-0e7903100c2b,كتلة حركة النهضة (2019),ARP-2019,unknown,2019-11-13,
TNP-00185,BLC-0e7903100c2b,كتلة حركة النهضة (2019),ARP-2019,unknown,2019-11-13,
TNP-00186,BLC-0e7903100c2b,كتلة حركة النهضة (2019),ARP-2019,unknown,2019-11-13,
TNP-00187,BLC-96b9db640002,كتلة حزب قلب تونس (2019),ARP-2019,unknown,2019-11-13,
TNP-00188,BLC-96b9db640002,كتلة حزب قلب تونس (2019),ARP-2019,unknown,2019-11-13,
TNP-00189,BLC-0e7903100c2b,كتلة حركة النهضة (2019),ARP-2019,unknown,2019-11-13,
TNP-00190,BLC-6814972dda22,الكتلة الديمقراطية (2019),ARP-2019,unknown,2019-11-13,
TNP-00191,BLC-0e7903100c2b,كتلة حركة النهضة (2019),ARP-2019,unknown,2019-11-13,
TNP-00192,BLC-ed7ba04997c5,كتلة ائتلاف الكرامة (2019),ARP-2019,unknown,2019-11-13,
TNP-00193,BLC-30ebf47cb8e2,كتلة الحزب الدستوري الحر (2019),ARP-2019,unknown,2019-11-13,
TNP-00194,BLC-0e7903100c2b,كتلة حركة النهضة (2019),ARP-2019,unknown,2019-11-13,
TNP-00195,BLC-a7a13cef4e0d,الكتلة الوطنية (2020),ARP-2019,unknown,2020-01-01,
TNP-00196,BLC-8b6a6f827cc8,كتلة الاصلاح (2019),ARP-2019,unknown,2019-11-13,
TNP-00197,BLC-96b9db640002,كتلة حزب قلب تونس (2019),ARP-2019,unknown,2019-11-13,
TNP-00198,BLC-6814972dda22,الكتلة الديمقراطية (2019),ARP-2019,unknown,2019-11-13,
TNP-00199,BLC-0e7903100c2b,كتلة حركة النهضة (2019),ARP-2019,unknown,2019-11-13,
TNP-00200,BLC-0e7903100c2b,كتلة حركة النهضة (2019),ARP-2019,unknown,2019-11-13,
TNP-00201,BLC-0e7903100c2b,كتلة حركة النهضة (2019),ARP-2019,unknown,2019-11-13,
TNP-00202,BLC-8b6a6f827cc8,كتلة الاصلاح (2019),ARP-2019,unknown,2019-11-13,
TNP-00203,BLC-761b155c0ff5,مستقل,ARP-2019,unknown,2019-11-13,
TNP-00204,BLC-0e7903100c2b,كتلة حركة النهضة (2019),ARP-2019,unknown,2019-11-13,
TNP-00205,BLC-96b9db640002,كتلة حزب قلب تونس (2019),ARP-2019,unknown,2019-11-13,
TNP-00206,BLC-96b9db640002,كتلة حزب قلب تونس (2019),ARP-2019,unknown,2019-11-13,
TNP-00207,BLC-ed7ba04997c5,كتلة ائتلاف الكرامة (2019),ARP-2019,unknown,2019-11-13,
TNP-00208,BLC-8b6a6f827cc8,كتلة الاصلاح (2019),ARP-2019,unknown,2019-11-13,
TNP-00209,BLC-30ebf47cb8e2,كتلة الحزب الدستوري الحر (2019),ARP-2019,unknown,2019-11-13,
TNP-00210,BLC-ed7ba04997c5,كتلة ائتلاف الكرامة (2019),ARP-2019,unknown,2019-11-13,
TNP-00211,BLC-96b9db640002,كتلة حزب قلب تونس (2019),ARP-2019,unknown,2019-11-13,
TNP-00212,BLC-8b6a6f827cc8,كتلة الاصلاح (2019),ARP-2019,unknown,2019-11-13,
TNP-00213,BLC-6814972dda22,الكتلة الديمقراطية (2019),ARP-2019,unknown,2019-11-13,
TNP-00214,BLC-6814972dda22,الكتلة الديمقراطية (2019),ARP-2019,unknown,2019-11-13,
TNP-00215,BLC-8b6a6f827cc8,كتلة الاصلاح (2019),ARP-2019,unknown,2019-11-13,
TNP-00216,BLC-761b155c0ff5,مستقل,ARP-2019,unknown,2019-11-13,
TNP-00217,BLC-0e7903100c2b,كتلة حركة النهضة (2019),ARP-2019,unknown,2019-11-13,
TNP-00218,BLC-6814972dda22,الكتلة الديمقراطية (2019),ARP-2019,unknown,2019-11-13,
TNP-00219,BLC-8b6a6f827cc8,كتلة الاصلاح (2019),ARP-2019,unknown,2019-11-13,
TNP-00220,BLC-4cf185ae72a6,كتلة تحيا تونس (2019),ARP-2019,unknown,2019-11-13,
TNP-00221,BLC-0e7903100c2b,كتلة حركة النهضة (2019),ARP-2019,unknown,2019-11-13,
TNP-00222,BLC-96b9db640002,كتلة حزب قلب تونس (2019),ARP-2019,unknown,2019-11-13,
TNP-00223,BLC-6814972dda22,الكتلة الديمقراطية (2019),ARP-2019,unknown,2019-11-13,
TNP-00224,BLC-4cf185ae72a6,كتلة تحيا تونس (2019),ARP-2019,unknown,2019-11-13,
TNP-00225,BLC-6814972dda22,الكتلة الديمقراطية (2019),ARP-2019,unknown,2019-11-13,
TNP-00226,BLC-4cf185ae72a6,كتلة تحيا تونس (2019),ARP-2019,unknown,2019-11-13,
TNP-00227,BLC-96b9db640002,كتلة حزب قلب تونس (2019),ARP-2019,unknown,2019-11-13,
TNP-00228,BLC-0e7903100c2b,كتلة حركة النهضة (2019),ARP-2019,unknown,2019-11-13,
TNP-00065,BLC-a7a13cef4e0d,الكتلة الوطنية (2020),ARP-2019,unknown,2020-01-01,
TNP-00229,BLC-761b155c0ff5,مستقل,ARP-2019,unknown,2019-11-13,
TNP-00230,BLC-761b155c0ff5,مستقل,ARP-2019,unknown,2019-11-13,
TNP-00231,BLC-30ebf47cb8e2,كتلة الحزب الدستوري الحر (2019),ARP-2019,unknown,2019-11-13,
TNP-00232,BLC-761b155c0ff5,مستقل,ARP-2019,unknown,2019-11-13,
TNP-00233,BLC-8b6a6f827cc8,كتلة الاصلاح (2019),ARP-2019,unknown,2019-11-13,
TNP-00234,BLC-761b155c0ff5,مستقل,ARP-2019,unknown,2019-11-13,
TNP-00235,BLC-0e7903100c2b,كتلة حركة النهضة (2019),ARP-2019,unknown,2019-11-13,
TNP-00236,BLC-0e7903100c2b,كتلة حركة النهضة (2019),ARP-2019,unknown,2019-11-13,
TNP-00237,BLC-96b9db640002,كتلة حزب قلب تونس (2019),ARP-2019,unknown,2019-11-13,
TNP-00238,BLC-96b9db640002,كتلة حزب قلب تونس (2019),ARP-2019,unknown,2019-11-13,
TNP-00239,BLC-a7a13cef4e0d,الكتلة الوطنية (2020),ARP-2019,unknown,2020-01-01,
TNP-00240,BLC-6814972dda22,الكتلة الديمقراطية (2019),ARP-2019,unknown,2019-11-13,
TNP-00241,BLC-0e7903100c2b,كتلة حركة النهضة (2019),ARP-2019,unknown,2019-11-13,
TNP-00242,BLC-6814972dda22,الكتلة الديمقراطية (2019),ARP-2019,unknown,2019-11-13,
TNP-00243,BLC-761b155c0ff5,مستقل,ARP-2019,unknown,2019-11-13,
TNP-00244,BLC-8b6a6f827cc8,كتلة الاصلاح (2019),ARP-2019,unknown,2019-11-13,
TNP-00245,BLC-761b155c0ff5,مستقل,ARP-2019,unknown,2019-11-13,
TNP-00246,BLC-6814972dda22,الكتلة الديمقراطية (2019),ARP-2019,unknown,2019-11-13,
TNP-00247,BLC-0e7903100c2b,كتلة حركة النهضة (2019),ARP-2019,unknown,2019-11-13,
TNP-00248,BLC-6814972dda22,الكتلة الديمقراطية (2019),ARP-2019,unknown,2019-11-13,
TNP-00249,BLC-6814972dda22,الكتلة الديمقراطية (2019),ARP-2019,unknown,2019-11-13,
TNP-00250,BLC-8b6a6f827cc8,كتلة الاصلاح (2019),ARP-2019,unknown,2019-11-13,
TNP-00251,BLC-4cf185ae72a6,كتلة تحيا تونس (2019),ARP-2019,unknown,2019-11-13,
TNP-00252,BLC-6814972dda22,الكتلة الديمقراطية (2019),ARP-2019,unknown,2019-11-13,
TNP-00253,BLC-a7a13cef4e0d,الكتلة الوطنية (2020),ARP-2019,unknown,2020-01-01,
TNP-00254,BLC-0e7903100c2b,كتلة حركة النهضة (2019),ARP-2019,unknown,2019-11-13,
TNP-00255,BLC-0e7903100c2b,كتلة حركة النهضة (2019),ARP-2019,unknown,2019-11-13,
TNP-00256,BLC-ed7ba04997c5,كتلة ائتلاف الكرامة (2019),ARP-2019,unknown,2019-11-13,
TNP-00257,BLC-30ebf47cb8e2,كتلة الحزب الدستوري الحر (2019),ARP-2019,unknown,2019-11-13,
TNP-00258,BLC-6814972dda22,الكتلة الديمقراطية (2019),ARP-2019,unknown,2019-11-13,
TNP-00259,BLC-0e7903100c2b,كتلة حركة النهضة (2019),ARP-2019,unknown,2019-11-13,
TNP-00260,BLC-761b155c0ff5,مستقل,ARP-2019,unknown,2019-11-13,
TNP-00261,BLC-96b9db640002,كتلة حزب قلب تونس (2019),ARP-2019,unknown,2019-11-13,
TNP-00262,BLC-4cf185ae72a6,كتلة تحيا تونس (2019),ARP-2019,unknown,2019-11-13,
TNP-00263,BLC-0e7903100c2b,كتلة حركة النهضة (2019),ARP-2019,unknown,2019-11-13,
TNP-00264,BLC-4cf185ae72a6,كتلة تحيا تونس (2019),ARP-2019,unknown,2019-11-13,
TNP-00265,BLC-761b155c0ff5,مستقل,ARP-2019,unknown,2019-11-13,
TNP-00266,BLC-761b155c0ff5,مستقل,ARP-2019,unknown,2019-11-13,
TNP-00267,BLC-0e7903100c2b,كتلة حركة النهضة (2019),ARP-2019,unknown,2019-11-13,
TNP-00268,BLC-ed7ba04997c5,كتلة ائتلاف الكرامة (2019),ARP-2019,unknown,2019-11-13,
TNP-00269,BLC-96b9db640002,كتلة حزب قلب تونس (2019),ARP-2019,unknown,2019-11-13,
TNP-00270,BLC-6814972dda22,الكتلة الديمقراطية (2019),ARP-2019,unknown,2019-11-13,
TNP-00271,BLC-6814972dda22,الكتلة الديمقراطية (2019),ARP-2019,unknown,2019-11-13,
TNP-00272,BLC-6814972dda22,الكتلة الديمقراطية (2019),ARP-2019,unknown,2019-11-13,
TNP-00273,BLC-ed7ba04997c5,كتلة ائتلاف الكرامة (2019),ARP-2019,unknown,2019-11-13,
TNP-00274,BLC-0e7903100c2b,كتلة حركة النهضة (2019),ARP-2019,unknown,2019-11-13,
TNP-00275,BLC-96b9db640002,كتلة حزب قلب تونس (2019),ARP-2019,unknown,2019-11-13,
TNP-00276,BLC-4cf185ae72a6,كتلة تحيا تونس (2019),ARP-2019,unknown,2019-11-13,
TNP-00277,BLC-30ebf47cb8e2,كتلة الحزب الدستوري الحر (2019),ARP-2019,unknown,2019-11-13,
TNP-00278,BLC-0e7903100c2b,كتلة حركة النهضة (2019),ARP-2019,unknown,2019-11-13,
TNP-00279,BLC-761b155c0ff5,مستقل,ARP-2019,unknown,2019-11-13,
TNP-00280,BLC-ed7ba04997c5,كتلة ائتلاف الكرامة (2019),ARP-2019,unknown,2019-11-13,
TNP-00281,BLC-8b6a6f827cc8,كتلة الاصلاح (2019),ARP-2019,unknown,2019-11-13,
TNP-00282,BLC-96b9db640002,كتلة حزب قلب تونس (2019),ARP-2019,unknown,2019-11-13,
TNP-00283,BLC-96b9db640002,كتلة حزب قلب تونس (2019),ARP-2019,unknown,2019-11-13,
TNP-00284,BLC-96b9db640002,كتلة حزب قلب تونس (2019),ARP-2019,unknown,2019-11-13,
TNP-00285,BLC-0e7903100c2b,كتلة حركة النهضة (2019),ARP-2019,unknown,2019-11-13,
TNP-00286,BLC-6814972dda22,الكتلة الديمقراطية (2019),ARP-2019,unknown,2019-11-13,
TNP-00287,BLC-0e7903100c2b,كتلة حركة النهضة (2019),ARP-2019,unknown,2019-11-13,
TNP-00288,BLC-ed7ba04997c5,كتلة ائتلاف الكرامة (2019),ARP-2019,unknown,2019-11-13,
TNP-00289,BLC-761b155c0ff5,مستقل,ARP-2019,unknown,2019-11-13,
TNP-00290,BLC-0e7903100c2b,كتلة حركة النهضة (2019),ARP-2019,unknown,2019-11-13,
TNP-00291,BLC-761b155c0ff5,مستقل,ARP-2019,unknown,2019-11-13,
TNP-00292,BLC-96b9db640002,كتلة حزب قلب تونس (2019),ARP-2019,unknown,2019-11-13,
TNP-00293,BLC-6814972dda22,الكتلة الديمقراطية (2019),ARP-2019,unknown,2019-11-13,
TNP-00294,BLC-0e7903100c2b,كتلة حركة النهضة (2019),ARP-2019,unknown,2019-11-13,
TNP-00295,BLC-4cf185ae72a6,كتلة تحيا تونس (2019),ARP-2019,unknown,2019-11-13,
TNP-00296,BLC-30ebf47cb8e2,كتلة الحزب الدستوري الحر (2019),ARP-2019,unknown,2019-11-13,
TNP-00297,BLC-6814972dda22,الكتلة الديمقراطية (2019),ARP-2019,unknown,2019-11-13,
TNP-00298,BLC-96b9db640002,كتلة حزب قلب تونس (2019),ARP-2019,unknown,2019-11-13,
TNP-00299,BLC-0e7903100c2b,كتلة حركة النهضة (2019),ARP-2019,unknown,2019-11-13,
TNP-00300,BLC-30ebf47cb8e2,كتلة الحزب الدستوري الحر (2019),ARP-2019,unknown,2019-11-13,
TNP-00301,BLC-0e7903100c2b,كتلة حركة النهضة (2019),ARP-2019,unknown,2019-11-13,
TNP-00302,BLC-6814972dda22,الكتلة الديمقراطية (2019),ARP-2019,unknown,2019-11-13,
TNP-00303,BLC-8b6a6f827cc8,كتلة الاصلاح (2019),ARP-2019,unknown,2019-11-13,
TNP-00304,BLC-ed7ba04997c5,كتلة ائتلاف الكرامة (2019),ARP-2019,unknown,2019-11-13,
TNP-00305,BLC-6814972dda22,الكتلة الديمقراطية (2019),ARP-2019,unknown,2019-11-13,
TNP-00306,BLC-96b9db640002,كتلة حزب قلب تونس (2019),ARP-2019,unknown,2019-11-13,
TNP-00307,BLC-8b6a6f827cc8,كتلة الاصلاح (2019),ARP-2019,unknown,2019-11-13,
TNP-00308,BLC-0e7903100c2b,كتلة حركة النهضة (2019),ARP-2019,unknown,2019-11-13,
TNP-00309,BLC-0e7903100c2b,كتلة حركة النهضة (2019),ARP-2019,unknown,2019-11-13,
TNP-00310,BLC-0e7903100c2b,كتلة حركة النهضة (2019),ARP-2019,unknown,2019-11-13,
TNP-00311,BLC-8b6a6f827cc8,كتلة الاصلاح (2019),ARP-2019,unknown,2019-11-13,
TNP-00312,BLC-ed7ba04997c5,كتلة ائتلاف الكرامة (2019),ARP-2019,unknown,2019-11-13,
TNP-00313,BLC-96b9db640002,كتلة حزب قلب تونس (2019),ARP-2019,unknown,2019-11-13,
TNP-00314,BLC-0e7903100c2b,كتلة حركة النهضة (2019),ARP-2019,unknown,2019-11-13,
TNP-00315,BLC-0e7903100c2b,كتلة حركة النهضة (2019),ARP-2019,unknown,2019-11-13,
TNP-00316,BLC-0e7903100c2b,كتلة حركة النهضة (2019),ARP-2019,unknown,2019-11-13,
TNP-00317,BLC-761b155c0ff5,مستقل,ARP-2019,unknown,2019-11-13,
TNP-00318,BLC-96b9db640002,كتلة حزب قلب تونس (2019),ARP-2019,unknown,2019-11-13,
TNP-00319,BLC-a7a13cef4e0d,الكتلة الوطنية (2020),ARP-2019,unknown,2020-01-01,
TNP-00115,BLC-6814972dda22,الكتلة الديمقراطية (2019),ARP-2019,unknown,2019-11-13,
TNP-00320,BLC-761b155c0ff5,مستقل,ARP-2019,unknown,2019-11-13,
TNP-00321,BLC-6814972dda22,الكتلة الديمقراطية (2019),ARP-2019,unknown,2019-11-13,
TNP-00322,BLC-a7a13cef4e0d,الكتلة الوطنية (2020),ARP-2019,unknown,2020-01-01,
TNP-00323,BLC-761b155c0ff5,مستقل,ARP-2019,unknown,2019-11-13,
TNP-00324,BLC-0e7903100c2b,كتلة حركة النهضة (2019),ARP-2019,unknown,2019-11-13,
TNP-00325,BLC-761b155c0ff5,مستقل,ARP-2019,unknown,2019-11-13,
TNP-00326,BLC-761b155c0ff5,مستقل,ARP-2019,unknown,2019-11-13,
TNP-00327,BLC-6814972dda22,الكتلة الديمقراطية (2019),ARP-2019,unknown,2019-11-13,
TNP-00328,BLC-6814972dda22,الكتلة الديمقراطية (2019),ARP-2019,unknown,2019-11-13,
TNP-00329,BLC-6814972dda22,الكتلة الديمقراطية (2019),ARP-2019,unknown,2019-11-13,
TNP-00330,BLC-761b155c0ff5,مستقل,ARP-2019,unknown,2019-11-13,
TNP-00331,BLC-96b9db640002,كتلة حزب قلب تونس (2019),ARP-2019,unknown,2019-11-13,
TNP-00105,BLC-8b6a6f827cc8,كتلة الاصلاح (2019),ARP-2019,unknown,2019-11-13,
TNP-00332,BLC-6814972dda22,الكتلة الديمقراطية (2019),ARP-2019,unknown,2019-11-13,
TNP-00333,BLC-0e7903100c2b,كتلة حركة النهضة (2019),ARP-2019,unknown,2019-11-13,
TNP-00334,BLC-a7a13cef4e0d,الكتلة الوطنية (2020),ARP-2019,unknown,2020-01-01,
TNP-00335,BLC-96b9db640002,كتلة حزب قلب تونس (2019),ARP-2019,unknown,2019-11-13,
TNP-00336,BLC-0e7903100c2b,كتلة حركة النهضة (2019),ARP-2019,unknown,2019-11-13,
TNP-00337,BLC-30ebf47cb8e2,كتلة الحزب الدستوري الحر (2019),ARP-2019,unknown,2019-11-13,
TNP-00338,BLC-0e7903100c2b,كتلة حركة النهضة (2019),ARP-2019,unknown,2019-11-13,
TNP-00339,BLC-0e7903100c2b,كتلة حركة النهضة (2019),ARP-2019,unknown,2019-11-13,
TNP-00340,BLC-0e7903100c2b,كتلة حركة النهضة (2019),ARP-2019,unknown,2019-11-13,
TNP-00341,BLC-96b9db640002,كتلة حزب قلب تونس (2019),ARP-2019,unknown,2019-11-13,
TNP-00342,BLC-ed7ba04997c5,كتلة ائتلاف الكرامة (2019),ARP-2019,unknown,2019-11-13,
TNP-00343,BLC-96b9db640002,كتلة حزب قلب تونس (2019),ARP-2019,unknown,2019-11-13,
TNP-00344,BLC-6814972dda22,الكتلة الديمقراطية (2019),ARP-2019,unknown,2019-11-13,
TNP-00345,BLC-96b9db640002,كتلة حزب قلب تونس (2019),ARP-2019,unknown,2019-11-13,
TNP-00346,BLC-4cf185ae72a6,كتلة تحيا تونس (2019),ARP-2019,unknown,2019-11-13,
TNP-00347,BLC-8b6a6f827cc8,كتلة الاصلاح (2019),ARP-2019,unknown,2019-11-13,
TNP-00348,BLC-761b155c0ff5,مستقل,ARP-2019,unknown,2019-11-13,
TNP-00349,BLC-8b6a6f827cc8,كتلة الاصلاح (2019),ARP-2019,unknown,2019-11-13,
TNP-00350,BLC-8b6a6f827cc8,كتلة الاصلاح (2019),ARP-2019,unknown,2019-11-13,
TNP-00351,BLC-0e7903100c2b,كتلة حركة النهضة (2019),ARP-2019,unknown,2019-11-13,
TNP-00352,BLC-30ebf47cb8e2,كتلة الحزب الدستوري الحر (2019),ARP-2019,unknown,2019-11-13,
TNP-00353,BLC-0e7903100c2b,كتلة حركة النهضة (2019),ARP-2019,unknown,2019-11-13,
TNP-00354,BLC-0e7903100c2b,كتلة حركة النهضة (2019),ARP-2019,unknown,2019-11-13,
TNP-00355,BLC-4cf185ae72a6,كتلة تحيا تونس (2019),ARP-2019,unknown,2019-11-13,
TNP-00356,BLC-30ebf47cb8e2,كتلة الحزب الدستوري الحر (2019),ARP-2019,unknown,2019-11-13,
TNP-00357,BLC-0e7903100c2b,كتلة حركة النهضة (2019),ARP-2019,unknown,2019-11-13,
TNP-00358,BLC-761b155c0ff5,مستقل,ARP-2019,unknown,2019-11-13,
TNP-00359,BLC-ed7ba04997c5,كتلة ائتلاف الكرامة (2019),ARP-2019,unknown,2019-11-13,
TNP-00360,BLC-30ebf47cb8e2,كتلة الحزب الدستوري الحر (2019),ARP-2019,unknown,2019-11-13,
TNP-00361,BLC-0e7903100c2b,كتلة حركة النهضة (2019),ARP-2019,unknown,2019-11-13,
TNP-00362,BLC-6814972dda22,الكتلة الديمقراطية (2019),ARP-2019,unknown,2019-11-13,
TNP-00363,BLC-ed7ba04997c5,كتلة ائتلاف الكرامة (2019),ARP-2019,unknown,2019-11-13,
TNP-00364,BLC-761b155c0ff5,مستقل,ARP-2019,unknown,2019-11-13,
TNP-00365,BLC-6814972dda22,الكتلة الديمقراطية (2019),ARP-2019,unknown,2019-11-13,
TNP-00366,BLC-761b155c0ff5,مستقل,ARP-2019,unknown,2019-11-13,
TNP-00367,BLC-f60fc63efcb3,كتلة الوفاء للثورة,NCA-2011,unknown,2011-11-22,2014-12-01
TNP-00368,BLC-d21009ea1fa4,غير المنتمين إلى كتل,NCA-2011,unknown,2011-11-22,2014-12-01
TNP-00369,BLC-6b8bfb9b4293,كتلة حركة النهضة,NCA-2011,unknown,2011-11-22,2014-12-01
TNP-00370,BLC-d21009ea1fa4,غير المنتمين إلى كتل,NCA-2011,unknown,2011-11-22,2014-12-01
TNP-00371,BLC-6b8bfb9b4293,كتلة حركة النهضة,NCA-2011,unknown,2011-11-22,2014-12-01
TNP-00372,BLC-17fd84dbafa7,الكتلة الديمقراطية,NCA-2011,unknown,2011-11-22,2014-12-01
TNP-00373,BLC-d21009ea1fa4,غير المنتمين إلى كتل,NCA-2011,unknown,2011-11-22,2014-12-01
TNP-00374,BLC-f60fc63efcb3,كتلة الوفاء للثورة,NCA-2011,unknown,2011-11-22,2014-12-01
TNP-00375,BLC-6b8bfb9b4293,كتلة حركة النهضة,NCA-2011,unknown,2011-11-22,2014-12-01
TNP-00376,BLC-d21009ea1fa4,غير المنتمين إلى كتل,NCA-2011,unknown,2011-11-22,2014-12-01
TNP-00377,BLC-6b8bfb9b4293,كتلة حركة النهضة,NCA-2011,unknown,2011-11-22,2014-12-01
TNP-00378,BLC-585aa8882397,كتلة المؤتمر من أجل الجمهورية,NCA-2011,unknown,2011-11-22,2014-12-01
TNP-00379,BLC-585aa8882397,كتلة المؤتمر من أجل الجمهورية,NCA-2011,unknown,2011-11-22,2014-12-01
TNP-00380,BLC-6b8bfb9b4293,كتلة حركة النهضة,NCA-2011,unknown,2011-11-22,2014-12-01
TNP-00381,BLC-d21009ea1fa4,غير المنتمين إلى كتل,NCA-2011,unknown,2011-11-22,2014-12-01
TNP-00382,BLC-6b8bfb9b4293,كتلة حركة النهضة,NCA-2011,unknown,2011-11-22,2014-12-01
TNP-00383,BLC-6b8bfb9b4293,كتلة حركة النهضة,NCA-2011,unknown,2011-11-22,2014-12-01
TNP-00384,BLC-8c5cd0596051,الإنتقال الديمقراطي,NCA-2011,unknown,2011-11-22,2014-12-01
TNP-00385,BLC-6b8bfb9b4293,كتلة حركة النهضة,NCA-2011,unknown,2011-11-22,2014-12-01
TNP-00386,BLC-6b8bfb9b4293,كتلة حركة النهضة,NCA-2011,unknown,2011-11-22,2014-12-01
TNP-00324,BLC-6b8bfb9b4293,كتلة حركة النهضة,NCA-2011,unknown,2011-11-22,2014-12-01
TNP-00387,BLC-d21009ea1fa4,غير المنتمين إلى كتل,NCA-2011,unknown,2011-11-22,2014-12-01
TNP-00388,BLC-87c002c3118f,كتلة حزب التكتل,NCA-2011,unknown,2011-11-22,2014-12-01
TNP-00389,BLC-6b8bfb9b4293,كتلة حركة النهضة,NCA-2011,unknown,2011-11-22,2014-12-01
TNP-00267,BLC-6b8bfb9b4293,كتلة حركة النهضة,NCA-2011,unknown,2011-11-22,2014-12-01
TNP-00390,BLC-8c5cd0596051,الإنتقال الديمقراطي,NCA-2011,unknown,2011-11-22,2014-12-01
TNP-00264,BLC-56ac03f7fe82,التحالف الديمقراطي,NCA-2011,unknown,2011-11-22,2014-12-01
TNP-00391,BLC-87c002c3118f,كتلة حزب التكتل,NCA-2011,unknown,2011-11-22,2014-12-01
TNP-00392,BLC-d21009ea1fa4,غير المنتمين إلى كتل,NCA-2011,unknown,2011-11-22,2014-12-01
TNP-00393,BLC-6b8bfb9b4293,كتلة حركة النهضة,NCA-2011,unknown,2011-11-22,2014-12-01
TNP-00394,BLC-6b8bfb9b4293,كتلة حركة النهضة,NCA-2011,unknown,2011-11-22,2014-12-01
TNP-00395,BLC-d21009ea1fa4,غير المنتمين إلى كتل,NCA-2011,unknown,2011-11-22,2014-12-01
TNP-00396,BLC-6b8bfb9b4293,كتلة حركة النهضة,NCA-2011,unknown,2011-11-22,2014-12-01
TNP-00397,BLC-6b8bfb9b4293,كتلة حركة النهضة,NCA-2011,unknown,2011-11-22,2014-12-01
TNP-00398,BLC-6b8bfb9b4293,كتلة حركة النهضة,NCA-2011,unknown,2011-11-22,2014-12-01
TNP-00399,BLC-d21009ea1fa4,غير المنتمين إلى كتل,NCA-2011,unknown,2011-11-22,2014-12-01
TNP-00141,BLC-8c5cd0596051,الإنتقال الديمقراطي,NCA-2011,unknown,2011-11-22,2014-12-01
TNP-00400,BLC-d21009ea1fa4,غير المنتمين إلى كتل,NCA-2011,unknown,2011-11-22,2014-12-01
TNP-00401,BLC-6b8bfb9b4293,كتلة حركة النهضة,NCA-2011,unknown,2011-11-22,2014-12-01
TNP-00402,BLC-d21009ea1fa4,غير المنتمين إلى كتل,NCA-2011,unknown,2011-11-22,2014-12-01
TNP-00403,BLC-6b8bfb9b4293,كتلة حركة النهضة,NCA-2011,unknown,2011-11-22,2014-12-01
TNP-00404,BLC-6b8bfb9b4293,كتلة حركة النهضة,NCA-2011,unknown,2011-11-22,2014-12-01
TNP-00405,BLC-6b8bfb9b4293,كتلة حركة النهضة,NCA-2011,unknown,2011-11-22,2014-12-01
TNP-00406,BLC-6b8bfb9b4293,كتلة حركة النهضة,NCA-2011,unknown,2011-11-22,2014-12-01
TNP-00407,BLC-8c5cd0596051,الإنتقال الديمقراطي,NCA-2011,unknown,2011-11-22,2014-12-01
TNP-00408,BLC-87c002c3118f,كتلة حزب التكتل,NCA-2011,unknown,2011-11-22,2014-12-01
TNP-00409,BLC-56ac03f7fe82,التحالف الديمقراطي,NCA-2011,unknown,2011-11-22,2014-12-01
TNP-00410,BLC-87c002c3118f,كتلة حزب التكتل,NCA-2011,unknown,2011-11-22,2014-12-01
TNP-00411,BLC-6b8bfb9b4293,كتلة حركة النهضة,NCA-2011,unknown,2011-11-22,2014-12-01
TNP-00412,BLC-d21009ea1fa4,غير المنتمين إلى كتل,NCA-2011,unknown,2011-11-22,2014-12-01
TNP-00413,BLC-6b8bfb9b4293,كتلة حركة النهضة,NCA-2011,unknown,2011-11-22,2014-12-01
TNP-00414,BLC-6b8bfb9b4293,كتلة حركة النهضة,NCA-2011,unknown,2011-11-22,2014-12-01
TNP-00415,BLC-d21009ea1fa4,غير المنتمين إلى كتل,NCA-2011,unknown,2011-11-22,2014-12-01
TNP-00416,BLC-d21009ea1fa4,غير المنتمين إلى كتل,NCA-2011,unknown,2011-11-22,2014-12-01
TNP-00417,BLC-d21009ea1fa4,غير المنتمين إلى كتل,NCA-2011,unknown,2011-11-22,2014-12-01
TNP-00418,BLC-6b8bfb9b4293,كتلة حركة النهضة,NCA-2011,unknown,2011-11-22,2014-12-01
TNP-00419,BLC-8c5cd0596051,الإنتقال الديمقراطي,NCA-2011,unknown,2011-11-22,2014-12-01
TNP-00420,BLC-d21009ea1fa4,غير المنتمين إلى كتل,NCA-2011,unknown,2011-11-22,2014-12-01
TNP-00421,BLC-6b8bfb9b4293,كتلة حركة النهضة,NCA-2011,unknown,2011-11-22,2014-12-01
TNP-00422,BLC-6b8bfb9b4293,كتلة حركة النهضة,NCA-2011,unknown,2011-11-22,2014-12-01
TNP-00423,BLC-6b8bfb9b4293,كتلة حركة النهضة,NCA-2011,unknown,2011-11-22,2014-12-01
TNP-00424,BLC-d21009ea1fa4,غير المنتمين إلى كتل,NCA-2011,unknown,2011-11-22,2014-12-01
TNP-00425,BLC-f60fc63efcb3,كتلة الوفاء للثورة,NCA-2011,unknown,2011-11-22,2014-12-01
TNP-00426,BLC-d21009ea1fa4,غير المنتمين إلى كتل,NCA-2011,unknown,2011-11-22,2014-12-01
TNP-00427,BLC-f60fc63efcb3,كتلة الوفاء للثورة,NCA-2011,unknown,2011-11-22,2014-12-01
TNP-00428,BLC-8c5cd0596051,الإنتقال الديمقراطي,NCA-2011,unknown,2011-11-22,2014-12-01
TNP-00429,BLC-d21009ea1fa4,غير المنتمين إلى كتل,NCA-2011,unknown,2011-11-22,2014-12-01
TNP-00430,BLC-17fd84dbafa7,الكتلة الديمقراطية,NCA-2011,unknown,2011-11-22,2014-12-01
TNP-00364,BLC-6b8bfb9b4293,كتلة حركة النهضة,NCA-2011,unknown,2011-11-22,2014-12-01
TNP-00431,BLC-6b8bfb9b4293,كتلة حركة النهضة,NCA-2011,unknown,2011-11-22,2014-12-01
TNP-00432,BLC-6b8bfb9b4293,كتلة حركة النهضة,NCA-2011,unknown,2011-11-22,2014-12-01
TNP-00433,BLC-6b8bfb9b4293,كتلة حركة النهضة,NCA-2011,unknown,2011-11-22,2014-12-01
TNP-00434,BLC-8c5cd0596051,الإنتقال الديمقراطي,NCA-2011,unknown,2011-11-22,2014-12-01
TNP-00435,BLC-d21009ea1fa4,غير المنتمين إلى كتل,NCA-2011,unknown,2011-11-22,2014-12-01
TNP-00436,BLC-17fd84dbafa7,الكتلة الديمقراطية,NCA-2011,unknown,2011-11-22,2014-12-01
TNP-00437,BLC-6b8bfb9b4293,كتلة حركة النهضة,NCA-2011,unknown,2011-11-22,2014-12-01
TNP-00438,BLC-17fd84dbafa7,الكتلة الديمقراطية,NCA-2011,unknown,2011-11-22,2014-12-01
TNP-00439,BLC-585aa8882397,كتلة المؤتمر من أجل الجمهورية,NCA-2011,unknown,2011-11-22,2014-12-01
TNP-00440,BLC-d21009ea1fa4,غير المنتمين إلى كتل,NCA-2011,unknown,2011-11-22,2014-12-01
TNP-00441,BLC-6b8bfb9b4293,كتلة حركة النهضة,NCA-2011,unknown,2011-11-22,2014-12-01
TNP-00442,BLC-585aa8882397,كتلة المؤتمر من أجل الجمهورية,NCA-2011,unknown,2011-11-22,2014-12-01
TNP-00443,BLC-17fd84dbafa7,الكتلة الديمقراطية,NCA-2011,unknown,2011-11-22,2014-12-01
TNP-00444,BLC-17fd84dbafa7,الكتلة الديمقراطية,NCA-2011,unknown,2011-11-22,2014-12-01
TNP-00445,BLC-6b8bfb9b4293,كتلة حركة النهضة,NCA-2011,unknown,2011-11-22,2014-12-01
TNP-00446,BLC-6b8bfb9b4293,كتلة حركة النهضة,NCA-2011,unknown,2011-11-22,2014-12-01
TNP-00447,BLC-6b8bfb9b4293,كتلة حركة النهضة,NCA-2011,unknown,2011-11-22,2014-12-01
TNP-00448,BLC-56ac03f7fe82,التحالف الديمقراطي,NCA-2011,unknown,2011-11-22,2014-12-01
TNP-00449,BLC-56ac03f7fe82,التحالف الديمقراطي,NCA-2011,unknown,2011-11-22,2014-12-01
TNP-00450,BLC-8c5cd0596051,الإنتقال الديمقراطي,NCA-2011,unknown,2011-11-22,2014-12-01
TNP-00451,BLC-d21009ea1fa4,غير المنتمين إلى كتل,NCA-2011,unknown,2011-11-22,2014-12-01
TNP-00452,BLC-6b8bfb9b4293,كتلة حركة النهضة,NCA-2011,unknown,2011-11-22,2014-12-01
TNP-00453,BLC-17fd84dbafa7,الكتلة الديمقراطية,NCA-2011,unknown,2011-11-22,2014-12-01
TNP-00454,BLC-6b8bfb9b4293,كتلة حركة النهضة,NCA-2011,unknown,2011-11-22,2014-12-01
TNP-00455,BLC-d21009ea1fa4,غير المنتمين إلى كتل,NCA-2011,unknown,2011-11-22,2014-12-01
TNP-00456,BLC-87c002c3118f,كتلة حزب التكتل,NCA-2011,unknown,2011-11-22,2014-12-01
TNP-00457,BLC-8c5cd0596051,الإنتقال الديمقراطي,NCA-2011,unknown,2011-11-22,2014-12-01
TNP-00458,BLC-6b8bfb9b4293,كتلة حركة النهضة,NCA-2011,unknown,2011-11-22,2014-12-01
TNP-00174,BLC-6b8bfb9b4293,كتلة حركة النهضة,NCA-2011,unknown,2011-11-22,2014-12-01
TNP-00459,BLC-6b8bfb9b4293,كتلة حركة النهضة,NCA-2011,unknown,2011-11-22,2014-12-01
TNP-00460,BLC-6b8bfb9b4293,كتلة حركة النهضة,NCA-2011,unknown,2011-11-22,2014-12-01
TNP-00461,BLC-6b8bfb9b4293,كتلة حركة النهضة,NCA-2011,unknown,2011-11-22,2014-12-01
TNP-00462,BLC-87c002c3118f,كتلة حزب التكتل,NCA-2011,unknown,2011-11-22,2014-12-01
TNP-00463,BLC-8c5cd0596051,الإنتقال الديمقراطي,NCA-2011,unknown,2011-11-22,2014-12-01
TNP-00464,BLC-f60fc63efcb3,كتلة الوفاء للثورة,NCA-2011,unknown,2011-11-22,2014-12-01
TNP-00465,BLC-f60fc63efcb3,كتلة الوفاء للثورة,NCA-2011,unknown,2011-11-22,2014-12-01
TNP-00466,BLC-585aa8882397,كتلة المؤتمر من أجل الجمهورية,NCA-2011,unknown,2011-11-22,2014-12-01
TNP-00467,BLC-6b8bfb9b4293,كتلة حركة النهضة,NCA-2011,unknown,2011-11-22,2014-12-01
TNP-00468,BLC-d21009ea1fa4,غير المنتمين إلى كتل,NCA-2011,unknown,2011-11-22,2014-12-01
TNP-00469,BLC-17fd84dbafa7,الكتلة الديمقراطية,NCA-2011,unknown,2011-11-22,2014-12-01
TNP-00470,BLC-6b8bfb9b4293,كتلة حركة النهضة,NCA-2011,unknown,2011-11-22,2014-12-01
TNP-00471,BLC-6b8bfb9b4293,كتلة حركة النهضة,NCA-2011,unknown,2011-11-22,2014-12-01
TNP-00472,BLC-585aa8882397,كتلة المؤتمر من أجل الجمهورية,NCA-2011,unknown,2011-11-22,2014-12-01
TNP-00473,BLC-d21009ea1fa4,غير المنتمين إلى كتل,NCA-2011,unknown,2011-11-22,2014-12-01
TNP-00474,BLC-17fd84dbafa7,الكتلة الديمقراطية,NCA-2011,unknown,2011-11-22,2014-12-01
TNP-00475,BLC-6b8bfb9b4293,كتلة حركة النهضة,NCA-2011,unknown,2011-11-22,2014-12-01
TNP-00476,BLC-f60fc63efcb3,كتلة الوفاء للثورة,NCA-2011,unknown,2011-11-22,2014-12-01
TNP-00477,BLC-6b8bfb9b4293,كتلة حركة النهضة,NCA-2011,unknown,2011-11-22,2014-12-01
TNP-00478,BLC-585aa8882397,كتلة المؤتمر من أجل الجمهورية,NCA-2011,unknown,2011-11-22,2014-12-01
TNP-00479,BLC-d21009ea1fa4,غير المنتمين إلى كتل,NCA-2011,unknown,2011-11-22,2014-12-01
TNP-00480,BLC-d21009ea1fa4,غير المنتمين إلى كتل,NCA-2011,unknown,2011-11-22,2014-12-01
TNP-00481,BLC-d21009ea1fa4,غير المنتمين إلى كتل,NCA-2011,unknown,2011-11-22,2014-12-01
TNP-00482,BLC-d21009ea1fa4,غير المنتمين إلى كتل,NCA-2011,unknown,2011-11-22,2014-12-01
TNP-00199,BLC-6b8bfb9b4293,كتلة حركة النهضة,NCA-2011,unknown,2011-11-22,2014-12-01
TNP-00483,BLC-d21009ea1fa4,غير المنتمين إلى كتل,NCA-2011,unknown,2011-11-22,2014-12-01
TNP-00484,BLC-6b8bfb9b4293,كتلة حركة النهضة,NCA-2011,unknown,2011-11-22,2014-12-01
TNP-00485,BLC-6b8bfb9b4293,كتلة حركة النهضة,NCA-2011,unknown,2011-11-22,2014-12-01
TNP-00486,BLC-6b8bfb9b4293,كتلة حركة النهضة,NCA-2011,unknown,2011-11-22,2014-12-01
TNP-00487,BLC-17fd84dbafa7,الكتلة الديمقراطية,NCA-2011,unknown,2011-11-22,2014-12-01
TNP-00488,BLC-d21009ea1fa4,غير المنتمين إلى كتل,NCA-2011,unknown,2011-11-22,2014-12-01
TNP-00489,BLC-d21009ea1fa4,غير المنتمين إلى كتل,NCA-2011,unknown,2011-11-22,2014-12-01
TNP-00490,BLC-17fd84dbafa7,الكتلة الديمقراطية,NCA-2011,unknown,2011-11-22,2014-12-01
TNP-00491,BLC-17fd84dbafa7,الكتلة الديمقراطية,NCA-2011,unknown,2011-11-22,2014-12-01
TNP-00492,BLC-6b8bfb9b4293,كتلة حركة النهضة,NCA-2011,unknown,2011-11-22,2014-12-01
TNP-00493,BLC-d21009ea1fa4,غير المنتمين إلى كتل,NCA-2011,unknown,2011-11-22,2014-12-01
TNP-00494,BLC-6b8bfb9b4293,كتلة حركة النهضة,NCA-2011,unknown,2011-11-22,2014-12-01
TNP-00495,BLC-6b8bfb9b4293,كتلة حركة النهضة,NCA-2011,unknown,2011-11-22,2014-12-01
TNP-00496,BLC-6b8bfb9b4293,كتلة حركة النهضة,NCA-2011,unknown,2011-11-22,2014-12-01
TNP-00497,BLC-87c002c3118f,كتلة حزب التكتل,NCA-2011,unknown,2011-11-22,2014-12-01
TNP-00247,BLC-6b8bfb9b4293,كتلة حركة النهضة,NCA-2011,unknown,2011-11-22,2014-12-01
TNP-00498,BLC-f60fc63efcb3,كتلة الوفاء للثورة,NCA-2011,unknown,2011-11-22,2014-12-01
TNP-00499,BLC-585aa8882397,كتلة المؤتمر من أجل الجمهورية,NCA-2011,unknown,2011-11-22,2014-12-01
TNP-00500,BLC-6b8bfb9b4293,كتلة حركة النهضة,NCA-2011,unknown,2011-11-22,2014-12-01
TNP-00501,BLC-6b8bfb9b4293,كتلة حركة النهضة,NCA-2011,unknown,2011-11-22,2014-12-01
TNP-00502,BLC-87c002c3118f,كتلة حزب التكتل,NCA-2011,unknown,2011-11-22,2014-12-01
TNP-00503,BLC-8c5cd0596051,الإنتقال الديمقراطي,NCA-2011,unknown,2011-11-22,2014-12-01
TNP-00504,BLC-d21009ea1fa4,غير المنتمين إلى كتل,NCA-2011,unknown,2011-11-22,2014-12-01
TNP-00505,BLC-6b8bfb9b4293,كتلة حركة النهضة,NCA-2011,unknown,2011-11-22,2014-12-01
TNP-00506,BLC-17fd84dbafa7,الكتلة الديمقراطية,NCA-2011,unknown,2011-11-22,2014-12-01
TNP-00507,BLC-f60fc63efcb3,كتلة الوفاء للثورة,NCA-2011,unknown,2011-11-22,2014-12-01
TNP-00508,BLC-56ac03f7fe82,التحالف الديمقراطي,NCA-2011,unknown,2011-11-22,2014-12-01
TNP-00509,BLC-d21009ea1fa4,غير المنتمين إلى كتل,NCA-2011,unknown,2011-11-22,2014-12-01
TNP-00510,BLC-6b8bfb9b4293,كتلة حركة النهضة,NCA-2011,unknown,2011-11-22,2014-12-01
TNP-00511,BLC-56ac03f7fe82,التحالف الديمقراطي,NCA-2011,unknown,2011-11-22,2014-12-01
TNP-00512,BLC-d21009ea1fa4,غير المنتمين إلى كتل,NCA-2011,unknown,2011-11-22,2014-12-01
TNP-00513,BLC-6b8bfb9b4293,كتلة حركة النهضة,NCA-2011,unknown,2011-11-22,2014-12-01
TNP-00514,BLC-56ac03f7fe82,التحالف الديمقراطي,NCA-2011,unknown,2011-11-22,2014-12-01
TNP-00515,BLC-d21009ea1fa4,غير المنتمين إلى كتل,NCA-2011,unknown,2011-11-22,2014-12-01
TNP-00516,BLC-d21009ea1fa4,غير المنتمين إلى كتل,NCA-2011,unknown,2011-11-22,2014-12-01
TNP-00517,BLC-56ac03f7fe82,التحالف الديمقراطي,NCA-2011,unknown,2011-11-22,2014-12-01
TNP-00518,BLC-d21009ea1fa4,غير المنتمين إلى كتل,NCA-2011,unknown,2011-11-22,2014-12-01
TNP-00519,BLC-d21009ea1fa4,غير المنتمين إلى كتل,NCA-2011,unknown,2011-11-22,2014-12-01
TNP-00277,BLC-d21009ea1fa4,غير المنتمين إلى كتل,NCA-2011,unknown,2011-11-22,2014-12-01
TNP-00520,BLC-17fd84dbafa7,الكتلة الديمقراطية,NCA-2011,unknown,2011-11-22,2014-12-01
TNP-00521,BLC-d21009ea1fa4,غير المنتمين إلى كتل,NCA-2011,unknown,2011-11-22,2014-12-01
TNP-00522,BLC-d21009ea1fa4,غير المنتمين إلى كتل,NCA-2011,unknown,2011-11-22,2014-12-01
TNP-00523,BLC-6b8bfb9b4293,كتلة حركة النهضة,NCA-2011,unknown,2011-11-22,2014-12-01
TNP-00524,BLC-56ac03f7fe82,التحالف الديمقراطي,NCA-2011,unknown,2011-11-22,2014-12-01
TNP-00525,BLC-d21009ea1fa4,غير المنتمين إلى كتل,NCA-2011,unknown,2011-11-22,2014-12-01
TNP-00526,BLC-87c002c3118f,كتلة حزب التكتل,NCA-2011,unknown,2011-11-22,2014-12-01
TNP-00527,BLC-8c5cd0596051,الإنتقال الديمقراطي,NCA-2011,unknown,2011-11-22,2014-12-01
TNP-00528,BLC-6b8bfb9b4293,كتلة حركة النهضة,NCA-2011,unknown,2011-11-22,2014-12-01
TNP-00289,BLC-17fd84dbafa7,الكتلة الديمقراطية,NCA-2011,unknown,2011-11-22,2014-12-01
TNP-00529,BLC-d21009ea1fa4,غير المنتمين إلى كتل,NCA-2011,unknown,2011-11-22,2014-12-01
TNP-00530,BLC-6b8bfb9b4293,كتلة حركة النهضة,NCA-2011,unknown,2011-11-22,2014-12-01
TNP-00531,BLC-6b8bfb9b4293,كتلة حركة النهضة,NCA-2011,unknown,2011-11-22,2014-12-01
TNP-00532,BLC-6b8bfb9b4293,كتلة حركة النهضة,NCA-2011,unknown,2011-11-22,2014-12-01
TNP-00533,BLC-6b8bfb9b4293,كتلة حركة النهضة,NCA-2011,unknown,2011-11-22,2014-12-01
TNP-00534,BLC-d21009ea1fa4,غير المنتمين إلى كتل,NCA-2011,unknown,2011-11-22,2014-12-01
TNP-00535,BLC-d21009ea1fa4,غير المنتمين إلى كتل,NCA-2011,unknown,2011-11-22,2014-12-01
TNP-00301,BLC-6b8bfb9b4293,كتلة حركة النهضة,NCA-2011,unknown,2011-11-22,2014-12-01
TNP-00536,BLC-17fd84dbafa7,الكتلة الديمقراطية,NCA-2011,unknown,2011-11-22,2014-12-01
TNP-00537,BLC-6b8bfb9b4293,كتلة حركة النهضة,NCA-2011,unknown,2011-11-22,2014-12-01
TNP-00538,BLC-6b8bfb9b4293,كتلة حركة النهضة,NCA-2011,unknown,2011-11-22,2014-12-01
TNP-00539,BLC-56ac03f7fe82,التحالف الديمقراطي,NCA-2011,unknown,2011-11-22,2014-12-01
TNP-00540,BLC-6b8bfb9b4293,كتلة حركة النهضة,NCA-2011,unknown,2011-11-22,2014-12-01
TNP-00541,BLC-6b8bfb9b4293,كتلة حركة النهضة,NCA-2011,unknown,2011-11-22,2014-12-01
TNP-00542,BLC-f60fc63efcb3,كتلة الوفاء للثورة,NCA-2011,unknown,2011-11-22,2014-12-01
TNP-00543,BLC-17fd84dbafa7,الكتلة الديمقراطية,NCA-2011,unknown,2011-11-22,2014-12-01
TNP-00544,BLC-8c5cd0596051,الإنتقال الديمقراطي,NCA-2011,unknown,2011-11-22,2014-12-01
TNP-00545,BLC-585aa8882397,كتلة المؤتمر من أجل الجمهورية,NCA-2011,unknown,2011-11-22,2014-12-01
TNP-00546,BLC-6b8bfb9b4293,كتلة حركة النهضة,NCA-2011,unknown,2011-11-22,2014-12-01
TNP-00547,BLC-6b8bfb9b4293,كتلة حركة النهضة,NCA-2011,unknown,2011-11-22,2014-12-01
TNP-00548,BLC-6b8bfb9b4293,كتلة حركة النهضة,NCA-2011,unknown,2011-11-22,2014-12-01
TNP-00007,BLC-d21009ea1fa4,غير المنتمين إلى كتل,NCA-2011,unknown,2011-11-22,2014-12-01
TNP-00549,BLC-585aa8882397,كتلة المؤتمر من أجل الجمهورية,NCA-2011,unknown,2011-11-22,2014-12-01
TNP-00550,BLC-585aa8882397,كتلة المؤتمر من أجل الجمهورية,NCA-2011,unknown,2011-11-22,2014-12-01
TNP-00551,BLC-d21009ea1fa4,غير المنتمين إلى كتل,NCA-2011,unknown,2011-11-22,2014-12-01
TNP-00357,BLC-6b8bfb9b4293,كتلة حركة النهضة,NCA-2011,unknown,2011-11-22,2014-12-01
TNP-00332,BLC-585aa8882397,كتلة المؤتمر من أجل الجمهورية,NCA-2011,unknown,2011-11-22,2014-12-01
TNP-00552,BLC-6b8bfb9b4293,كتلة حركة النهضة,NCA-2011,unknown,2011-11-22,2014-12-01
TNP-00553,BLC-6b8bfb9b4293,كتلة حركة النهضة,NCA-2011,unknown,2011-11-22,2014-12-01
TNP-00554,BLC-8c5cd0596051,الإنتقال الديمقراطي,NCA-2011,unknown,2011-11-22,2014-12-01
TNP-00555,BLC-6b8bfb9b4293,كتلة حركة النهضة,NCA-2011,unknown,2011-11-22,2014-12-01
TNP-00556,BLC-6b8bfb9b4293,كتلة حركة النهضة,NCA-2011,unknown,2011-11-22,2014-12-01
TNP-00557,BLC-585aa8882397,كتلة المؤتمر من أجل الجمهورية,NCA-2011,unknown,2011-11-22,2014-12-01
TNP-00558,BLC-585aa8882397,كتلة المؤتمر من أجل الجمهورية,NCA-2011,unknown,2011-11-22,2014-12-01
TNP-00559,BLC-6b8bfb9b4293,كتلة حركة النهضة,NCA-2011,unknown,2011-11-22,2014-12-01
TNP-00560,BLC-6b8bfb9b4293,كتلة حركة النهضة,NCA-2011,unknown,2011-11-22,2014-12-01
TNP-00561,BLC-d21009ea1fa4,غير المنتمين إلى كتل,NCA-2011,unknown,2011-11-22,2014-12-01
TNP-00562,BLC-87c002c3118f,كتلة حزب التكتل,NCA-2011,unknown,2011-11-22,2014-12-01
TNP-00563,BLC-6b8bfb9b4293,كتلة حركة النهضة,NCA-2011,unknown,2011-11-22,2014-12-01
TNP-00564,BLC-87c002c3118f,كتلة حزب التكتل,NCA-2011,unknown,2011-11-22,2014-12-01
TNP-00565,BLC-d21009ea1fa4,غير المنتمين إلى كتل,NCA-2011,unknown,2011-11-22,2014-12-01
TNP-00566,BLC-d21009ea1fa4,غير المنتمين إلى كتل,NCA-2011,unknown,2011-11-22,2014-12-01
TNP-00285,BLC-6b8bfb9b4293,كتلة حركة النهضة,NCA-2011,unknown,2011-11-22,2014-12-01
TNP-00567,BLC-17fd84dbafa7,الكتلة الديمقراطية,NCA-2011,unknown,2011-11-22,2014-12-01
TNP-00568,BLC-87c002c3118f,كتلة حزب التكتل,NCA-2011,unknown,2011-11-22,2014-12-01
TNP-00790,BLC-b8bc88af5d92,حركة نداء تونس,ARP-2014,unknown,2015-03-06,2016-02-08
TNP-00790,BLC-b62977f0e44d,الكتلة الحرّة,ARP-2014,unknown,2016-02-08,2016-12-13
TNP-00790,BLC-8b5102d2fd97,كتلة الحرّة لحركة مشروع تونس,ARP-2014,unknown,2016-12-13,2017-12-30
TNP-00468,BLC-b8bc88af5d92,حركة نداء تونس,ARP-2014,unknown,2015-03-06,2016-12-13
TNP-00468,BLC-d44a7a7102c2,غير المنتمين,ARP-2014,unknown,2016-12-13,2019-05-08
TNP-00468,BLC-b8bc88af5d92,حركة نداء تونس,ARP-2014,unknown,2019-05-08,2019-10-05
TNP-00791,BLC-889c30eade24,حركة النهضة,ARP-2014,unknown,2015-03-06,2019-10-05
TNP-00792,BLC-2593809b7dc2,الإتحاد الوطني الحر,ARP-2014,unknown,2015-03-06,2018-10-12
TNP-00792,BLC-66eb1e512f8a,الائتلاف الوطني,ARP-2014,unknown,2018-10-12,2019-05-08
TNP-00792,BLC-d44a7a7102c2,غير المنتمين,ARP-2014,unknown,2019-05-08,2019-10-05
TNP-00793,BLC-889c30eade24,حركة النهضة,ARP-2014,unknown,2015-03-06,2019-10-05
TNP-00794,BLC-1eb74c1905cc,الجبهة الشعبية,ARP-2014,unknown,2015-03-06,2019-10-05
TNP-00795,BLC-d44a7a7102c2,غير المنتمين,ARP-2014,unknown,2017-05-29,2018-10-12
TNP-00795,BLC-92c2c402d566,كتلة الولاء للوطن,ARP-2014,unknown,2018-10-12,2019-10-05
TNP-00796,BLC-b8bc88af5d92,حركة نداء تونس,ARP-2014,unknown,2015-03-06,2017-07-05
TNP-00796,BLC-d44a7a7102c2,غير المنتمين,ARP-2014,unknown,2017-07-05,2018-10-12
TNP-00796,BLC-92c2c402d566,كتلة الولاء للوطن,ARP-2014,unknown,2018-10-12,2019-10-05
TNP-00797,BLC-2593809b7dc2,الإتحاد الوطني الحر,ARP-2014,unknown,2015-03-06,2018-10-12
TNP-00797,BLC-66eb1e512f8a,الائتلاف الوطني,ARP-2014,unknown,2018-10-12,2019-05-08
TNP-00797,BLC-b8bc88af5d92,حركة نداء تونس,ARP-2014,unknown,2019-05-08,2019-10-05
TNP-00798,BLC-b8bc88af5d92,حركة نداء تونس,ARP-2014,unknown,2015-03-06,2016-02-08
TNP-00798,BLC-b62977f0e44d,الكتلة الحرّة,ARP-2014,unknown,2016-02-08,2016-12-13
TNP-00798,BLC-8b5102d2fd97,كتلة الحرّة لحركة مشروع تونس,ARP-2014,unknown,2016-12-13,2018-10-12
TNP-00799,BLC-b8bc88af5d92,حركة نداء تونس,ARP-2014,unknown,2015-03-06,2016-02-08
TNP-00799,BLC-b62977f0e44d,الكتلة الحرّة,ARP-2014,unknown,2016-02-08,2016-12-13
TNP-00799,BLC-8b5102d2fd97,كتلة الحرّة لحركة مشروع تونس,ARP-2014,unknown,2016-12-13,2017-12-30
TNP-00799,BLC-d44a7a7102c2,غير المنتمين,ARP-2014,unknown,2017-12-30,2018-10-12
TNP-00799,BLC-66eb1e512f8a,الائتلاف الوطني,ARP-2014,unknown,2018-10-12,2019-10-05
TNP-00800,BLC-d44a7a7102c2,غير المنتمين,ARP-2014,unknown,2015-03-06,2019-10-05
TNP-00801,BLC-b8bc88af5d92,حركة نداء تونس,ARP-2014,unknown,2015-03-06,2018-10-12
TNP-00801,BLC-66eb1e512f8a,الائتلاف الوطني,ARP-2014,unknown,2018-10-12,2019-10-05
TNP-00163,BLC-592be052778e,الكتلة الإجتماعية الديمقراطية,ARP-2014,unknown,2015-03-06,2016-11-19
TNP-00163,BLC-de77eb4f8164,الكتلة الديمقراطية,ARP-2014,unknown,2016-11-19,2017-12-30
TNP-00163,BLC-d44a7a7102c2,غير المنتمين,ARP-2014,unknown,2017-12-30,2018-10-12
TNP-00163,BLC-92c2c402d566,كتلة الولاء للوطن,ARP-2014,unknown,2018-10-12,2019-10-05
TNP-00802,BLC-889c30eade24,حركة النهضة,ARP-2014,unknown,2015-03-06,2019-10-05
TNP-00369,BLC-889c30eade24,حركة النهضة,ARP-2014,unknown,2015-03-06,2019-10-05
TNP-00803,BLC-592be052778e,الكتلة الإجتماعية الديمقراطية,ARP-2014,unknown,2015-03-06,2016-07-15
TNP-00803,BLC-d44a7a7102c2,غير المنتمين,ARP-2014,unknown,2016-07-15,2016-08-15
TNP-00803,BLC-b8bc88af5d92,حركة نداء تونس,ARP-2014,unknown,2016-08-15,2018-10-12
TNP-00803,BLC-66eb1e512f8a,الائتلاف الوطني,ARP-2014,unknown,2018-10-12,2019-10-05
TNP-00804,BLC-1eb74c1905cc,الجبهة الشعبية,ARP-2014,unknown,2015-03-06,2019-10-05
TNP-00805,BLC-2593809b7dc2,الإتحاد الوطني الحر,ARP-2014,unknown,2015-03-06,2016-05-14
TNP-00805,BLC-d44a7a7102c2,غير المنتمين,ARP-2014,unknown,2016-05-14,2016-07-15
TNP-00805,BLC-b8bc88af5d92,حركة نداء تونس,ARP-2014,unknown,2016-07-15,2017-04-28
TNP-00805,BLC-d44a7a7102c2,غير المنتمين,ARP-2014,unknown,2017-04-28,2017-12-30
TNP-00805,BLC-2593809b7dc2,الإتحاد الوطني الحر,ARP-2014,unknown,2017-12-30,2018-10-12
TNP-00805,BLC-66eb1e512f8a,الائتلاف الوطني,ARP-2014,unknown,2018-10-12,2019-05-08
TNP-00805,BLC-d44a7a7102c2,غير المنتمين,ARP-2014,unknown,2019-05-08,2019-10-05
TNP-00806,BLC-b8bc88af5d92,حركة نداء تونس,ARP-2014,unknown,2015-03-06,2019-10-05
TNP-00807,BLC-e3aba10fae18,آفاق تونس,ARP-2014,unknown,2015-03-06,2016-02-08
TNP-00807,BLC-c1c18f25656f,آفاق تونس والحركة الوطنية ونداء التونسيين بالخارج,ARP-2014,unknown,2016-02-08,2017-04-28
TNP-00807,BLC-8e101f3e5c9d,آفاق تونس ونداء التونسيين بالخارج,ARP-2014,unknown,2017-04-28,2018-10-12
TNP-00807,BLC-66eb1e512f8a,الائتلاف الوطني,ARP-2014,unknown,2018-10-12,2019-10-05
TNP-00808,BLC-889c30eade24,حركة النهضة,ARP-2014,unknown,2015-03-06,2019-10-05
TNP-00809,BLC-889c30eade24,حركة النهضة,ARP-2014,unknown,2015-03-06,2019-10-05
TNP-00174,BLC-889c30eade24,حركة النهضة,ARP-2014,unknown,2015-03-06,2019-10-05
TNP-00810,BLC-b8bc88af5d92,حركة نداء تونس,ARP-2014,unknown,2017-12-30,2019-10-05
TNP-00811,BLC-1eb74c1905cc,الجبهة الشعبية,ARP-2014,unknown,2015-03-06,2019-10-05
TNP-00178,BLC-889c30eade24,حركة النهضة,ARP-2014,unknown,2015-03-06,2019-10-05
TNP-00812,BLC-b8bc88af5d92,حركة نداء تونس,ARP-2014,unknown,2015-03-06,2019-10-05
TNP-00813,BLC-1eb74c1905cc,الجبهة الشعبية,ARP-2014,unknown,2015-03-06,2019-10-05
TNP-00814,BLC-889c30eade24,حركة النهضة,ARP-2014,unknown,2015-03-06,2019-10-05
TNP-00404,BLC-889c30eade24,حركة النهضة,ARP-2014,unknown,2015-03-06,2018-10-12
TNP-00815,BLC-b8bc88af5d92,حركة نداء تونس,ARP-2014,unknown,2015-03-06,2019-05-08
TNP-00815,BLC-a26d44c82424,الائتلاف الوطني,ARP-2014,unknown,2019-05-08,2019-10-05
TNP-00816,BLC-889c30eade24,حركة النهضة,ARP-2014,unknown,2015-03-06,2019-10-05
TNP-00183,BLC-889c30eade24,حركة النهضة,ARP-2014,unknown,2015-03-06,2019-10-05
TNP-00817,BLC-b8bc88af5d92,حركة نداء تونس,ARP-2014,unknown,2015-03-06,2019-05-08
TNP-00817,BLC-8b5102d2fd97,كتلة الحرّة لحركة مشروع تونس,ARP-2014,unknown,2019-05-08,2019-10-05
TNP-00818,BLC-b8bc88af5d92,حركة نداء تونس,ARP-2014,unknown,2015-03-06,2016-04-12
TNP-00818,BLC-b62977f0e44d,الكتلة الحرّة,ARP-2014,unknown,2016-04-12,2016-12-13
TNP-00818,BLC-8b5102d2fd97,كتلة الحرّة لحركة مشروع تونس,ARP-2014,unknown,2016-12-13,2017-04-28
TNP-00818,BLC-d44a7a7102c2,غير المنتمين,ARP-2014,unknown,2017-04-28,2017-05-29
TNP-00818,BLC-652eee77ed87,الكتلة الوطنية,ARP-2014,unknown,2017-05-29,2018-10-12
TNP-00818,BLC-66eb1e512f8a,الائتلاف الوطني,ARP-2014,unknown,2018-10-12,2019-10-05
TNP-00820,BLC-b8bc88af5d92,حركة نداء تونس,ARP-2014,unknown,2015-03-06,2016-04-12
TNP-00820,BLC-b62977f0e44d,الكتلة الحرّة,ARP-2014,unknown,2016-04-12,2016-12-13
TNP-00820,BLC-8b5102d2fd97,كتلة الحرّة لحركة مشروع تونس,ARP-2014,unknown,2016-12-13,2019-10-05
TNP-00821,BLC-1eb74c1905cc,الجبهة الشعبية,ARP-2014,unknown,2015-03-06,2019-10-05
TNP-00822,BLC-889c30eade24,حركة النهضة,ARP-2014,unknown,2015-03-06,2019-10-05
TNP-00823,BLC-b8bc88af5d92,حركة نداء تونس,ARP-2014,unknown,2015-03-06,2019-10-05
TNP-00824,BLC-b8bc88af5d92,حركة نداء تونس,ARP-2014,unknown,2015-03-06,2019-10-05
TNP-00422,BLC-889c30eade24,حركة النهضة,ARP-2014,unknown,2015-03-06,2019-10-05
TNP-00825,BLC-2593809b7dc2,الإتحاد الوطني الحر,ARP-2014,unknown,2015-03-06,2018-10-12
TNP-00825,BLC-66eb1e512f8a,الائتلاف الوطني,ARP-2014,unknown,2018-10-12,2019-05-08
TNP-00825,BLC-d44a7a7102c2,غير المنتمين,ARP-2014,unknown,2019-05-08,2019-10-05
TNP-00826,BLC-b8bc88af5d92,حركة نداء تونس,ARP-2014,unknown,2015-03-06,2019-10-05
TNP-00191,BLC-889c30eade24,حركة النهضة,ARP-2014,unknown,2015-03-06,2019-10-05
TNP-00827,BLC-2593809b7dc2,الإتحاد الوطني الحر,ARP-2014,unknown,2015-03-06,2018-10-12
TNP-00827,BLC-66eb1e512f8a,الائتلاف الوطني,ARP-2014,unknown,2018-10-12,2019-05-08
TNP-00827,BLC-d44a7a7102c2,غير المنتمين,ARP-2014,unknown,2019-05-08,2019-10-05
TNP-00828,BLC-d44a7a7102c2,غير المنتمين,ARP-2014,unknown,2016-10-17,2017-07-05
TNP-00199,BLC-889c30eade24,حركة النهضة,ARP-2014,unknown,2015-03-06,2019-10-05
TNP-00829,BLC-1eb74c1905cc,الجبهة الشعبية,ARP-2014,unknown,2015-03-06,2019-10-05
TNP-00058,BLC-b8bc88af5d92,حركة نداء تونس,ARP-2014,unknown,2015-03-06,2016-02-08
TNP-00058,BLC-b62977f0e44d,الكتلة الحرّة,ARP-2014,unknown,2016-02-08,2016-05-14
TNP-00058,BLC-d44a7a7102c2,غير المنتمين,ARP-2014,unknown,2016-05-14,2016-08-15
TNP-00058,BLC-b8bc88af5d92,حركة نداء تونس,ARP-2014,unknown,2016-08-15,2019-10-05
TNP-00830,BLC-b8bc88af5d92,حركة نداء تونس,ARP-2014,unknown,2015-03-06,2019-10-05
TNP-00203,BLC-592be052778e,الكتلة الإجتماعية الديمقراطية,ARP-2014,unknown,2015-03-06,2016-11-19
TNP-00203,BLC-d44a7a7102c2,غير المنتمين,ARP-2014,unknown,2016-11-19,2019-10-05
TNP-00204,BLC-889c30eade24,حركة النهضة,ARP-2014,unknown,2015-03-06,2019-10-05
TNP-00831,BLC-d44a7a7102c2,غير المنتمين,ARP-2014,unknown,2015-03-06,2016-11-19
TNP-00831,BLC-de77eb4f8164,الكتلة الديمقراطية,ARP-2014,unknown,2016-11-19,2019-10-05
TNP-00383,BLC-889c30eade24,حركة النهضة,ARP-2014,unknown,2015-03-06,2019-10-05
TNP-00208,BLC-e3aba10fae18,آفاق تونس,ARP-2014,unknown,2015-03-06,2016-02-08
TNP-00208,BLC-c1c18f25656f,آفاق تونس والحركة الوطنية ونداء التونسيين بالخارج,ARP-2014,unknown,2016-02-08,2017-04-28
TNP-00208,BLC-8e101f3e5c9d,آفاق تونس ونداء التونسيين بالخارج,ARP-2014,unknown,2017-04-28,2018-10-12
TNP-00208,BLC-66eb1e512f8a,الائتلاف الوطني,ARP-2014,unknown,2018-10-12,2019-10-05
TNP-00832,BLC-889c30eade24,حركة النهضة,ARP-2014,unknown,2019-05-08,2019-10-05
TNP-00833,BLC-b8bc88af5d92,حركة نداء تونس,ARP-2014,unknown,2015-03-06,2015-07-21
TNP-00212,BLC-b8bc88af5d92,حركة نداء تونس,ARP-2014,unknown,2015-03-06,2016-04-12
TNP-00212,BLC-b62977f0e44d,الكتلة الحرّة,ARP-2014,unknown,2016-04-12,2016-12-13
TNP-00212,BLC-8b5102d2fd97,كتلة الحرّة لحركة مشروع تونس,ARP-2014,unknown,2016-12-13,2019-10-05
TNP-00834,BLC-b8bc88af5d92,حركة نداء تونس,ARP-2014,unknown,2015-03-06,2017-07-05
TNP-00835,BLC-b8bc88af5d92,حركة نداء تونس,ARP-2014,unknown,2015-03-06,2016-09-16
TNP-00835,BLC-d44a7a7102c2,غير المنتمين,ARP-2014,unknown,2016-09-16,2016-09-16
TNP-00217,BLC-889c30eade24,حركة النهضة,ARP-2014,unknown,2015-03-06,2019-10-05
TNP-00836,BLC-1eb74c1905cc,الجبهة الشعبية,ARP-2014,unknown,2015-03-06,2019-10-05
TNP-00394,BLC-889c30eade24,حركة النهضة,ARP-2014,unknown,2015-03-06,2019-10-05
TNP-00837,BLC-889c30eade24,حركة النهضة,ARP-2014,unknown,2015-03-06,2019-10-05
TNP-00838,BLC-c1c18f25656f,آفاق تونس والحركة الوطنية ونداء التونسيين بالخارج,ARP-2014,unknown,2016-10-17,2017-04-28
TNP-00838,BLC-8e101f3e5c9d,آفاق تونس ونداء التونسيين بالخارج,ARP-2014,unknown,2017-04-28,2018-10-12
TNP-00838,BLC-66eb1e512f8a,الائتلاف الوطني,ARP-2014,unknown,2018-10-12,2019-10-05
TNP-00221,BLC-889c30eade24,حركة النهضة,ARP-2014,unknown,2015-03-06,2019-10-05
TNP-00839,BLC-b8bc88af5d92,حركة نداء تونس,ARP-2014,unknown,2015-03-06,2016-02-08
TNP-00839,BLC-b62977f0e44d,الكتلة الحرّة,ARP-2014,unknown,2016-02-08,2016-12-13
TNP-00839,BLC-8b5102d2fd97,كتلة الحرّة لحركة مشروع تونس,ARP-2014,unknown,2016-12-13,2019-10-05
TNP-00548,BLC-889c30eade24,حركة النهضة,ARP-2014,unknown,2015-03-06,2019-10-05
TNP-00840,BLC-b8bc88af5d92,حركة نداء تونس,ARP-2014,unknown,2015-03-06,2019-05-08
TNP-00840,BLC-a26d44c82424,الائتلاف الوطني,ARP-2014,unknown,2019-05-08,2019-10-05
TNP-00841,BLC-592be052778e,الكتلة الإجتماعية الديمقراطية,ARP-2014,unknown,2015-03-06,2016-11-19
TNP-00841,BLC-de77eb4f8164,الكتلة الديمقراطية,ARP-2014,unknown,2016-11-19,2017-12-30
TNP-00841,BLC-d44a7a7102c2,غير المنتمين,ARP-2014,unknown,2017-12-30,2018-10-12
TNP-00841,BLC-92c2c402d566,كتلة الولاء للوطن,ARP-2014,unknown,2018-10-12,2019-10-05
TNP-00842,BLC-889c30eade24,حركة النهضة,ARP-2014,unknown,2015-03-06,2019-10-05
TNP-00843,BLC-b8bc88af5d92,حركة نداء تونس,ARP-2014,unknown,2015-03-06,2016-02-08
TNP-00843,BLC-b62977f0e44d,الكتلة الحرّة,ARP-2014,unknown,2016-02-08,2016-12-13
TNP-00843,BLC-8b5102d2fd97,كتلة الحرّة لحركة مشروع تونس,ARP-2014,unknown,2016-12-13,2018-10-12
TNP-00843,BLC-66eb1e512f8a,الائتلاف الوطني,ARP-2014,unknown,2018-10-12,2019-10-05
TNP-00844,BLC-b8bc88af5d92,حركة نداء تونس,ARP-2014,unknown,2015-03-06,2019-10-05
TNP-00845,BLC-b8bc88af5d92,حركة نداء تونس,ARP-2014,unknown,2015-03-06,2019-10-05
TNP-00846,BLC-b8bc88af5d92,حركة نداء تونس,ARP-2014,unknown,2015-03-06,2019-10-05
TNP-00847,BLC-889c30eade24,حركة النهضة,ARP-2014,unknown,2015-03-06,2019-10-05
TNP-00848,BLC-d44a7a7102c2,غير المنتمين,ARP-2014,unknown,2015-03-06,2016-11-19
TNP-00848,BLC-de77eb4f8164,الكتلة الديمقراطية,ARP-2014,unknown,2016-11-19,2019-10-05
TNP-00227,BLC-b8bc88af5d92,حركة نداء تونس,ARP-2014,unknown,2015-03-06,2019-10-05
TNP-00849,BLC-b8bc88af5d92,حركة نداء تونس,ARP-2014,unknown,2015-03-06,2019-05-08
TNP-00849,BLC-a26d44c82424,الائتلاف الوطني,ARP-2014,unknown,2019-05-08,2019-10-05
TNP-00850,BLC-b8bc88af5d92,حركة نداء تونس,ARP-2014,unknown,2015-03-06,2019-05-08
TNP-00850,BLC-a26d44c82424,الائتلاف الوطني,ARP-2014,unknown,2019-05-08,2019-10-05
TNP-00851,BLC-d44a7a7102c2,غير المنتمين,ARP-2014,unknown,2015-03-06,2016-11-19
TNP-00851,BLC-de77eb4f8164,الكتلة الديمقراطية,ARP-2014,unknown,2016-11-19,2019-10-05
TNP-00228,BLC-889c30eade24,حركة النهضة,ARP-2014,unknown,2015-03-06,2019-10-05
TNP-00065,BLC-b8bc88af5d92,حركة نداء تونس,ARP-2014,unknown,2015-03-06,2019-10-05
TNP-00401,BLC-889c30eade24,حركة النهضة,ARP-2014,unknown,2015-03-06,2019-10-05
TNP-00852,BLC-b8bc88af5d92,حركة نداء تونس,ARP-2014,unknown,2015-03-06,2018-10-12
TNP-00852,BLC-66eb1e512f8a,الائتلاف الوطني,ARP-2014,unknown,2018-10-12,2019-10-05
TNP-00853,BLC-b8bc88af5d92,حركة نداء تونس,ARP-2014,unknown,2015-03-06,2017-07-05
TNP-00853,BLC-d44a7a7102c2,غير المنتمين,ARP-2014,unknown,2017-07-05,2017-12-30
TNP-00853,BLC-b8bc88af5d92,حركة نداء تونس,ARP-2014,unknown,2017-12-30,2018-10-12
TNP-00853,BLC-66eb1e512f8a,الائتلاف الوطني,ARP-2014,unknown,2018-10-12,2019-10-05
TNP-00854,BLC-592be052778e,الكتلة الإجتماعية الديمقراطية,ARP-2014,unknown,2015-03-06,2016-10-17
TNP-00854,BLC-d44a7a7102c2,غير المنتمين,ARP-2014,unknown,2016-10-17,2016-10-17
TNP-00235,BLC-889c30eade24,حركة النهضة,ARP-2014,unknown,2015-03-06,2019-10-05
TNP-00236,BLC-889c30eade24,حركة النهضة,ARP-2014,unknown,2015-03-06,2019-10-05
TNP-00855,BLC-b8bc88af5d92,حركة نداء تونس,ARP-2014,unknown,2015-03-06,2019-05-08
TNP-00855,BLC-a26d44c82424,الائتلاف الوطني,ARP-2014,unknown,2019-05-08,2019-10-05
TNP-00856,BLC-8b5102d2fd97,كتلة الحرّة لحركة مشروع تونس,ARP-2014,unknown,2019-05-08,2019-10-05
TNP-00857,BLC-1eb74c1905cc,الجبهة الشعبية,ARP-2014,unknown,2015-03-06,2019-10-05
TNP-00492,BLC-889c30eade24,حركة النهضة,ARP-2014,unknown,2015-03-06,2019-10-05
TNP-00858,BLC-b8bc88af5d92,حركة نداء تونس,ARP-2014,unknown,2015-03-06,2019-10-05
TNP-00859,BLC-2593809b7dc2,الإتحاد الوطني الحر,ARP-2014,unknown,2015-03-06,2018-10-12
TNP-00859,BLC-66eb1e512f8a,الائتلاف الوطني,ARP-2014,unknown,2018-10-12,2019-05-08
TNP-00859,BLC-d44a7a7102c2,غير المنتمين,ARP-2014,unknown,2019-05-08,2019-10-05
TNP-00860,BLC-e3aba10fae18,آفاق تونس,ARP-2014,unknown,2015-03-06,2016-02-08
TNP-00860,BLC-c1c18f25656f,آفاق تونس والحركة الوطنية ونداء التونسيين بالخارج,ARP-2014,unknown,2016-02-08,2017-04-28
TNP-00860,BLC-8e101f3e5c9d,آفاق تونس ونداء التونسيين بالخارج,ARP-2014,unknown,2017-04-28,2018-10-12
TNP-00860,BLC-66eb1e512f8a,الائتلاف الوطني,ARP-2014,unknown,2018-10-12,2019-10-05
TNP-00861,BLC-889c30eade24,حركة النهضة,ARP-2014,unknown,2016-10-17,2019-10-05
TNP-00862,BLC-b8bc88af5d92,حركة نداء تونس,ARP-2014,unknown,2015-03-06,2016-09-16
TNP-00862,BLC-d44a7a7102c2,غير المنتمين,ARP-2014,unknown,2016-09-16,2016-09-16
TNP-00863,BLC-b8bc88af5d92,حركة نداء تونس,ARP-2014,unknown,2015-03-06,2016-02-08
TNP-00863,BLC-b62977f0e44d,الكتلة الحرّة,ARP-2014,unknown,2016-02-08,2016-12-13
TNP-00863,BLC-8b5102d2fd97,كتلة الحرّة لحركة مشروع تونس,ARP-2014,unknown,2016-12-13,2019-10-05
TNP-00864,BLC-b8bc88af5d92,حركة نداء تونس,ARP-2014,unknown,2015-03-06,2017-07-05
TNP-00864,BLC-d44a7a7102c2,غير المنتمين,ARP-2014,unknown,2017-07-05,2018-10-12
TNP-00864,BLC-92c2c402d566,كتلة الولاء للوطن,ARP-2014,unknown,2018-10-12,2019-10-05
TNP-00865,BLC-889c30eade24,حركة النهضة,ARP-2014,unknown,2015-03-06,2019-10-05
TNP-00866,BLC-889c30eade24,حركة النهضة,ARP-2014,unknown,2015-03-06,2019-10-05
TNP-00867,BLC-d44a7a7102c2,غير المنتمين,ARP-2014,unknown,2016-10-17,2016-11-19
TNP-00867,BLC-b8bc88af5d92,حركة نداء تونس,ARP-2014,unknown,2016-11-19,2018-10-12
TNP-00867,BLC-66eb1e512f8a,الائتلاف الوطني,ARP-2014,unknown,2018-10-12,2019-10-05
TNP-00868,BLC-b8bc88af5d92,حركة نداء تونس,ARP-2014,unknown,2015-03-06,2019-10-05
TNP-00869,BLC-b8bc88af5d92,حركة نداء تونس,ARP-2014,unknown,2015-03-06,2019-10-05
TNP-00247,BLC-889c30eade24,حركة النهضة,ARP-2014,unknown,2015-03-06,2019-10-05
TNP-00870,BLC-8b5102d2fd97,كتلة الحرّة لحركة مشروع تونس,ARP-2014,unknown,2017-12-30,2018-10-12
TNP-00870,BLC-66eb1e512f8a,الائتلاف الوطني,ARP-2014,unknown,2018-10-12,2019-10-05
TNP-00871,BLC-b8bc88af5d92,حركة نداء تونس,ARP-2014,unknown,2015-03-06,2017-05-29
TNP-00871,BLC-d44a7a7102c2,غير المنتمين,ARP-2014,unknown,2017-05-29,2017-07-05
TNP-00871,BLC-8b5102d2fd97,كتلة الحرّة لحركة مشروع تونس,ARP-2014,unknown,2017-07-05,2017-07-05
TNP-00872,BLC-b8bc88af5d92,حركة نداء تونس,ARP-2014,unknown,2015-03-06,2016-04-12
TNP-00872,BLC-b62977f0e44d,الكتلة الحرّة,ARP-2014,unknown,2016-04-12,2016-12-13
TNP-00872,BLC-8b5102d2fd97,كتلة الحرّة لحركة مشروع تونس,ARP-2014,unknown,2016-12-13,2017-04-28
TNP-00872,BLC-d44a7a7102c2,غير المنتمين,ARP-2014,unknown,2017-04-28,2017-05-29
TNP-00872,BLC-652eee77ed87,الكتلة الوطنية,ARP-2014,unknown,2017-05-29,2018-10-12
TNP-00872,BLC-66eb1e512f8a,الائتلاف الوطني,ARP-2014,unknown,2018-10-12,2019-10-05
TNP-00873,BLC-889c30eade24,حركة النهضة,ARP-2014,unknown,2015-03-06,2019-10-05
TNP-00874,BLC-b8bc88af5d92,حركة نداء تونس,ARP-2014,unknown,2015-03-06,2017-04-28
TNP-00874,BLC-d44a7a7102c2,غير المنتمين,ARP-2014,unknown,2017-04-28,2017-05-29
TNP-00874,BLC-652eee77ed87,الكتلة الوطنية,ARP-2014,unknown,2017-05-29,2018-10-12
TNP-00874,BLC-66eb1e512f8a,الائتلاف الوطني,ARP-2014,unknown,2018-10-12,2019-10-05
TNP-00875,BLC-b8bc88af5d92,حركة نداء تونس,ARP-2014,unknown,2015-03-06,2016-02-08
TNP-00875,BLC-b62977f0e44d,الكتلة الحرّة,ARP-2014,unknown,2016-02-08,2016-12-13
TNP-00875,BLC-8b5102d2fd97,كتلة الحرّة لحركة مشروع تونس,ARP-2014,unknown,2016-12-13,2019-10-05
TNP-00876,BLC-e3aba10fae18,آفاق تونس,ARP-2014,unknown,2015-03-06,2016-02-08
TNP-00876,BLC-c1c18f25656f,آفاق تونس والحركة الوطنية ونداء التونسيين بالخارج,ARP-2014,unknown,2016-02-08,2017-04-28
TNP-00876,BLC-8e101f3e5c9d,آفاق تونس ونداء التونسيين بالخارج,ARP-2014,unknown,2017-04-28,2018-10-12
TNP-00876,BLC-66eb1e512f8a,الائتلاف الوطني,ARP-2014,unknown,2018-10-12,2019-10-05
TNP-00251,BLC-592be052778e,الكتلة الإجتماعية الديمقراطية,ARP-2014,unknown,2015-03-06,2016-07-15
TNP-00251,BLC-d44a7a7102c2,غير المنتمين,ARP-2014,unknown,2016-07-15,2016-08-15
TNP-00251,BLC-b8bc88af5d92,حركة نداء تونس,ARP-2014,unknown,2016-08-15,2018-10-12
TNP-00251,BLC-66eb1e512f8a,الائتلاف الوطني,ARP-2014,unknown,2018-10-12,2019-10-05
TNP-00877,BLC-b8bc88af5d92,حركة نداء تونس,ARP-2014,unknown,2015-03-06,2019-05-08
TNP-00877,BLC-a26d44c82424,الائتلاف الوطني,ARP-2014,unknown,2019-05-08,2019-10-05
TNP-00498,BLC-d44a7a7102c2,غير المنتمين,ARP-2014,unknown,2015-03-06,2016-11-19
TNP-00498,BLC-de77eb4f8164,الكتلة الديمقراطية,ARP-2014,unknown,2016-11-19,2019-10-05
TNP-00254,BLC-889c30eade24,حركة النهضة,ARP-2014,unknown,2015-03-06,2019-10-05
TNP-00255,BLC-889c30eade24,حركة النهضة,ARP-2014,unknown,2015-03-06,2019-10-05
TNP-00523,BLC-889c30eade24,حركة النهضة,ARP-2014,unknown,2015-03-06,2019-10-05
TNP-00878,BLC-2593809b7dc2,الإتحاد الوطني الحر,ARP-2014,unknown,2015-03-06,2018-10-12
TNP-00878,BLC-66eb1e512f8a,الائتلاف الوطني,ARP-2014,unknown,2018-10-12,2019-05-08
TNP-00878,BLC-d44a7a7102c2,غير المنتمين,ARP-2014,unknown,2019-05-08,2019-10-05
TNP-00879,BLC-66eb1e512f8a,الائتلاف الوطني,ARP-2014,unknown,2018-10-12,2019-10-05
TNP-00262,BLC-8b5102d2fd97,كتلة الحرّة لحركة مشروع تونس,ARP-2014,unknown,2017-12-30,2018-10-12
TNP-00262,BLC-66eb1e512f8a,الائتلاف الوطني,ARP-2014,unknown,2018-10-12,2019-10-05
TNP-00880,BLC-b8bc88af5d92,حركة نداء تونس,ARP-2014,unknown,2016-03-10,2016-04-12
TNP-00880,BLC-b62977f0e44d,الكتلة الحرّة,ARP-2014,unknown,2016-04-12,2016-12-13
TNP-00880,BLC-8b5102d2fd97,كتلة الحرّة لحركة مشروع تونس,ARP-2014,unknown,2016-12-13,2017-07-05
TNP-00881,BLC-1eb74c1905cc,الجبهة الشعبية,ARP-2014,unknown,2015-03-06,2019-10-05
TNP-00264,BLC-592be052778e,الكتلة الإجتماعية الديمقراطية,ARP-2014,unknown,2015-03-06,2016-09-16
TNP-00500,BLC-889c30eade24,حركة النهضة,ARP-2014,unknown,2015-03-06,2019-10-05
TNP-00882,BLC-b8bc88af5d92,حركة نداء تونس,ARP-2014,unknown,2015-03-06,2016-02-08
TNP-00882,BLC-b62977f0e44d,الكتلة الحرّة,ARP-2014,unknown,2016-02-08,2016-12-13
TNP-00882,BLC-8b5102d2fd97,كتلة الحرّة لحركة مشروع تونس,ARP-2014,unknown,2016-12-13,2019-10-05
TNP-00267,BLC-889c30eade24,حركة النهضة,ARP-2014,unknown,2015-03-06,2019-10-05
TNP-00883,BLC-b8bc88af5d92,حركة نداء تونس,ARP-2014,unknown,2017-04-28,2019-10-05
TNP-00884,BLC-889c30eade24,حركة النهضة,ARP-2014,unknown,2015-03-06,2019-10-05
TNP-00885,BLC-2593809b7dc2,الإتحاد الوطني الحر,ARP-2014,unknown,2015-03-06,2018-10-12
TNP-00885,BLC-66eb1e512f8a,الائتلاف الوطني,ARP-2014,unknown,2018-10-12,2019-05-08
TNP-00885,BLC-d44a7a7102c2,غير المنتمين,ARP-2014,unknown,2019-05-08,2019-10-05
TNP-00886,BLC-e3aba10fae18,آفاق تونس,ARP-2014,unknown,2015-03-06,2016-02-08
TNP-00886,BLC-c1c18f25656f,آفاق تونس والحركة الوطنية ونداء التونسيين بالخارج,ARP-2014,unknown,2016-02-08,2017-04-28
TNP-00886,BLC-8e101f3e5c9d,آفاق تونس ونداء التونسيين بالخارج,ARP-2014,unknown,2017-04-28,2018-10-12
TNP-00886,BLC-66eb1e512f8a,الائتلاف الوطني,ARP-2014,unknown,2018-10-12,2019-10-05
TNP-00887,BLC-889c30eade24,حركة النهضة,ARP-2014,unknown,2015-03-06,2019-10-05
TNP-00888,BLC-b8bc88af5d92,حركة نداء تونس,ARP-2014,unknown,2015-03-06,2019-10-05
TNP-00889,BLC-d44a7a7102c2,غير المنتمين,ARP-2014,unknown,2015-03-06,2016-02-08
TNP-00889,BLC-592be052778e,الكتلة الإجتماعية الديمقراطية,ARP-2014,unknown,2016-02-08,2016-11-19
TNP-00889,BLC-d44a7a7102c2,غير المنتمين,ARP-2014,unknown,2016-11-19,2017-12-30
TNP-00889,BLC-de77eb4f8164,الكتلة الديمقراطية,ARP-2014,unknown,2017-12-30,2019-10-05
TNP-00890,BLC-b8bc88af5d92,حركة نداء تونس,ARP-2014,unknown,2015-03-06,2019-10-05
TNP-00891,BLC-b8bc88af5d92,حركة نداء تونس,ARP-2014,unknown,2015-03-06,2016-02-08
TNP-00891,BLC-b62977f0e44d,الكتلة الحرّة,ARP-2014,unknown,2016-02-08,2016-07-15
TNP-00891,BLC-b8bc88af5d92,حركة نداء تونس,ARP-2014,unknown,2016-07-15,2019-05-08
TNP-00891,BLC-a26d44c82424,الائتلاف الوطني,ARP-2014,unknown,2019-05-08,2019-10-05
TNP-00892,BLC-b8bc88af5d92,حركة نداء تونس,ARP-2014,unknown,2015-03-06,2019-10-05
TNP-00893,BLC-889c30eade24,حركة النهضة,ARP-2014,unknown,2015-03-06,2019-10-05
TNP-00894,BLC-e3aba10fae18,آفاق تونس,ARP-2014,unknown,2015-03-06,2016-02-08
TNP-00894,BLC-c1c18f25656f,آفاق تونس والحركة الوطنية ونداء التونسيين بالخارج,ARP-2014,unknown,2016-02-08,2017-04-28
TNP-00894,BLC-8e101f3e5c9d,آفاق تونس ونداء التونسيين بالخارج,ARP-2014,unknown,2017-04-28,2018-10-12
TNP-00894,BLC-d44a7a7102c2,غير المنتمين,ARP-2014,unknown,2018-10-12,2019-05-08
TNP-00894,BLC-a26d44c82424,الائتلاف الوطني,ARP-2014,unknown,2019-05-08,2019-10-05
TNP-00895,BLC-b8bc88af5d92,حركة نداء تونس,ARP-2014,unknown,2015-03-06,2018-10-12
TNP-00895,BLC-92c2c402d566,كتلة الولاء للوطن,ARP-2014,unknown,2018-10-12,2019-05-08
TNP-00895,BLC-8b5102d2fd97,كتلة الحرّة لحركة مشروع تونس,ARP-2014,unknown,2019-05-08,2019-10-05
TNP-00896,BLC-b8bc88af5d92,حركة نداء تونس,ARP-2014,unknown,2015-03-06,2018-10-12
TNP-00896,BLC-66eb1e512f8a,الائتلاف الوطني,ARP-2014,unknown,2018-10-12,2019-10-05
TNP-00897,BLC-889c30eade24,حركة النهضة,ARP-2014,unknown,2015-03-06,2019-10-05
TNP-00276,BLC-b8bc88af5d92,حركة نداء تونس,ARP-2014,unknown,2015-03-06,2017-12-30
TNP-00898,BLC-889c30eade24,حركة النهضة,ARP-2014,unknown,2015-03-06,2019-10-05
TNP-00900,BLC-889c30eade24,حركة النهضة,ARP-2014,unknown,2015-03-06,2019-10-05
TNP-00901,BLC-889c30eade24,حركة النهضة,ARP-2014,unknown,2015-03-06,2019-10-05
TNP-00902,BLC-b8bc88af5d92,حركة نداء تونس,ARP-2014,unknown,2015-03-06,2016-02-08
TNP-00902,BLC-b62977f0e44d,الكتلة الحرّة,ARP-2014,unknown,2016-02-08,2016-12-13
TNP-00902,BLC-8b5102d2fd97,كتلة الحرّة لحركة مشروع تونس,ARP-2014,unknown,2016-12-13,2019-10-05
TNP-00903,BLC-b8bc88af5d92,حركة نداء تونس,ARP-2014,unknown,2016-11-19,2016-12-13
TNP-00904,BLC-b8bc88af5d92,حركة نداء تونس,ARP-2014,unknown,2015-03-06,2016-02-08
TNP-00904,BLC-b62977f0e44d,الكتلة الحرّة,ARP-2014,unknown,2016-02-08,2016-07-15
TNP-00904,BLC-b8bc88af5d92,حركة نداء تونس,ARP-2014,unknown,2016-07-15,2018-10-12
TNP-00904,BLC-66eb1e512f8a,الائتلاف الوطني,ARP-2014,unknown,2018-10-12,2019-10-05
TNP-00905,BLC-b8bc88af5d92,حركة نداء تونس,ARP-2014,unknown,2015-03-06,2019-10-05
TNP-00906,BLC-b8bc88af5d92,حركة نداء تونس,ARP-2014,unknown,2015-03-06,2019-05-08
TNP-00906,BLC-a26d44c82424,الائتلاف الوطني,ARP-2014,unknown,2019-05-08,2019-10-05
TNP-00907,BLC-889c30eade24,حركة النهضة,ARP-2014,unknown,2015-03-06,2019-10-05
TNP-00908,BLC-b8bc88af5d92,حركة نداء تونس,ARP-2014,unknown,2015-03-06,2016-04-12
TNP-00908,BLC-b62977f0e44d,الكتلة الحرّة,ARP-2014,unknown,2016-04-12,2016-12-13
TNP-00908,BLC-8b5102d2fd97,كتلة الحرّة لحركة مشروع تونس,ARP-2014,unknown,2016-12-13,2019-10-05
TNP-00285,BLC-889c30eade24,حركة النهضة,ARP-2014,unknown,2015-03-06,2019-10-05
TNP-00909,BLC-2593809b7dc2,الإتحاد الوطني الحر,ARP-2014,unknown,2015-03-06,2016-09-16
TNP-00909,BLC-d44a7a7102c2,غير المنتمين,ARP-2014,unknown,2016-09-16,2016-09-16
TNP-00910,BLC-b8bc88af5d92,حركة نداء تونس,ARP-2014,unknown,2015-03-06,2018-10-12
TNP-00910,BLC-66eb1e512f8a,الائتلاف الوطني,ARP-2014,unknown,2018-10-12,2019-10-05
TNP-00911,BLC-b8bc88af5d92,حركة نداء تونس,ARP-2014,unknown,2015-03-06,2016-02-08
TNP-00911,BLC-b62977f0e44d,الكتلة الحرّة,ARP-2014,unknown,2016-02-08,2016-12-13
TNP-00911,BLC-d44a7a7102c2,غير المنتمين,ARP-2014,unknown,2016-12-13,2017-05-29
TNP-00911,BLC-652eee77ed87,الكتلة الوطنية,ARP-2014,unknown,2017-05-29,2018-10-12
TNP-00911,BLC-d44a7a7102c2,غير المنتمين,ARP-2014,unknown,2018-10-12,2019-10-05
TNP-00912,BLC-b8bc88af5d92,حركة نداء تونس,ARP-2014,unknown,2015-03-06,2019-10-05
TNP-00289,BLC-1eb74c1905cc,الجبهة الشعبية,ARP-2014,unknown,2015-03-06,2019-10-05
TNP-00913,BLC-889c30eade24,حركة النهضة,ARP-2014,unknown,2015-03-06,2019-10-05
TNP-00914,BLC-b8bc88af5d92,حركة نداء تونس,ARP-2014,unknown,2015-03-06,2019-10-05
TNP-00915,BLC-1eb74c1905cc,الجبهة الشعبية,ARP-2014,unknown,2015-03-06,2019-10-05
TNP-00295,BLC-b8bc88af5d92,حركة نداء تونس,ARP-2014,unknown,2015-03-06,2016-02-08
TNP-00295,BLC-b62977f0e44d,الكتلة الحرّة,ARP-2014,unknown,2016-02-08,2016-12-13
TNP-00295,BLC-8b5102d2fd97,كتلة الحرّة لحركة مشروع تونس,ARP-2014,unknown,2016-12-13,2017-04-28
TNP-00295,BLC-d44a7a7102c2,غير المنتمين,ARP-2014,unknown,2017-04-28,2017-05-29
TNP-00295,BLC-652eee77ed87,الكتلة الوطنية,ARP-2014,unknown,2017-05-29,2018-10-12
TNP-00295,BLC-66eb1e512f8a,الائتلاف الوطني,ARP-2014,unknown,2018-10-12,2019-10-05
TNP-00145,BLC-592be052778e,الكتلة الإجتماعية الديمقراطية,ARP-2014,unknown,2015-03-06,2016-07-15
TNP-00145,BLC-d44a7a7102c2,غير المنتمين,ARP-2014,unknown,2016-07-15,2016-08-15
TNP-00145,BLC-b8bc88af5d92,حركة نداء تونس,ARP-2014,unknown,2016-08-15,2017-04-28
TNP-00145,BLC-d44a7a7102c2,غير المنتمين,ARP-2014,unknown,2017-04-28,2017-07-05
TNP-00145,BLC-8b5102d2fd97,كتلة الحرّة لحركة مشروع تونس,ARP-2014,unknown,2017-07-05,2018-10-12
TNP-00145,BLC-66eb1e512f8a,الائتلاف الوطني,ARP-2014,unknown,2018-10-12,2019-10-05
TNP-00916,BLC-889c30eade24,حركة النهضة,ARP-2014,unknown,2015-03-06,2017-12-30
TNP-00916,BLC-d44a7a7102c2,غير المنتمين,ARP-2014,unknown,2017-12-30,2018-10-12
TNP-00916,BLC-92c2c402d566,كتلة الولاء للوطن,ARP-2014,unknown,2018-10-12,2019-10-05
TNP-00917,BLC-b8bc88af5d92,حركة نداء تونس,ARP-2014,unknown,2015-03-06,2016-02-08
TNP-00917,BLC-b62977f0e44d,الكتلة الحرّة,ARP-2014,unknown,2016-02-08,2016-12-13
TNP-00917,BLC-8b5102d2fd97,كتلة الحرّة لحركة مشروع تونس,ARP-2014,unknown,2016-12-13,2019-10-05
TNP-00918,BLC-b8bc88af5d92,حركة نداء تونس,ARP-2014,unknown,2015-03-06,2017-04-28
TNP-00918,BLC-d44a7a7102c2,غير المنتمين,ARP-2014,unknown,2017-04-28,2017-05-29
TNP-00918,BLC-652eee77ed87,الكتلة الوطنية,ARP-2014,unknown,2017-05-29,2018-10-12
TNP-00918,BLC-66eb1e512f8a,الائتلاف الوطني,ARP-2014,unknown,2018-10-12,2019-10-05
TNP-00919,BLC-b8bc88af5d92,حركة نداء تونس,ARP-2014,unknown,2015-03-06,2019-10-05
TNP-00299,BLC-889c30eade24,حركة النهضة,ARP-2014,unknown,2015-03-06,2019-10-05
TNP-00920,BLC-b8bc88af5d92,حركة نداء تونس,ARP-2014,unknown,2015-03-06,2019-10-05
TNP-00301,BLC-889c30eade24,حركة النهضة,ARP-2014,unknown,2015-03-06,2019-10-05
TNP-00303,BLC-8b5102d2fd97,كتلة الحرّة لحركة مشروع تونس,ARP-2014,unknown,2018-10-12,2019-10-05
TNP-00921,BLC-1eb74c1905cc,الجبهة الشعبية,ARP-2014,unknown,2015-03-06,2019-10-05
TNP-00305,BLC-d44a7a7102c2,غير المنتمين,ARP-2014,unknown,2015-03-06,2016-11-19
TNP-00305,BLC-de77eb4f8164,الكتلة الديمقراطية,ARP-2014,unknown,2016-11-19,2019-10-05
TNP-00922,BLC-b8bc88af5d92,حركة نداء تونس,ARP-2014,unknown,2015-08-01,2019-10-05
TNP-00923,BLC-2593809b7dc2,الإتحاد الوطني الحر,ARP-2014,unknown,2015-03-06,2016-04-12
TNP-00923,BLC-d44a7a7102c2,غير المنتمين,ARP-2014,unknown,2016-04-12,2016-05-14
TNP-00923,BLC-b8bc88af5d92,حركة نداء تونس,ARP-2014,unknown,2016-05-14,2016-11-19
TNP-00923,BLC-d44a7a7102c2,غير المنتمين,ARP-2014,unknown,2016-11-19,2017-04-28
TNP-00923,BLC-8b5102d2fd97,كتلة الحرّة لحركة مشروع تونس,ARP-2014,unknown,2017-04-28,2017-12-30
TNP-00923,BLC-d44a7a7102c2,غير المنتمين,ARP-2014,unknown,2017-12-30,2018-10-12
TNP-00923,BLC-92c2c402d566,كتلة الولاء للوطن,ARP-2014,unknown,2018-10-12,2019-10-05
TNP-00309,BLC-889c30eade24,حركة النهضة,ARP-2014,unknown,2015-03-06,2019-10-05
TNP-00544,BLC-2593809b7dc2,الإتحاد الوطني الحر,ARP-2014,unknown,2015-03-06,2018-10-12
TNP-00544,BLC-66eb1e512f8a,الائتلاف الوطني,ARP-2014,unknown,2018-10-12,2019-05-08
TNP-00544,BLC-b8bc88af5d92,حركة نداء تونس,ARP-2014,unknown,2019-05-08,2019-10-05
TNP-00924,BLC-d44a7a7102c2,غير المنتمين,ARP-2014,unknown,2015-03-06,2016-02-08
TNP-00924,BLC-c1c18f25656f,آفاق تونس والحركة الوطنية ونداء التونسيين بالخارج,ARP-2014,unknown,2016-02-08,2017-04-28
TNP-00924,BLC-8e101f3e5c9d,آفاق تونس ونداء التونسيين بالخارج,ARP-2014,unknown,2017-04-28,2018-10-12
TNP-00924,BLC-66eb1e512f8a,الائتلاف الوطني,ARP-2014,unknown,2018-10-12,2019-10-05
TNP-00925,BLC-2593809b7dc2,الإتحاد الوطني الحر,ARP-2014,unknown,2016-03-10,2018-10-12
TNP-00925,BLC-66eb1e512f8a,الائتلاف الوطني,ARP-2014,unknown,2018-10-12,2019-05-08
TNP-00925,BLC-b8bc88af5d92,حركة نداء تونس,ARP-2014,unknown,2019-05-08,2019-10-05
TNP-00926,BLC-b8bc88af5d92,حركة نداء تونس,ARP-2014,unknown,2015-03-06,2016-04-12
TNP-00926,BLC-d44a7a7102c2,غير المنتمين,ARP-2014,unknown,2016-04-12,2019-10-05
TNP-00927,BLC-b8bc88af5d92,حركة نداء تونس,ARP-2014,unknown,2015-03-06,2019-10-05
TNP-00375,BLC-889c30eade24,حركة النهضة,ARP-2014,unknown,2015-03-06,2017-07-05
TNP-00928,BLC-889c30eade24,حركة النهضة,ARP-2014,unknown,2017-12-30,2019-10-05
TNP-00929,BLC-b8bc88af5d92,حركة نداء تونس,ARP-2014,unknown,2015-03-06,2016-02-08
TNP-00929,BLC-b62977f0e44d,الكتلة الحرّة,ARP-2014,unknown,2016-02-08,2016-12-13
TNP-00929,BLC-8b5102d2fd97,كتلة الحرّة لحركة مشروع تونس,ARP-2014,unknown,2016-12-13,2019-10-05
TNP-00930,BLC-889c30eade24,حركة النهضة,ARP-2014,unknown,2015-03-06,2019-10-05
TNP-00931,BLC-889c30eade24,حركة النهضة,ARP-2014,unknown,2015-03-06,2019-10-05
TNP-00111,BLC-d44a7a7102c2,غير المنتمين,ARP-2014,unknown,2015-03-06,2016-02-08
TNP-00111,BLC-c1c18f25656f,آفاق تونس والحركة الوطنية ونداء التونسيين بالخارج,ARP-2014,unknown,2016-02-08,2017-04-28
TNP-00111,BLC-8e101f3e5c9d,آفاق تونس ونداء التونسيين بالخارج,ARP-2014,unknown,2017-04-28,2018-10-12
TNP-00111,BLC-92c2c402d566,كتلة الولاء للوطن,ARP-2014,unknown,2018-10-12,2019-10-05
TNP-00932,BLC-e3aba10fae18,آفاق تونس,ARP-2014,unknown,2015-03-06,2016-02-08
TNP-00932,BLC-c1c18f25656f,آفاق تونس والحركة الوطنية ونداء التونسيين بالخارج,ARP-2014,unknown,2016-02-08,2016-09-16
TNP-00932,BLC-d44a7a7102c2,غير المنتمين,ARP-2014,unknown,2016-09-16,2016-09-16
TNP-00319,BLC-b8bc88af5d92,حركة نداء تونس,ARP-2014,unknown,2015-03-06,2019-10-05
TNP-00115,BLC-d44a7a7102c2,غير المنتمين,ARP-2014,unknown,2015-03-06,2016-11-19
TNP-00115,BLC-de77eb4f8164,الكتلة الديمقراطية,ARP-2014,unknown,2016-11-19,2019-10-05
TNP-00933,BLC-2593809b7dc2,الإتحاد الوطني الحر,ARP-2014,unknown,2015-03-06,2016-05-14
TNP-00933,BLC-b8bc88af5d92,حركة نداء تونس,ARP-2014,unknown,2016-05-14,2018-10-12
TNP-00933,BLC-66eb1e512f8a,الائتلاف الوطني,ARP-2014,unknown,2018-10-12,2019-05-08
TNP-00933,BLC-d44a7a7102c2,غير المنتمين,ARP-2014,unknown,2019-05-08,2019-10-05
TNP-00430,BLC-e3aba10fae18,آفاق تونس,ARP-2014,unknown,2015-03-06,2016-02-08
TNP-00430,BLC-c1c18f25656f,آفاق تونس والحركة الوطنية ونداء التونسيين بالخارج,ARP-2014,unknown,2016-02-08,2017-04-28
TNP-00430,BLC-8e101f3e5c9d,آفاق تونس ونداء التونسيين بالخارج,ARP-2014,unknown,2017-04-28,2018-10-12
TNP-00430,BLC-d44a7a7102c2,غير المنتمين,ARP-2014,unknown,2018-10-12,2019-05-08
TNP-00430,BLC-92c2c402d566,كتلة الولاء للوطن,ARP-2014,unknown,2019-05-08,2019-10-05
TNP-00429,BLC-d44a7a7102c2,غير المنتمين,ARP-2014,unknown,2015-03-06,2016-02-08
TNP-00429,BLC-592be052778e,الكتلة الإجتماعية الديمقراطية,ARP-2014,unknown,2016-02-08,2016-11-19
TNP-00429,BLC-d44a7a7102c2,غير المنتمين,ARP-2014,unknown,2016-11-19,2017-12-30
TNP-00429,BLC-de77eb4f8164,الكتلة الديمقراطية,ARP-2014,unknown,2017-12-30,2019-10-05
TNP-00934,BLC-d44a7a7102c2,غير المنتمين,ARP-2014,unknown,2015-03-06,2016-11-19
TNP-00934,BLC-de77eb4f8164,الكتلة الديمقراطية,ARP-2014,unknown,2016-11-19,2019-10-05
TNP-00935,BLC-b8bc88af5d92,حركة نداء تونس,ARP-2014,unknown,2015-03-06,2016-04-12
TNP-00935,BLC-d44a7a7102c2,غير المنتمين,ARP-2014,unknown,2016-04-12,2016-07-15
TNP-00935,BLC-b8bc88af5d92,حركة نداء تونس,ARP-2014,unknown,2016-07-15,2017-07-05
TNP-00935,BLC-652eee77ed87,الكتلة الوطنية,ARP-2014,unknown,2017-07-05,2018-10-12
TNP-00935,BLC-66eb1e512f8a,الائتلاف الوطني,ARP-2014,unknown,2018-10-12,2019-10-05
TNP-00936,BLC-889c30eade24,حركة النهضة,ARP-2014,unknown,2015-03-06,2019-10-05
TNP-00324,BLC-889c30eade24,حركة النهضة,ARP-2014,unknown,2015-03-06,2019-10-05
TNP-00937,BLC-b8bc88af5d92,حركة نداء تونس,ARP-2014,unknown,2015-03-06,2016-02-08
TNP-00937,BLC-b62977f0e44d,الكتلة الحرّة,ARP-2014,unknown,2016-02-08,2016-12-13
TNP-00937,BLC-8b5102d2fd97,كتلة الحرّة لحركة مشروع تونس,ARP-2014,unknown,2016-12-13,2018-10-12
TNP-00937,BLC-66eb1e512f8a,الائتلاف الوطني,ARP-2014,unknown,2018-10-12,2019-10-05
TNP-00939,BLC-b8bc88af5d92,حركة نداء تونس,ARP-2014,unknown,2015-03-06,2016-02-08
TNP-00939,BLC-b62977f0e44d,الكتلة الحرّة,ARP-2014,unknown,2016-02-08,2016-12-13
TNP-00939,BLC-8b5102d2fd97,كتلة الحرّة لحركة مشروع تونس,ARP-2014,unknown,2016-12-13,2019-10-05
TNP-00940,BLC-b8bc88af5d92,حركة نداء تونس,ARP-2014,unknown,2015-03-06,2017-04-28
TNP-00940,BLC-d44a7a7102c2,غير المنتمين,ARP-2014,unknown,2017-04-28,2017-04-28
TNP-00328,BLC-d44a7a7102c2,غير المنتمين,ARP-2014,unknown,2015-03-06,2016-11-19
TNP-00328,BLC-de77eb4f8164,الكتلة الديمقراطية,ARP-2014,unknown,2016-11-19,2019-10-05
TNP-00942,BLC-b8bc88af5d92,حركة نداء تونس,ARP-2014,unknown,2015-03-06,2016-02-08
TNP-00942,BLC-b62977f0e44d,الكتلة الحرّة,ARP-2014,unknown,2016-02-08,2016-12-13
TNP-00942,BLC-8b5102d2fd97,كتلة الحرّة لحركة مشروع تونس,ARP-2014,unknown,2016-12-13,2018-10-12
TNP-00942,BLC-b8bc88af5d92,حركة نداء تونس,ARP-2014,unknown,2018-10-12,2019-10-05
TNP-00331,BLC-b8bc88af5d92,حركة نداء تونس,ARP-2014,unknown,2015-03-06,2019-10-05
TNP-00943,BLC-889c30eade24,حركة النهضة,ARP-2014,unknown,2015-03-06,2019-10-05
TNP-00332,BLC-d44a7a7102c2,غير المنتمين,ARP-2014,unknown,2015-03-06,2016-11-19
TNP-00332,BLC-de77eb4f8164,الكتلة الديمقراطية,ARP-2014,unknown,2016-11-19,2019-10-05
TNP-00333,BLC-889c30eade24,حركة النهضة,ARP-2014,unknown,2015-03-06,2019-10-05
TNP-00445,BLC-889c30eade24,حركة النهضة,ARP-2014,unknown,2015-03-06,2019-10-05
TNP-00944,BLC-b8bc88af5d92,حركة نداء تونس,ARP-2014,unknown,2015-03-06,2018-10-12
TNP-00944,BLC-66eb1e512f8a,الائتلاف الوطني,ARP-2014,unknown,2018-10-12,2019-10-05
TNP-00340,BLC-889c30eade24,حركة النهضة,ARP-2014,unknown,2015-03-06,2016-09-16
TNP-00945,BLC-889c30eade24,حركة النهضة,ARP-2014,unknown,2015-03-06,2019-10-05
TNP-00345,BLC-b8bc88af5d92,حركة نداء تونس,ARP-2014,unknown,2015-03-06,2019-10-05
TNP-00946,BLC-1eb74c1905cc,الجبهة الشعبية,ARP-2014,unknown,2015-03-06,2019-10-05
TNP-00947,BLC-b8bc88af5d92,حركة نداء تونس,ARP-2014,unknown,2015-03-06,2017-12-30
TNP-00947,BLC-652eee77ed87,الكتلة الوطنية,ARP-2014,unknown,2017-12-30,2018-10-12
TNP-00947,BLC-66eb1e512f8a,الائتلاف الوطني,ARP-2014,unknown,2018-10-12,2019-10-05
TNP-00948,BLC-b8bc88af5d92,حركة نداء تونس,ARP-2014,unknown,2015-03-06,2016-02-08
TNP-00948,BLC-b62977f0e44d,الكتلة الحرّة,ARP-2014,unknown,2016-02-08,2016-12-13
TNP-00948,BLC-8b5102d2fd97,كتلة الحرّة لحركة مشروع تونس,ARP-2014,unknown,2016-12-13,2018-10-12
TNP-00948,BLC-66eb1e512f8a,الائتلاف الوطني,ARP-2014,unknown,2018-10-12,2019-10-05
TNP-00553,BLC-889c30eade24,حركة النهضة,ARP-2014,unknown,2015-03-06,2019-10-05
TNP-00949,BLC-2593809b7dc2,الإتحاد الوطني الحر,ARP-2014,unknown,2015-03-06,2016-11-19
TNP-00949,BLC-b8bc88af5d92,حركة نداء تونس,ARP-2014,unknown,2016-11-19,2019-05-08
TNP-00949,BLC-a26d44c82424,الائتلاف الوطني,ARP-2014,unknown,2019-05-08,2019-10-05
TNP-00950,BLC-b8bc88af5d92,حركة نداء تونس,ARP-2014,unknown,2015-03-06,2017-07-05
TNP-00951,BLC-b8bc88af5d92,حركة نداء تونس,ARP-2014,unknown,2015-03-06,2019-10-05
TNP-00952,BLC-2593809b7dc2,الإتحاد الوطني الحر,ARP-2014,unknown,2015-03-06,2018-10-12
TNP-00952,BLC-92c2c402d566,كتلة الولاء للوطن,ARP-2014,unknown,2018-10-12,2019-10-05
TNP-00953,BLC-b8bc88af5d92,حركة نداء تونس,ARP-2014,unknown,2016-01-08,2016-02-08
TNP-00953,BLC-b62977f0e44d,الكتلة الحرّة,ARP-2014,unknown,2016-02-08,2016-12-13
TNP-00953,BLC-8b5102d2fd97,كتلة الحرّة لحركة مشروع تونس,ARP-2014,unknown,2016-12-13,2019-10-05
TNP-00954,BLC-1eb74c1905cc,الجبهة الشعبية,ARP-2014,unknown,2015-03-06,2019-10-05
TNP-00350,BLC-2593809b7dc2,الإتحاد الوطني الحر,ARP-2014,unknown,2015-03-06,2018-10-12
TNP-00350,BLC-66eb1e512f8a,الائتلاف الوطني,ARP-2014,unknown,2018-10-12,2019-05-08
TNP-00350,BLC-d44a7a7102c2,غير المنتمين,ARP-2014,unknown,2019-05-08,2019-10-05
TNP-00354,BLC-889c30eade24,حركة النهضة,ARP-2014,unknown,2015-03-06,2019-10-05
TNP-00956,BLC-b8bc88af5d92,حركة نداء تونس,ARP-2014,unknown,2015-03-06,2019-10-05
TNP-00957,BLC-889c30eade24,حركة النهضة,ARP-2014,unknown,2015-03-06,2019-10-05
TNP-00355,BLC-b8bc88af5d92,حركة نداء تونس,ARP-2014,unknown,2015-03-06,2016-02-08
TNP-00355,BLC-b62977f0e44d,الكتلة الحرّة,ARP-2014,unknown,2016-02-08,2016-12-13
TNP-00355,BLC-d44a7a7102c2,غير المنتمين,ARP-2014,unknown,2016-12-13,2017-05-29
TNP-00355,BLC-652eee77ed87,الكتلة الوطنية,ARP-2014,unknown,2017-05-29,2018-10-12
TNP-00355,BLC-66eb1e512f8a,الائتلاف الوطني,ARP-2014,unknown,2018-10-12,2019-10-05
TNP-00357,BLC-889c30eade24,حركة النهضة,ARP-2014,unknown,2015-03-06,2019-10-05
TNP-00358,BLC-d44a7a7102c2,غير المنتمين,ARP-2014,unknown,2018-10-12,2019-10-05
TNP-00959,BLC-2593809b7dc2,الإتحاد الوطني الحر,ARP-2014,unknown,2015-03-06,2016-04-12
TNP-00959,BLC-d44a7a7102c2,غير المنتمين,ARP-2014,unknown,2016-04-12,2016-05-14
TNP-00959,BLC-b8bc88af5d92,حركة نداء تونس,ARP-2014,unknown,2016-05-14,2017-12-30
TNP-00959,BLC-d44a7a7102c2,غير المنتمين,ARP-2014,unknown,2017-12-30,2018-10-12
TNP-00959,BLC-66eb1e512f8a,الائتلاف الوطني,ARP-2014,unknown,2018-10-12,2019-05-08
TNP-00959,BLC-b8bc88af5d92,حركة نداء تونس,ARP-2014,unknown,2019-05-08,2019-10-05
TNP-00361,BLC-889c30eade24,حركة النهضة,ARP-2014,unknown,2015-03-06,2019-10-05
TNP-00960,BLC-1eb74c1905cc,الجبهة الشعبية,ARP-2014,unknown,2015-03-06,2019-10-05
TNP-00961,BLC-b8bc88af5d92,حركة نداء تونس,ARP-2014,unknown,2015-03-06,2018-10-12
TNP-00961,BLC-66eb1e512f8a,الائتلاف الوطني,ARP-2014,unknown,2018-10-12,2019-10-05
TNP-00365,BLC-d44a7a7102c2,غير المنتمين,ARP-2014,unknown,2015-03-06,2016-11-19
TNP-00365,BLC-de77eb4f8164,الكتلة الديمقراطية,ARP-2014,unknown,2016-11-19,2019-10-05
TNP-00962,BLC-889c30eade24,حركة النهضة,ARP-2014,unknown,2016-11-19,2019-10-05
TNP-00963,BLC-889c30eade24,حركة النهضة,ARP-2014,unknown,2015-03-06,2016-10-17
